condition,fold,seed,run_id,round_id,selection_order,variant_id,variant,mutation_notation,mutation_count,wet_fitness,fitness_mean,fitness_std,dry_wet_gap,acquisition_score,knowledge_score,design_score,selection_driver,hypothesis_id,reason,rethink_verdict,rethink_summary,evidence_count,evidence_ids,evidence_type,evidence_channel,evidence_source_group,evidence_quality_status,evidence_statement,run_path,selection_arm,preferred_position_matches,all_positions_match,also_selected_by_base,rag_claim_citation_count
kg_base_rag,0,11,knowledge_agent-s11-f00-GB1-hierarchical-kg_base_rag-f00-20260820T215844674788Z,1,1,sha256:335a9f68d105e1b2c741b6ced91d700d8ae50342735fa341a98379ae87245479,IWGV,V39I;D40W,2,3.72027820633,3.55763173103,0.524870932102,-0.162646475297,2.5280355439,0.421284590154,2.5280355439,kg_llm_uq,H01-00,"hypothesis=1.000; evidence=0.421; temporal_prior=0.000; gp_coverage_uncertainty=1.672; predictor_component=0.000; fitness_predictors_enabled=False; hypotheses_considered=1 Critic: The batch directly tests the hypothesis by enriching position-40 aromatic/hydrophobic residues with position-41 G and including position-39 or position-54 variants. Deterministic validation found no conflicts. Controls S09 and S10 are matched and intentionally violate soft preferences, which is permitted. Diversity threshold is satisfied. Falsification spec is executable with clear comparator and missing-data policy. All evidence IDs are within the allowed universe.",support,Revealed value 3.72 versus visible baseline 0.1079; eight dimensions reviewed.,1,"[""E1:kg:sha256:335a9f68d105e1b2c741b6ced91d700d8ae50342735fa341a98379ae87245479""]",measured_aggregate,kg,unknown,ok,context-bound residue observation score=0.421; support=4,artifacts/hierarchical-scientist-kg_base_kg_base_rag_kg_base_al/runs/knowledge_agent-s11-f00-GB1-hierarchical-kg_base_rag-f00-20260820T215844674788Z,hypothesis_target,4,True,False,1
kg_base_rag,0,11,knowledge_agent-s11-f00-GB1-hierarchical-kg_base_rag-f00-20260820T215844674788Z,1,2,sha256:f76dde0b09a70424006fc41e57e7585914152be6586fbe95e7f63f7dde771b00,LWGV,V39L;D40W,2,4.04596052161,3.56854867935,0.521978855133,-0.477411842258,2.48981053215,0.388045441273,2.48981053215,kg_llm_uq,H01-00,"hypothesis=1.000; evidence=0.388; temporal_prior=0.000; gp_coverage_uncertainty=1.650; predictor_component=0.000; fitness_predictors_enabled=False; hypotheses_considered=1 Critic: The batch directly tests the hypothesis by enriching position-40 aromatic/hydrophobic residues with position-41 G and including position-39 or position-54 variants. Deterministic validation found no conflicts. Controls S09 and S10 are matched and intentionally violate soft preferences, which is permitted. Diversity threshold is satisfied. Falsification spec is executable with clear comparator and missing-data policy. All evidence IDs are within the allowed universe.",support,Revealed value 4.046 versus visible baseline 0.1079; eight dimensions reviewed.,1,"[""E1:kg:sha256:f76dde0b09a70424006fc41e57e7585914152be6586fbe95e7f63f7dde771b00""]",measured_aggregate,kg,unknown,ok,context-bound residue observation score=0.388; support=3,artifacts/hierarchical-scientist-kg_base_kg_base_rag_kg_base_al/runs/knowledge_agent-s11-f00-GB1-hierarchical-kg_base_rag-f00-20260820T215844674788Z,hypothesis_target,4,True,False,1
kg_base_rag,0,11,knowledge_agent-s11-f00-GB1-hierarchical-kg_base_rag-f00-20260820T215844674788Z,1,3,sha256:84edffd46cf58545dc887d21540771c0ef3b7db438daa8c07f982f06c3d41b58,IWGA,V39I;D40W;V54A,3,2.34593175792,2.40735673904,0.765517652035,0.0614249811242,2.16889795513,0.390415493101,2.16889795513,kg_llm_uq,H01-00,"hypothesis=1.000; evidence=0.390; temporal_prior=0.000; gp_coverage_uncertainty=1.220; predictor_component=0.000; fitness_predictors_enabled=False; hypotheses_considered=1 Critic: The batch directly tests the hypothesis by enriching position-40 aromatic/hydrophobic residues with position-41 G and including position-39 or position-54 variants. Deterministic validation found no conflicts. Controls S09 and S10 are matched and intentionally violate soft preferences, which is permitted. Diversity threshold is satisfied. Falsification spec is executable with clear comparator and missing-data policy. All evidence IDs are within the allowed universe.",support,Revealed value 2.346 versus visible baseline 0.1079; eight dimensions reviewed.,1,"[""E1:kg:sha256:84edffd46cf58545dc887d21540771c0ef3b7db438daa8c07f982f06c3d41b58""]",measured_aggregate,kg,unknown,ok,context-bound residue observation score=0.390; support=6,artifacts/hierarchical-scientist-kg_base_kg_base_rag_kg_base_al/runs/knowledge_agent-s11-f00-GB1-hierarchical-kg_base_rag-f00-20260820T215844674788Z,hypothesis_target,4,True,True,1
kg_base_rag,0,11,knowledge_agent-s11-f00-GB1-hierarchical-kg_base_rag-f00-20260820T215844674788Z,1,4,sha256:dd63966b253acc832fc7f9c13bb134d06080e91bbab94c62bd2d80ffadf70bde,CYGC,V39C;D40Y;V54C,3,3.56847515585,2.6862411499,0.749389350414,-0.882234005948,2.11850230109,0.58784795044,2.11850230109,kg_llm_uq,H01-00,"hypothesis=1.000; evidence=0.588; temporal_prior=0.000; gp_coverage_uncertainty=0.982; predictor_component=0.000; fitness_predictors_enabled=False; hypotheses_considered=1 Critic: The batch directly tests the hypothesis by enriching position-40 aromatic/hydrophobic residues with position-41 G and including position-39 or position-54 variants. Deterministic validation found no conflicts. Controls S09 and S10 are matched and intentionally violate soft preferences, which is permitted. Diversity threshold is satisfied. Falsification spec is executable with clear comparator and missing-data policy. All evidence IDs are within the allowed universe.",support,Revealed value 3.568 versus visible baseline 0.1079; eight dimensions reviewed.,1,"[""E1:kg:sha256:dd63966b253acc832fc7f9c13bb134d06080e91bbab94c62bd2d80ffadf70bde""]",measured_aggregate,kg,unknown,ok,context-bound residue observation score=0.588; support=6,artifacts/hierarchical-scientist-kg_base_kg_base_rag_kg_base_al/runs/knowledge_agent-s11-f00-GB1-hierarchical-kg_base_rag-f00-20260820T215844674788Z,hypothesis_target,4,True,False,1
kg_base_rag,0,11,knowledge_agent-s11-f00-GB1-hierarchical-kg_base_rag-f00-20260820T215844674788Z,1,5,sha256:44a636657855b95504090d15d1c1c314fc037458aedfdad6d298ed4dfeabf3e9,CWGA,V39C;D40W;V54A,3,0.384678364647,2.04423642159,0.777335822582,1.65955805694,2.12311557195,0.464324871191,2.12311557195,kg_llm_uq,H01-00,"hypothesis=1.000; evidence=0.464; temporal_prior=0.000; gp_coverage_uncertainty=1.095; predictor_component=0.000; fitness_predictors_enabled=False; hypotheses_considered=1 Critic: The batch directly tests the hypothesis by enriching position-40 aromatic/hydrophobic residues with position-41 G and including position-39 or position-54 variants. Deterministic validation found no conflicts. Controls S09 and S10 are matched and intentionally violate soft preferences, which is permitted. Diversity threshold is satisfied. Falsification spec is executable with clear comparator and missing-data policy. All evidence IDs are within the allowed universe.",support,Revealed value 0.3847 versus visible baseline 0.1079; eight dimensions reviewed.,1,"[""E1:kg:sha256:44a636657855b95504090d15d1c1c314fc037458aedfdad6d298ed4dfeabf3e9""]",measured_aggregate,kg,unknown,ok,context-bound residue observation score=0.464; support=6,artifacts/hierarchical-scientist-kg_base_kg_base_rag_kg_base_al/runs/knowledge_agent-s11-f00-GB1-hierarchical-kg_base_rag-f00-20260820T215844674788Z,hypothesis_target,4,True,False,1
kg_base_rag,0,11,knowledge_agent-s11-f00-GB1-hierarchical-kg_base_rag-f00-20260820T215844674788Z,1,6,sha256:0c27d24d79ae24742317846eba6b5fb65a951dee9c18a8ea61dff190fff050a8,LYGA,V39L;D40Y;V54A,3,3.48423401082,2.81503987312,0.768956303596,-0.669194137697,2.07715556037,0.575287790141,2.07715556037,kg_llm_uq,H01-00,"hypothesis=1.000; evidence=0.575; temporal_prior=0.000; gp_coverage_uncertainty=0.938; predictor_component=0.000; fitness_predictors_enabled=False; hypotheses_considered=1 Critic: The batch directly tests the hypothesis by enriching position-40 aromatic/hydrophobic residues with position-41 G and including position-39 or position-54 variants. Deterministic validation found no conflicts. Controls S09 and S10 are matched and intentionally violate soft preferences, which is permitted. Diversity threshold is satisfied. Falsification spec is executable with clear comparator and missing-data policy. All evidence IDs are within the allowed universe.",support,Revealed value 3.484 versus visible baseline 0.1079; eight dimensions reviewed.,1,"[""E1:kg:sha256:0c27d24d79ae24742317846eba6b5fb65a951dee9c18a8ea61dff190fff050a8""]",measured_aggregate,kg,unknown,ok,context-bound residue observation score=0.575; support=5,artifacts/hierarchical-scientist-kg_base_kg_base_rag_kg_base_al/runs/knowledge_agent-s11-f00-GB1-hierarchical-kg_base_rag-f00-20260820T215844674788Z,hypothesis_target,4,True,True,1
kg_base_rag,0,11,knowledge_agent-s11-f00-GB1-hierarchical-kg_base_rag-f00-20260820T215844674788Z,1,7,sha256:c1b4e800f07cdf1f0c008b456d7c71348718002fd42ac0988da415e8d203ea12,IFGA,V39I;D40F;V54A,3,1.47154530648,2.29702377319,0.746022939682,0.825478466713,2.04501621857,0.409730417485,2.04501621857,kg_llm_uq,H01-00,"hypothesis=1.000; evidence=0.410; temporal_prior=0.000; gp_coverage_uncertainty=1.038; predictor_component=0.000; fitness_predictors_enabled=False; hypotheses_considered=1 Critic: The batch directly tests the hypothesis by enriching position-40 aromatic/hydrophobic residues with position-41 G and including position-39 or position-54 variants. Deterministic validation found no conflicts. Controls S09 and S10 are matched and intentionally violate soft preferences, which is permitted. Diversity threshold is satisfied. Falsification spec is executable with clear comparator and missing-data policy. All evidence IDs are within the allowed universe.",support,Revealed value 1.472 versus visible baseline 0.1079; eight dimensions reviewed.,1,"[""E1:kg:sha256:c1b4e800f07cdf1f0c008b456d7c71348718002fd42ac0988da415e8d203ea12""]",measured_aggregate,kg,unknown,ok,context-bound residue observation score=0.410; support=5,artifacts/hierarchical-scientist-kg_base_kg_base_rag_kg_base_al/runs/knowledge_agent-s11-f00-GB1-hierarchical-kg_base_rag-f00-20260820T215844674788Z,hypothesis_target,4,True,True,1
kg_base_rag,0,11,knowledge_agent-s11-f00-GB1-hierarchical-kg_base_rag-f00-20260820T215844674788Z,1,8,sha256:234fae72c8e1228f6b0796f15f2bbde6a4690a5b26596e7e81ef6b54cf55ef82,MYGA,V39M;D40Y;V54A,3,1.38191944788,1.86560678482,0.800472915173,0.483687336941,2.04024822422,0.517615338889,2.04024822422,kg_llm_uq,H01-00,"hypothesis=1.000; evidence=0.518; temporal_prior=0.000; gp_coverage_uncertainty=0.938; predictor_component=0.000; fitness_predictors_enabled=False; hypotheses_considered=1 Critic: The batch directly tests the hypothesis by enriching position-40 aromatic/hydrophobic residues with position-41 G and including position-39 or position-54 variants. Deterministic validation found no conflicts. Controls S09 and S10 are matched and intentionally violate soft preferences, which is permitted. Diversity threshold is satisfied. Falsification spec is executable with clear comparator and missing-data policy. All evidence IDs are within the allowed universe.",support,Revealed value 1.382 versus visible baseline 0.1079; eight dimensions reviewed.,1,"[""E1:kg:sha256:234fae72c8e1228f6b0796f15f2bbde6a4690a5b26596e7e81ef6b54cf55ef82""]",measured_aggregate,kg,unknown,ok,context-bound residue observation score=0.518; support=6,artifacts/hierarchical-scientist-kg_base_kg_base_rag_kg_base_al/runs/knowledge_agent-s11-f00-GB1-hierarchical-kg_base_rag-f00-20260820T215844674788Z,hypothesis_target,4,True,False,1
kg_base_rag,0,11,knowledge_agent-s11-f00-GB1-hierarchical-kg_base_rag-f00-20260820T215844674788Z,1,9,sha256:ffe88b36d5c1c6f272173d73871b6635e025145b3bfc6a6677d53f34b1a472df,GGGC,V39G;D40G;V54C,3,0.00435052912399,0.248624384403,0.799747169018,0.244273855279,1.14945389423,-0.0522144816172,1.14945389423,kg_llm_uq,H01-00,"hypothesis=0.500; evidence=-0.052; temporal_prior=0.000; gp_coverage_uncertainty=0.911; predictor_component=0.000; fitness_predictors_enabled=False; hypotheses_considered=1 Critic: The batch directly tests the hypothesis by enriching position-40 aromatic/hydrophobic residues with position-41 G and including position-39 or position-54 variants. Deterministic validation found no conflicts. Controls S09 and S10 are matched and intentionally violate soft preferences, which is permitted. Diversity threshold is satisfied. Falsification spec is executable with clear comparator and missing-data policy. All evidence IDs are within the allowed universe.",mixed,Revealed value 0.004351 versus visible baseline 0.1079; eight dimensions reviewed.,1,"[""E1:kg:sha256:ffe88b36d5c1c6f272173d73871b6635e025145b3bfc6a6677d53f34b1a472df""]",measured_aggregate,kg,unknown,ok,context-bound residue observation score=-0.052; support=5,artifacts/hierarchical-scientist-kg_base_kg_base_rag_kg_base_al/runs/knowledge_agent-s11-f00-GB1-hierarchical-kg_base_rag-f00-20260820T215844674788Z,matched_control,2,False,False,1
kg_base_rag,0,11,knowledge_agent-s11-f00-GB1-hierarchical-kg_base_rag-f00-20260820T215844674788Z,1,10,sha256:ffd0640c87dfcda7fd02d5f67629c0913edac1a999ce4c3f6902286e360361c1,LNLV,V39L;D40N;G41L,3,0.581408643642,0.78200429678,0.755455076694,0.200595653138,1.28520939474,0.112085938005,1.28520939474,kg_llm_uq,H01-00,"hypothesis=0.500; evidence=0.112; temporal_prior=0.000; gp_coverage_uncertainty=0.950; predictor_component=0.000; fitness_predictors_enabled=False; hypotheses_considered=1 Critic: The batch directly tests the hypothesis by enriching position-40 aromatic/hydrophobic residues with position-41 G and including position-39 or position-54 variants. Deterministic validation found no conflicts. Controls S09 and S10 are matched and intentionally violate soft preferences, which is permitted. Diversity threshold is satisfied. Falsification spec is executable with clear comparator and missing-data policy. All evidence IDs are within the allowed universe.",inconclusive,Revealed value 0.5814 versus visible baseline 0.1079; eight dimensions reviewed.,1,"[""E1:kg:sha256:ffd0640c87dfcda7fd02d5f67629c0913edac1a999ce4c3f6902286e360361c1""]",measured_aggregate,kg,unknown,ok,context-bound residue observation score=0.112; support=5,artifacts/hierarchical-scientist-kg_base_kg_base_rag_kg_base_al/runs/knowledge_agent-s11-f00-GB1-hierarchical-kg_base_rag-f00-20260820T215844674788Z,matched_control,2,False,False,1
kg_base_rag,0,11,knowledge_agent-s11-f00-GB1-hierarchical-kg_base_rag-f00-20260820T215844674788Z,1,11,sha256:f8ee04236ace863a6c1cf3e75d51c85514b655dd0f5db101c63a33f4488a70f1,IYGV,V39I;D40Y,2,4.38774529032,3.87966156006,0.497735828161,-0.508083730261,1.77841003654,0.692976442349,1.77841003654,kg_llm_uq,H01-00,"hypothesis=1.000; evidence=0.693; temporal_prior=0.000; gp_coverage_uncertainty=0.437; predictor_component=0.000; fitness_predictors_enabled=False; hypotheses_considered=1 Critic: The batch directly tests the hypothesis by enriching position-40 aromatic/hydrophobic residues with position-41 G and including position-39 or position-54 variants. Deterministic validation found no conflicts. Controls S09 and S10 are matched and intentionally violate soft preferences, which is permitted. Diversity threshold is satisfied. Falsification spec is executable with clear comparator and missing-data policy. All evidence IDs are within the allowed universe.",support,Revealed value 4.388 versus visible baseline 0.1079; eight dimensions reviewed.,1,"[""E1:kg:sha256:f8ee04236ace863a6c1cf3e75d51c85514b655dd0f5db101c63a33f4488a70f1""]",measured_aggregate,kg,unknown,ok,context-bound residue observation score=0.693; support=4,artifacts/hierarchical-scientist-kg_base_kg_base_rag_kg_base_al/runs/knowledge_agent-s11-f00-GB1-hierarchical-kg_base_rag-f00-20260820T215844674788Z,evidence_prior,4,True,False,1
kg_base_rag,0,11,knowledge_agent-s11-f00-GB1-hierarchical-kg_base_rag-f00-20260820T215844674788Z,1,12,sha256:8adcc9749599afd1dcad3ef9086feca9afaac8e0654ab85131de9e30f5b67919,LYGV,V39L;D40Y,2,5.07529943739,4.17281198502,0.486351251602,-0.902487452374,1.43662974971,0.671738076482,1.43662974971,kg_llm_uq,H01-00,"hypothesis=1.000; evidence=0.672; temporal_prior=0.000; gp_coverage_uncertainty=0.000; predictor_component=0.000; fitness_predictors_enabled=False; hypotheses_considered=1 Critic: The batch directly tests the hypothesis by enriching position-40 aromatic/hydrophobic residues with position-41 G and including position-39 or position-54 variants. Deterministic validation found no conflicts. Controls S09 and S10 are matched and intentionally violate soft preferences, which is permitted. Diversity threshold is satisfied. Falsification spec is executable with clear comparator and missing-data policy. All evidence IDs are within the allowed universe.",support,Revealed value 5.075 versus visible baseline 0.1079; eight dimensions reviewed.,1,"[""E1:kg:sha256:8adcc9749599afd1dcad3ef9086feca9afaac8e0654ab85131de9e30f5b67919""]",measured_aggregate,kg,unknown,ok,context-bound residue observation score=0.672; support=3,artifacts/hierarchical-scientist-kg_base_kg_base_rag_kg_base_al/runs/knowledge_agent-s11-f00-GB1-hierarchical-kg_base_rag-f00-20260820T215844674788Z,evidence_prior,4,True,False,1
kg_base_rag,0,11,knowledge_agent-s11-f00-GB1-hierarchical-kg_base_rag-f00-20260820T215844674788Z,1,13,sha256:3c713612e6e7377b7c72a990db12887dcfb299ecd7d25aa36e686796728b87a3,MYGV,V39M;D40Y,2,2.7993624312,2.881524086,0.555512607098,0.0821616547985,1.38886897851,0.598259966942,1.38886897851,kg_llm_uq,H01-00,"hypothesis=1.000; evidence=0.598; temporal_prior=0.000; gp_coverage_uncertainty=0.000; predictor_component=0.000; fitness_predictors_enabled=False; hypotheses_considered=1 Critic: The batch directly tests the hypothesis by enriching position-40 aromatic/hydrophobic residues with position-41 G and including position-39 or position-54 variants. Deterministic validation found no conflicts. Controls S09 and S10 are matched and intentionally violate soft preferences, which is permitted. Diversity threshold is satisfied. Falsification spec is executable with clear comparator and missing-data policy. All evidence IDs are within the allowed universe.",support,Revealed value 2.799 versus visible baseline 0.1079; eight dimensions reviewed.,1,"[""E1:kg:sha256:3c713612e6e7377b7c72a990db12887dcfb299ecd7d25aa36e686796728b87a3""]",measured_aggregate,kg,unknown,ok,context-bound residue observation score=0.598; support=4,artifacts/hierarchical-scientist-kg_base_kg_base_rag_kg_base_al/runs/knowledge_agent-s11-f00-GB1-hierarchical-kg_base_rag-f00-20260820T215844674788Z,evidence_prior,4,True,False,1
kg_base_rag,0,11,knowledge_agent-s11-f00-GB1-hierarchical-kg_base_rag-f00-20260820T215844674788Z,1,14,sha256:187bf4a7ad8ca6e9e3015ba357922df3b0b56fca4736d3a0e952e2d8ada21030,IHGA,V39I;D40H;V54A,3,2.42935851199,2.14522600174,0.728267252445,-0.28413251025,2.0074122161,0.353092791917,2.0074122161,kg_llm_uq,H01-00,"hypothesis=1.000; evidence=0.353; temporal_prior=0.000; gp_coverage_uncertainty=1.037; predictor_component=0.000; fitness_predictors_enabled=False; hypotheses_considered=1 Critic: The batch directly tests the hypothesis by enriching position-40 aromatic/hydrophobic residues with position-41 G and including position-39 or position-54 variants. Deterministic validation found no conflicts. Controls S09 and S10 are matched and intentionally violate soft preferences, which is permitted. Diversity threshold is satisfied. Falsification spec is executable with clear comparator and missing-data policy. All evidence IDs are within the allowed universe.",inconclusive,Revealed value 2.429 versus visible baseline 0.1079; eight dimensions reviewed.,1,"[""E1:kg:sha256:187bf4a7ad8ca6e9e3015ba357922df3b0b56fca4736d3a0e952e2d8ada21030""]",measured_aggregate,kg,unknown,ok,context-bound residue observation score=0.353; support=6,artifacts/hierarchical-scientist-kg_base_kg_base_rag_kg_base_al/runs/knowledge_agent-s11-f00-GB1-hierarchical-kg_base_rag-f00-20260820T215844674788Z,coverage_exploration,4,True,True,1
kg_base_rag,0,11,knowledge_agent-s11-f00-GB1-hierarchical-kg_base_rag-f00-20260820T215844674788Z,1,15,sha256:d05664b827f5087265ff8d7edbd02000546e8538f72270fc9585a4974800db7d,CWGC,V39C;D40W;V54C,3,2.70609039018,1.70338392258,0.826824963093,-1.0027064676,2.02596447938,0.384020213975,2.02596447938,kg_llm_uq,H01-00,"hypothesis=1.000; evidence=0.384; temporal_prior=0.000; gp_coverage_uncertainty=1.035; predictor_component=0.000; fitness_predictors_enabled=False; hypotheses_considered=1 Critic: The batch directly tests the hypothesis by enriching position-40 aromatic/hydrophobic residues with position-41 G and including position-39 or position-54 variants. Deterministic validation found no conflicts. Controls S09 and S10 are matched and intentionally violate soft preferences, which is permitted. Diversity threshold is satisfied. Falsification spec is executable with clear comparator and missing-data policy. All evidence IDs are within the allowed universe.",inconclusive,Revealed value 2.706 versus visible baseline 0.1079; eight dimensions reviewed.,1,"[""E1:kg:sha256:d05664b827f5087265ff8d7edbd02000546e8538f72270fc9585a4974800db7d""]",measured_aggregate,kg,unknown,ok,context-bound residue observation score=0.384; support=6,artifacts/hierarchical-scientist-kg_base_kg_base_rag_kg_base_al/runs/knowledge_agent-s11-f00-GB1-hierarchical-kg_base_rag-f00-20260820T215844674788Z,coverage_exploration,4,True,False,1
kg_base_rag,0,11,knowledge_agent-s11-f00-GB1-hierarchical-kg_base_rag-f00-20260820T215844674788Z,1,16,sha256:3a7adba769d374f88cba01eb4686cb18884a40cfb15f1b9189d5b5e582f22637,LWGC,V39L;D40W;V54C,3,3.50389826225,2.52636027336,0.803082287312,-0.977537988889,1.95685062522,0.280055413736,1.95685062522,kg_llm_uq,H01-00,"hypothesis=1.000; evidence=0.280; temporal_prior=0.000; gp_coverage_uncertainty=1.033; predictor_component=0.000; fitness_predictors_enabled=False; hypotheses_considered=1 Critic: The batch directly tests the hypothesis by enriching position-40 aromatic/hydrophobic residues with position-41 G and including position-39 or position-54 variants. Deterministic validation found no conflicts. Controls S09 and S10 are matched and intentionally violate soft preferences, which is permitted. Diversity threshold is satisfied. Falsification spec is executable with clear comparator and missing-data policy. All evidence IDs are within the allowed universe.",inconclusive,Revealed value 3.504 versus visible baseline 0.1079; eight dimensions reviewed.,1,"[""E1:kg:sha256:3a7adba769d374f88cba01eb4686cb18884a40cfb15f1b9189d5b5e582f22637""]",measured_aggregate,kg,unknown,ok,context-bound residue observation score=0.280; support=5,artifacts/hierarchical-scientist-kg_base_kg_base_rag_kg_base_al/runs/knowledge_agent-s11-f00-GB1-hierarchical-kg_base_rag-f00-20260820T215844674788Z,coverage_exploration,4,True,True,1
kg_base_rag,0,11,knowledge_agent-s11-f00-GB1-hierarchical-kg_base_rag-f00-20260820T215844674788Z,2,1,sha256:6426d92a5e51c3ecccddd0f5343ffaead003713e620db4591cc01d0c82cc0796,LYGC,V39L;D40Y;V54C,3,4.33564342865,4.59065675735,0.543087899685,0.255013328705,2.11644990372,0.875457727165,2.11644990372,kg_llm_uq,H02-00,"hypothesis=1.000; evidence=0.875; temporal_prior=0.470; gp_coverage_uncertainty=0.228; predictor_component=0.000; fitness_predictors_enabled=False; hypotheses_considered=2 Critic: The batch aligns with the hypothesis: hypothesis-target candidates (S01-S08) use preferred residues at positions 39/40/54 with G41 preserved; matched controls (S09,S10) intentionally violate soft preferences and are permitted; evidence-prior and coverage-exploration arms (S11-S16) broaden exploration. Deterministic conflict report is empty, control feasibility and diversity thresholds are satisfied, and the falsification spec is compiled and ready. No required changes.",support,Revealed value 4.336 versus visible baseline 0.2117; eight dimensions reviewed.,1,"[""E2:kg:sha256:6426d92a5e51c3ecccddd0f5343ffaead003713e620db4591cc01d0c82cc0796""]",measured_aggregate,kg,unknown,ok,context-bound residue observation score=0.875; support=20,artifacts/hierarchical-scientist-kg_base_kg_base_rag_kg_base_al/runs/knowledge_agent-s11-f00-GB1-hierarchical-kg_base_rag-f00-20260820T215844674788Z,hypothesis_target,4,True,False,0
kg_base_rag,0,11,knowledge_agent-s11-f00-GB1-hierarchical-kg_base_rag-f00-20260820T215844674788Z,2,2,sha256:7426224e5b72b3ed239efd30dc5baf8a27836c30c4ff0cb5ed7893eb0a866b00,LHGC,V39L;D40H;V54C,3,2.67328306446,3.2556540966,0.701262295246,0.582371032143,2.06447422553,0.701974134833,2.06447422553,kg_llm_uq,H02-00,"hypothesis=1.000; evidence=0.702; temporal_prior=0.218; gp_coverage_uncertainty=0.578; predictor_component=0.000; fitness_predictors_enabled=False; hypotheses_considered=2 Critic: The batch aligns with the hypothesis: hypothesis-target candidates (S01-S08) use preferred residues at positions 39/40/54 with G41 preserved; matched controls (S09,S10) intentionally violate soft preferences and are permitted; evidence-prior and coverage-exploration arms (S11-S16) broaden exploration. Deterministic conflict report is empty, control feasibility and diversity thresholds are satisfied, and the falsification spec is compiled and ready. No required changes.",support,Revealed value 2.673 versus visible baseline 0.2117; eight dimensions reviewed.,1,"[""E2:kg:sha256:7426224e5b72b3ed239efd30dc5baf8a27836c30c4ff0cb5ed7893eb0a866b00""]",measured_aggregate,kg,unknown,ok,context-bound residue observation score=0.702; support=15,artifacts/hierarchical-scientist-kg_base_kg_base_rag_kg_base_al/runs/knowledge_agent-s11-f00-GB1-hierarchical-kg_base_rag-f00-20260820T215844674788Z,hypothesis_target,4,True,True,0
kg_base_rag,0,11,knowledge_agent-s11-f00-GB1-hierarchical-kg_base_rag-f00-20260820T215844674788Z,2,3,sha256:99527d4c0968c0e8e932b939fe6e1c9a52f5bd2e408da081d403cf6bbf0f1bef,LFGC,V39L;D40F;V54C,3,3.35884837877,3.58014369011,0.624230861664,0.221295311339,1.9532785471,0.70929092498,1.9532785471,kg_llm_uq,H02-00,"hypothesis=1.000; evidence=0.709; temporal_prior=0.070; gp_coverage_uncertainty=0.582; predictor_component=0.000; fitness_predictors_enabled=False; hypotheses_considered=2 Critic: The batch aligns with the hypothesis: hypothesis-target candidates (S01-S08) use preferred residues at positions 39/40/54 with G41 preserved; matched controls (S09,S10) intentionally violate soft preferences and are permitted; evidence-prior and coverage-exploration arms (S11-S16) broaden exploration. Deterministic conflict report is empty, control feasibility and diversity thresholds are satisfied, and the falsification spec is compiled and ready. No required changes.",support,Revealed value 3.359 versus visible baseline 0.2117; eight dimensions reviewed.,1,"[""E2:kg:sha256:99527d4c0968c0e8e932b939fe6e1c9a52f5bd2e408da081d403cf6bbf0f1bef""]",measured_aggregate,kg,unknown,ok,context-bound residue observation score=0.709; support=14,artifacts/hierarchical-scientist-kg_base_kg_base_rag_kg_base_al/runs/knowledge_agent-s11-f00-GB1-hierarchical-kg_base_rag-f00-20260820T215844674788Z,hypothesis_target,4,True,True,0
kg_base_rag,0,11,knowledge_agent-s11-f00-GB1-hierarchical-kg_base_rag-f00-20260820T215844674788Z,2,4,sha256:22a7cd8d7b4178f7f9703976d32303e1a1d46b6b7fc3184ae1a72f783a4b9b39,IHGC,V39I;D40H;V54C,3,3.1086820343,2.87910079956,0.721823751926,-0.229581234739,1.92288480477,0.639690776037,1.92288480477,kg_llm_uq,H02-00,"hypothesis=1.000; evidence=0.640; temporal_prior=0.096; gp_coverage_uncertainty=0.573; predictor_component=0.000; fitness_predictors_enabled=False; hypotheses_considered=2 Critic: The batch aligns with the hypothesis: hypothesis-target candidates (S01-S08) use preferred residues at positions 39/40/54 with G41 preserved; matched controls (S09,S10) intentionally violate soft preferences and are permitted; evidence-prior and coverage-exploration arms (S11-S16) broaden exploration. Deterministic conflict report is empty, control feasibility and diversity thresholds are satisfied, and the falsification spec is compiled and ready. No required changes.",support,Revealed value 3.109 versus visible baseline 0.2117; eight dimensions reviewed.,1,"[""E2:kg:sha256:22a7cd8d7b4178f7f9703976d32303e1a1d46b6b7fc3184ae1a72f783a4b9b39""]",measured_aggregate,kg,unknown,ok,context-bound residue observation score=0.640; support=16,artifacts/hierarchical-scientist-kg_base_kg_base_rag_kg_base_al/runs/knowledge_agent-s11-f00-GB1-hierarchical-kg_base_rag-f00-20260820T215844674788Z,hypothesis_target,4,True,True,0
kg_base_rag,0,11,knowledge_agent-s11-f00-GB1-hierarchical-kg_base_rag-f00-20260820T215844674788Z,2,5,sha256:146f994851540dcf3fe10fcaf46e6423e3756b7291483e7288dfdd7a7e393fad,IYGA,V39I;D40Y;V54A,3,2.43521830222,2.80002713203,0.436474472284,0.364808829814,1.89194577816,0.847072983919,1.89194577816,kg_llm_uq,H02-00,"hypothesis=1.000; evidence=0.847; temporal_prior=0.242; gp_coverage_uncertainty=0.197; predictor_component=0.000; fitness_predictors_enabled=False; hypotheses_considered=2 Critic: The batch aligns with the hypothesis: hypothesis-target candidates (S01-S08) use preferred residues at positions 39/40/54 with G41 preserved; matched controls (S09,S10) intentionally violate soft preferences and are permitted; evidence-prior and coverage-exploration arms (S11-S16) broaden exploration. Deterministic conflict report is empty, control feasibility and diversity thresholds are satisfied, and the falsification spec is compiled and ready. No required changes.",support,Revealed value 2.435 versus visible baseline 0.2117; eight dimensions reviewed.,1,"[""E2:kg:sha256:146f994851540dcf3fe10fcaf46e6423e3756b7291483e7288dfdd7a7e393fad""]",measured_aggregate,kg,unknown,ok,context-bound residue observation score=0.847; support=23,artifacts/hierarchical-scientist-kg_base_kg_base_rag_kg_base_al/runs/knowledge_agent-s11-f00-GB1-hierarchical-kg_base_rag-f00-20260820T215844674788Z,hypothesis_target,4,True,False,0
kg_base_rag,0,11,knowledge_agent-s11-f00-GB1-hierarchical-kg_base_rag-f00-20260820T215844674788Z,2,6,sha256:cad29236742d162b31dab9d4587a36b7578ea8c4a2ed7c7ce6832b41dd8696a0,IYGC,V39I;D40Y;V54C,3,4.4857497292,4.19613933563,0.598810613155,-0.289610393568,1.84391306617,0.846152806767,1.84391306617,kg_llm_uq,H02-00,"hypothesis=1.000; evidence=0.846; temporal_prior=0.367; gp_coverage_uncertainty=0.000; predictor_component=0.000; fitness_predictors_enabled=False; hypotheses_considered=2 Critic: The batch aligns with the hypothesis: hypothesis-target candidates (S01-S08) use preferred residues at positions 39/40/54 with G41 preserved; matched controls (S09,S10) intentionally violate soft preferences and are permitted; evidence-prior and coverage-exploration arms (S11-S16) broaden exploration. Deterministic conflict report is empty, control feasibility and diversity thresholds are satisfied, and the falsification spec is compiled and ready. No required changes.",support,Revealed value 4.486 versus visible baseline 0.2117; eight dimensions reviewed.,1,"[""E2:kg:sha256:cad29236742d162b31dab9d4587a36b7578ea8c4a2ed7c7ce6832b41dd8696a0""]",measured_aggregate,kg,unknown,ok,context-bound residue observation score=0.846; support=21,artifacts/hierarchical-scientist-kg_base_kg_base_rag_kg_base_al/runs/knowledge_agent-s11-f00-GB1-hierarchical-kg_base_rag-f00-20260820T215844674788Z,hypothesis_target,4,True,False,0
kg_base_rag,0,11,knowledge_agent-s11-f00-GB1-hierarchical-kg_base_rag-f00-20260820T215844674788Z,2,7,sha256:8287e39d0cef852c01bf15c9447ec202121712f870911d9d5b16cd8d917834bc,IFGC,V39I;D40F;V54C,3,3.17097133842,3.19269108772,0.654505908489,0.0217197493028,1.8084171593,0.648220625758,1.8084171593,kg_llm_uq,H02-00,"hypothesis=1.000; evidence=0.648; temporal_prior=-0.055; gp_coverage_uncertainty=0.575; predictor_component=0.000; fitness_predictors_enabled=False; hypotheses_considered=2 Critic: The batch aligns with the hypothesis: hypothesis-target candidates (S01-S08) use preferred residues at positions 39/40/54 with G41 preserved; matched controls (S09,S10) intentionally violate soft preferences and are permitted; evidence-prior and coverage-exploration arms (S11-S16) broaden exploration. Deterministic conflict report is empty, control feasibility and diversity thresholds are satisfied, and the falsification spec is compiled and ready. No required changes.",support,Revealed value 3.171 versus visible baseline 0.2117; eight dimensions reviewed.,1,"[""E2:kg:sha256:8287e39d0cef852c01bf15c9447ec202121712f870911d9d5b16cd8d917834bc""]",measured_aggregate,kg,unknown,ok,context-bound residue observation score=0.648; support=15,artifacts/hierarchical-scientist-kg_base_kg_base_rag_kg_base_al/runs/knowledge_agent-s11-f00-GB1-hierarchical-kg_base_rag-f00-20260820T215844674788Z,hypothesis_target,4,True,True,0
kg_base_rag,0,11,knowledge_agent-s11-f00-GB1-hierarchical-kg_base_rag-f00-20260820T215844674788Z,2,8,sha256:915b881aa31bfe7ff503bb05e5df8400a43f987aa10d7e4d9451afc5c689b47a,LHGV,V39L;D40H,2,3.35696195393,3.49740791321,0.407186955214,0.140445959278,1.7578951829,0.752979932552,1.7578951829,kg_llm_uq,H02-00,"hypothesis=1.000; evidence=0.753; temporal_prior=0.336; gp_coverage_uncertainty=0.000; predictor_component=0.000; fitness_predictors_enabled=False; hypotheses_considered=2 Critic: The batch aligns with the hypothesis: hypothesis-target candidates (S01-S08) use preferred residues at positions 39/40/54 with G41 preserved; matched controls (S09,S10) intentionally violate soft preferences and are permitted; evidence-prior and coverage-exploration arms (S11-S16) broaden exploration. Deterministic conflict report is empty, control feasibility and diversity thresholds are satisfied, and the falsification spec is compiled and ready. No required changes.",support,Revealed value 3.357 versus visible baseline 0.2117; eight dimensions reviewed.,1,"[""E2:kg:sha256:915b881aa31bfe7ff503bb05e5df8400a43f987aa10d7e4d9451afc5c689b47a""]",measured_aggregate,kg,unknown,ok,context-bound residue observation score=0.753; support=9,artifacts/hierarchical-scientist-kg_base_kg_base_rag_kg_base_al/runs/knowledge_agent-s11-f00-GB1-hierarchical-kg_base_rag-f00-20260820T215844674788Z,hypothesis_target,4,True,False,0
kg_base_rag,0,11,knowledge_agent-s11-f00-GB1-hierarchical-kg_base_rag-f00-20260820T215844674788Z,2,9,sha256:69aa970a5da8dd8ab32e9b3a20ed9681d119400e27dea9f2400a3d9cf1fc7528,IHWV,V39I;D40H;G41W,3,0.0217095710741,1.09297227859,0.691435039043,1.07126270752,1.80031219287,0.400883061268,1.80031219287,kg_llm_uq,H02-00,"hypothesis=0.750; evidence=0.401; temporal_prior=0.160; gp_coverage_uncertainty=0.882; predictor_component=0.000; fitness_predictors_enabled=False; hypotheses_considered=2 Critic: The batch aligns with the hypothesis: hypothesis-target candidates (S01-S08) use preferred residues at positions 39/40/54 with G41 preserved; matched controls (S09,S10) intentionally violate soft preferences and are permitted; evidence-prior and coverage-exploration arms (S11-S16) broaden exploration. Deterministic conflict report is empty, control feasibility and diversity thresholds are satisfied, and the falsification spec is compiled and ready. No required changes.",mixed,Revealed value 0.02171 versus visible baseline 0.2117; eight dimensions reviewed.,1,"[""E2:kg:sha256:69aa970a5da8dd8ab32e9b3a20ed9681d119400e27dea9f2400a3d9cf1fc7528""]",measured_aggregate,kg,unknown,ok,context-bound residue observation score=0.401; support=12,artifacts/hierarchical-scientist-kg_base_kg_base_rag_kg_base_al/runs/knowledge_agent-s11-f00-GB1-hierarchical-kg_base_rag-f00-20260820T215844674788Z,matched_control,3,False,False,0
kg_base_rag,0,11,knowledge_agent-s11-f00-GB1-hierarchical-kg_base_rag-f00-20260820T215844674788Z,2,10,sha256:f706798cc194ec224811c6cd04767bcae20cb0b479b7884c8b4eb4f5ebd654c6,EHLV,V39E;D40H;G41L,3,0.0366883204078,0.197298526764,0.734358489513,0.160610206356,0.826267693173,-0.0474130845858,0.826267693173,kg_llm_uq,H02-00,"hypothesis=0.500; evidence=-0.047; temporal_prior=-0.454; gp_coverage_uncertainty=0.961; predictor_component=0.000; fitness_predictors_enabled=False; hypotheses_considered=2 Critic: The batch aligns with the hypothesis: hypothesis-target candidates (S01-S08) use preferred residues at positions 39/40/54 with G41 preserved; matched controls (S09,S10) intentionally violate soft preferences and are permitted; evidence-prior and coverage-exploration arms (S11-S16) broaden exploration. Deterministic conflict report is empty, control feasibility and diversity thresholds are satisfied, and the falsification spec is compiled and ready. No required changes.",inconclusive,Revealed value 0.03669 versus visible baseline 0.2117; eight dimensions reviewed.,1,"[""E2:kg:sha256:f706798cc194ec224811c6cd04767bcae20cb0b479b7884c8b4eb4f5ebd654c6""]",measured_aggregate,kg,unknown,ok,context-bound residue observation score=-0.047; support=8,artifacts/hierarchical-scientist-kg_base_kg_base_rag_kg_base_al/runs/knowledge_agent-s11-f00-GB1-hierarchical-kg_base_rag-f00-20260820T215844674788Z,matched_control,2,False,False,0
kg_base_rag,0,11,knowledge_agent-s11-f00-GB1-hierarchical-kg_base_rag-f00-20260820T215844674788Z,2,11,sha256:20195b5b78c30e852e2060f39f94012e49a3bff99fb5d7110689058ff28e15f2,VYGC,D40Y;V54C,2,4.0264439679,3.6982755661,0.575707435608,-0.328168401799,1.75331623966,0.863737417177,1.75331623966,kg_llm_uq,H02-00,"hypothesis=0.885; evidence=0.864; temporal_prior=0.383; gp_coverage_uncertainty=0.000; predictor_component=0.000; fitness_predictors_enabled=False; hypotheses_considered=2 Critic: The batch aligns with the hypothesis: hypothesis-target candidates (S01-S08) use preferred residues at positions 39/40/54 with G41 preserved; matched controls (S09,S10) intentionally violate soft preferences and are permitted; evidence-prior and coverage-exploration arms (S11-S16) broaden exploration. Deterministic conflict report is empty, control feasibility and diversity thresholds are satisfied, and the falsification spec is compiled and ready. No required changes.",support,Revealed value 4.026 versus visible baseline 0.2117; eight dimensions reviewed.,1,"[""E2:kg:sha256:20195b5b78c30e852e2060f39f94012e49a3bff99fb5d7110689058ff28e15f2""]",measured_aggregate,kg,unknown,ok,context-bound residue observation score=0.864; support=14,artifacts/hierarchical-scientist-kg_base_kg_base_rag_kg_base_al/runs/knowledge_agent-s11-f00-GB1-hierarchical-kg_base_rag-f00-20260820T215844674788Z,evidence_prior,4,True,False,0
kg_base_rag,0,11,knowledge_agent-s11-f00-GB1-hierarchical-kg_base_rag-f00-20260820T215844674788Z,2,12,sha256:184a753208ec312596faa7f79d17c5ec89deaa1ee61c07ae68f236b59ecf2a9c,VYGA,D40Y;V54A,2,2.40599752993,2.25616407394,0.499591141939,-0.149833455986,1.60203599575,0.864969764126,1.60203599575,kg_llm_uq,H02-00,"hypothesis=0.885; evidence=0.865; temporal_prior=0.193; gp_coverage_uncertainty=0.000; predictor_component=0.000; fitness_predictors_enabled=False; hypotheses_considered=2 Critic: The batch aligns with the hypothesis: hypothesis-target candidates (S01-S08) use preferred residues at positions 39/40/54 with G41 preserved; matched controls (S09,S10) intentionally violate soft preferences and are permitted; evidence-prior and coverage-exploration arms (S11-S16) broaden exploration. Deterministic conflict report is empty, control feasibility and diversity thresholds are satisfied, and the falsification spec is compiled and ready. No required changes.",support,Revealed value 2.406 versus visible baseline 0.2117; eight dimensions reviewed.,1,"[""E2:kg:sha256:184a753208ec312596faa7f79d17c5ec89deaa1ee61c07ae68f236b59ecf2a9c""]",measured_aggregate,kg,unknown,ok,context-bound residue observation score=0.865; support=16,artifacts/hierarchical-scientist-kg_base_kg_base_rag_kg_base_al/runs/knowledge_agent-s11-f00-GB1-hierarchical-kg_base_rag-f00-20260820T215844674788Z,evidence_prior,4,True,False,0
kg_base_rag,0,11,knowledge_agent-s11-f00-GB1-hierarchical-kg_base_rag-f00-20260820T215844674788Z,2,13,sha256:9e6bbd4f6124c6f03b94ef7116ed62eb83b01136ff4517648fb376946f7cccca,CWGV,V39C;D40W,2,2.46026283378,2.67625689507,0.481523752213,0.215994061285,1.54180583622,0.771893992003,1.54180583622,kg_llm_uq,H02-00,"hypothesis=1.000; evidence=0.772; temporal_prior=0.050; gp_coverage_uncertainty=0.000; predictor_component=0.000; fitness_predictors_enabled=False; hypotheses_considered=2 Critic: The batch aligns with the hypothesis: hypothesis-target candidates (S01-S08) use preferred residues at positions 39/40/54 with G41 preserved; matched controls (S09,S10) intentionally violate soft preferences and are permitted; evidence-prior and coverage-exploration arms (S11-S16) broaden exploration. Deterministic conflict report is empty, control feasibility and diversity thresholds are satisfied, and the falsification spec is compiled and ready. No required changes.",support,Revealed value 2.46 versus visible baseline 0.2117; eight dimensions reviewed.,1,"[""E2:kg:sha256:9e6bbd4f6124c6f03b94ef7116ed62eb83b01136ff4517648fb376946f7cccca""]",measured_aggregate,kg,unknown,ok,context-bound residue observation score=0.772; support=13,artifacts/hierarchical-scientist-kg_base_kg_base_rag_kg_base_al/runs/knowledge_agent-s11-f00-GB1-hierarchical-kg_base_rag-f00-20260820T215844674788Z,evidence_prior,4,True,False,0
kg_base_rag,0,11,knowledge_agent-s11-f00-GB1-hierarchical-kg_base_rag-f00-20260820T215844674788Z,2,14,sha256:f48d56843e698c774d3d85ae33b0801c2dd5793951404dc4c7f0c276992bcf68,LHMK,V39L;D40H;G41M;V54K,4,0.00884139789713,1.36563539505,0.868569195271,1.35679399715,1.71604362436,0.304992443736,1.71604362436,kg_llm_uq,H02-00,"hypothesis=0.500; evidence=0.305; temporal_prior=0.336; gp_coverage_uncertainty=0.999; predictor_component=0.000; fitness_predictors_enabled=False; hypotheses_considered=2 Critic: The batch aligns with the hypothesis: hypothesis-target candidates (S01-S08) use preferred residues at positions 39/40/54 with G41 preserved; matched controls (S09,S10) intentionally violate soft preferences and are permitted; evidence-prior and coverage-exploration arms (S11-S16) broaden exploration. Deterministic conflict report is empty, control feasibility and diversity thresholds are satisfied, and the falsification spec is compiled and ready. No required changes.",mixed,Revealed value 0.008841 versus visible baseline 0.2117; eight dimensions reviewed.,1,"[""E2:kg:sha256:f48d56843e698c774d3d85ae33b0801c2dd5793951404dc4c7f0c276992bcf68""]",measured_aggregate,kg,unknown,ok,context-bound residue observation score=0.305; support=13,artifacts/hierarchical-scientist-kg_base_kg_base_rag_kg_base_al/runs/knowledge_agent-s11-f00-GB1-hierarchical-kg_base_rag-f00-20260820T215844674788Z,coverage_exploration,2,False,False,0
kg_base_rag,0,11,knowledge_agent-s11-f00-GB1-hierarchical-kg_base_rag-f00-20260820T215844674788Z,2,15,sha256:f3c5e5b6d263279d33bd83f1ab1488c240f795b351c570331a58aa125065a8f4,KWPA,V39K;D40W;G41P;V54A,4,0.0014128006949,-0.331279933453,0.854088068008,-0.332692734148,1.39138626761,0.349341614494,1.39138626761,kg_llm_uq,H02-00,"hypothesis=0.500; evidence=0.349; temporal_prior=-0.084; gp_coverage_uncertainty=0.976; predictor_component=0.000; fitness_predictors_enabled=False; hypotheses_considered=2 Critic: The batch aligns with the hypothesis: hypothesis-target candidates (S01-S08) use preferred residues at positions 39/40/54 with G41 preserved; matched controls (S09,S10) intentionally violate soft preferences and are permitted; evidence-prior and coverage-exploration arms (S11-S16) broaden exploration. Deterministic conflict report is empty, control feasibility and diversity thresholds are satisfied, and the falsification spec is compiled and ready. No required changes.",inconclusive,Revealed value 0.001413 versus visible baseline 0.2117; eight dimensions reviewed.,1,"[""E2:kg:sha256:f3c5e5b6d263279d33bd83f1ab1488c240f795b351c570331a58aa125065a8f4""]",measured_aggregate,kg,unknown,ok,context-bound residue observation score=0.349; support=18,artifacts/hierarchical-scientist-kg_base_kg_base_rag_kg_base_al/runs/knowledge_agent-s11-f00-GB1-hierarchical-kg_base_rag-f00-20260820T215844674788Z,coverage_exploration,2,False,False,0
kg_base_rag,0,11,knowledge_agent-s11-f00-GB1-hierarchical-kg_base_rag-f00-20260820T215844674788Z,2,16,sha256:ffc0d5ba000054ae905d45867dcf4f764b94f8952af7bff4ee21d145f30a7868,SWPA,V39S;D40W;G41P;V54A,4,0.00400853140492,-0.457231581211,0.815266668797,-0.461240112616,1.37280235876,0.320722847588,1.37280235876,kg_llm_uq,H02-00,"hypothesis=0.500; evidence=0.321; temporal_prior=-0.084; gp_coverage_uncertainty=0.976; predictor_component=0.000; fitness_predictors_enabled=False; hypotheses_considered=2 Critic: The batch aligns with the hypothesis: hypothesis-target candidates (S01-S08) use preferred residues at positions 39/40/54 with G41 preserved; matched controls (S09,S10) intentionally violate soft preferences and are permitted; evidence-prior and coverage-exploration arms (S11-S16) broaden exploration. Deterministic conflict report is empty, control feasibility and diversity thresholds are satisfied, and the falsification spec is compiled and ready. No required changes.",inconclusive,Revealed value 0.004009 versus visible baseline 0.2117; eight dimensions reviewed.,1,"[""E2:kg:sha256:ffc0d5ba000054ae905d45867dcf4f764b94f8952af7bff4ee21d145f30a7868""]",measured_aggregate,kg,unknown,ok,context-bound residue observation score=0.321; support=19,artifacts/hierarchical-scientist-kg_base_kg_base_rag_kg_base_al/runs/knowledge_agent-s11-f00-GB1-hierarchical-kg_base_rag-f00-20260820T215844674788Z,coverage_exploration,2,False,False,0
kg_base_rag,0,11,knowledge_agent-s11-f00-GB1-hierarchical-kg_base_rag-f00-20260820T215844674788Z,3,1,sha256:648a58c1136e58ad2f1666370f4a11707df38a2f596407bb78af38ed9d142ad0,LFGV,V39L;D40F,2,4.02906611368,3.69983363152,0.310524493456,-0.329232482164,1.95478224263,0.839888032596,1.95478224263,kg_llm_uq,H03-00,"hypothesis=1.000; evidence=0.840; temporal_prior=0.511; gp_coverage_uncertainty=0.000; predictor_component=0.000; fitness_predictors_enabled=False; hypotheses_considered=3 Critic: The batch aligns with the soft hypothesis priors, includes matched controls and coverage exploration, and passes all deterministic gates. Falsification is executable with a clear comparator and missing-data policy.",support,Revealed value 4.029 versus visible baseline 0.2531; eight dimensions reviewed.,1,"[""E3:kg:sha256:648a58c1136e58ad2f1666370f4a11707df38a2f596407bb78af38ed9d142ad0""]",measured_aggregate,kg,unknown,ok,context-bound residue observation score=0.840; support=15,artifacts/hierarchical-scientist-kg_base_kg_base_rag_kg_base_al/runs/knowledge_agent-s11-f00-GB1-hierarchical-kg_base_rag-f00-20260820T215844674788Z,hypothesis_target,4,True,False,0
kg_base_rag,0,11,knowledge_agent-s11-f00-GB1-hierarchical-kg_base_rag-f00-20260820T215844674788Z,3,2,sha256:45302fd2336c6f0c849be772b66c0a97eda8cb186cc1ecd62d3bdb256da12568,IWGC,V39I;D40W;V54C,3,3.95087308632,3.4687063694,0.419417411089,-0.48216671692,1.83761392569,0.815244817282,1.83761392569,kg_llm_uq,H03-00,"hypothesis=1.000; evidence=0.815; temporal_prior=0.385; gp_coverage_uncertainty=0.000; predictor_component=0.000; fitness_predictors_enabled=False; hypotheses_considered=3 Critic: The batch aligns with the soft hypothesis priors, includes matched controls and coverage exploration, and passes all deterministic gates. Falsification is executable with a clear comparator and missing-data policy.",support,Revealed value 3.951 versus visible baseline 0.2531; eight dimensions reviewed.,1,"[""E3:kg:sha256:45302fd2336c6f0c849be772b66c0a97eda8cb186cc1ecd62d3bdb256da12568""]",measured_aggregate,kg,unknown,ok,context-bound residue observation score=0.815; support=36,artifacts/hierarchical-scientist-kg_base_kg_base_rag_kg_base_al/runs/knowledge_agent-s11-f00-GB1-hierarchical-kg_base_rag-f00-20260820T215844674788Z,hypothesis_target,4,True,False,0
kg_base_rag,0,11,knowledge_agent-s11-f00-GB1-hierarchical-kg_base_rag-f00-20260820T215844674788Z,3,3,sha256:ec5ad5d2f7e6d270f12f94668c7314840a00bf7e54f3c2b66f55b5bead4c6f06,CFGC,V39C;D40F;V54C,3,2.68771137002,2.46130228043,0.475665599108,-0.226409089594,1.84818046531,0.785812541303,1.84818046531,kg_llm_uq,H03-00,"hypothesis=1.000; evidence=0.786; temporal_prior=0.422; gp_coverage_uncertainty=0.000; predictor_component=0.000; fitness_predictors_enabled=False; hypotheses_considered=3 Critic: The batch aligns with the soft hypothesis priors, includes matched controls and coverage exploration, and passes all deterministic gates. Falsification is executable with a clear comparator and missing-data policy.",support,Revealed value 2.688 versus visible baseline 0.2531; eight dimensions reviewed.,1,"[""E3:kg:sha256:ec5ad5d2f7e6d270f12f94668c7314840a00bf7e54f3c2b66f55b5bead4c6f06""]",measured_aggregate,kg,unknown,ok,context-bound residue observation score=0.786; support=23,artifacts/hierarchical-scientist-kg_base_kg_base_rag_kg_base_al/runs/knowledge_agent-s11-f00-GB1-hierarchical-kg_base_rag-f00-20260820T215844674788Z,hypothesis_target,4,True,False,0
kg_base_rag,0,11,knowledge_agent-s11-f00-GB1-hierarchical-kg_base_rag-f00-20260820T215844674788Z,3,4,sha256:3fa07c46e7d0259ba56a74c1533d1f8bf13e298dd9bced0e748419291bc4eed0,IFGV,V39I;D40F,2,3.16744549033,3.12870764732,0.318749457598,-0.0387378430064,1.84611748271,0.794727374537,1.84611748271,kg_llm_uq,H03-00,"hypothesis=1.000; evidence=0.795; temporal_prior=0.412; gp_coverage_uncertainty=0.000; predictor_component=0.000; fitness_predictors_enabled=False; hypotheses_considered=3 Critic: The batch aligns with the soft hypothesis priors, includes matched controls and coverage exploration, and passes all deterministic gates. Falsification is executable with a clear comparator and missing-data policy.",support,Revealed value 3.167 versus visible baseline 0.2531; eight dimensions reviewed.,1,"[""E3:kg:sha256:3fa07c46e7d0259ba56a74c1533d1f8bf13e298dd9bced0e748419291bc4eed0""]",measured_aggregate,kg,unknown,ok,context-bound residue observation score=0.795; support=16,artifacts/hierarchical-scientist-kg_base_kg_base_rag_kg_base_al/runs/knowledge_agent-s11-f00-GB1-hierarchical-kg_base_rag-f00-20260820T215844674788Z,hypothesis_target,4,True,False,0
kg_base_rag,0,11,knowledge_agent-s11-f00-GB1-hierarchical-kg_base_rag-f00-20260820T215844674788Z,3,5,sha256:97fbc41d38df73a6e55713bdddb54d0dbc09fd9bacf63bc7db4b59e96dafe86d,LYGN,V39L;D40Y;V54N,3,3.31733074705,3.04269313812,0.578949451447,-0.274637608927,2.29481088635,0.80017575328,2.29481088635,kg_llm_uq,H03-00,"hypothesis=0.750; evidence=0.800; temporal_prior=0.733; gp_coverage_uncertainty=0.584; predictor_component=0.000; fitness_predictors_enabled=False; hypotheses_considered=3 Critic: The batch aligns with the soft hypothesis priors, includes matched controls and coverage exploration, and passes all deterministic gates. Falsification is executable with a clear comparator and missing-data policy.",support,Revealed value 3.317 versus visible baseline 0.2531; eight dimensions reviewed.,1,"[""E3:kg:sha256:97fbc41d38df73a6e55713bdddb54d0dbc09fd9bacf63bc7db4b59e96dafe86d""]",measured_aggregate,kg,unknown,ok,context-bound residue observation score=0.800; support=25,artifacts/hierarchical-scientist-kg_base_kg_base_rag_kg_base_al/runs/knowledge_agent-s11-f00-GB1-hierarchical-kg_base_rag-f00-20260820T215844674788Z,hypothesis_target,3,False,False,0
kg_base_rag,0,11,knowledge_agent-s11-f00-GB1-hierarchical-kg_base_rag-f00-20260820T215844674788Z,3,6,sha256:27e93d5c1268257efbf6fa64c25baa05702197cc9eb80f0a65a6480c8b81a16e,CYSV,V39C;D40Y;G41S,3,0.0112444445051,2.17627000809,0.556290328503,2.16502556358,2.23043195656,0.694356343274,2.23043195656,kg_llm_uq,H03-00,"hypothesis=0.750; evidence=0.694; temporal_prior=0.533; gp_coverage_uncertainty=0.804; predictor_component=0.000; fitness_predictors_enabled=False; hypotheses_considered=3 Critic: The batch aligns with the soft hypothesis priors, includes matched controls and coverage exploration, and passes all deterministic gates. Falsification is executable with a clear comparator and missing-data policy.",mixed,Revealed value 0.01124 versus visible baseline 0.2531; eight dimensions reviewed.,1,"[""E3:kg:sha256:27e93d5c1268257efbf6fa64c25baa05702197cc9eb80f0a65a6480c8b81a16e""]",measured_aggregate,kg,unknown,ok,context-bound residue observation score=0.694; support=20,artifacts/hierarchical-scientist-kg_base_kg_base_rag_kg_base_al/runs/knowledge_agent-s11-f00-GB1-hierarchical-kg_base_rag-f00-20260820T215844674788Z,hypothesis_target,3,False,False,0
kg_base_rag,0,11,knowledge_agent-s11-f00-GB1-hierarchical-kg_base_rag-f00-20260820T215844674788Z,3,7,sha256:0b6dc62bbeb00e28b5fc586d799aee37291345f958ee5b8aea9d63a4e6780033,IYGT,V39I;D40Y;V54T,3,1.80231401446,2.43150615692,0.605017840862,0.629192142461,2.145352027,0.77808662955,2.145352027,kg_llm_uq,H03-00,"hypothesis=0.750; evidence=0.778; temporal_prior=0.669; gp_coverage_uncertainty=0.472; predictor_component=0.000; fitness_predictors_enabled=False; hypotheses_considered=3 Critic: The batch aligns with the soft hypothesis priors, includes matched controls and coverage exploration, and passes all deterministic gates. Falsification is executable with a clear comparator and missing-data policy.",support,Revealed value 1.802 versus visible baseline 0.2531; eight dimensions reviewed.,1,"[""E3:kg:sha256:0b6dc62bbeb00e28b5fc586d799aee37291345f958ee5b8aea9d63a4e6780033""]",measured_aggregate,kg,unknown,ok,context-bound residue observation score=0.778; support=26,artifacts/hierarchical-scientist-kg_base_kg_base_rag_kg_base_al/runs/knowledge_agent-s11-f00-GB1-hierarchical-kg_base_rag-f00-20260820T215844674788Z,hypothesis_target,3,False,True,0
kg_base_rag,0,11,knowledge_agent-s11-f00-GB1-hierarchical-kg_base_rag-f00-20260820T215844674788Z,3,8,sha256:9118a42e0189eb5c2e6387cd11974e91add4b2cbdf22c180fb6fccea22475fc2,CFGV,V39C;D40F,2,2.9257530725,2.58446216583,0.365828067064,-0.341290906667,1.63518839377,0.707930022456,1.63518839377,kg_llm_uq,H03-00,"hypothesis=1.000; evidence=0.708; temporal_prior=0.219; gp_coverage_uncertainty=0.000; predictor_component=0.000; fitness_predictors_enabled=False; hypotheses_considered=3 Critic: The batch aligns with the soft hypothesis priors, includes matched controls and coverage exploration, and passes all deterministic gates. Falsification is executable with a clear comparator and missing-data policy.",support,Revealed value 2.926 versus visible baseline 0.2531; eight dimensions reviewed.,1,"[""E3:kg:sha256:9118a42e0189eb5c2e6387cd11974e91add4b2cbdf22c180fb6fccea22475fc2""]",measured_aggregate,kg,unknown,ok,context-bound residue observation score=0.708; support=10,artifacts/hierarchical-scientist-kg_base_kg_base_rag_kg_base_al/runs/knowledge_agent-s11-f00-GB1-hierarchical-kg_base_rag-f00-20260820T215844674788Z,hypothesis_target,4,True,False,0
kg_base_rag,0,11,knowledge_agent-s11-f00-GB1-hierarchical-kg_base_rag-f00-20260820T215844674788Z,3,9,sha256:fe75d89ae22a1a05ae269d2cb7c9a689e5b4091b580b7655e388ec6b9346a3eb,QYGT,V39Q;D40Y;V54T,3,0.166000555526,1.47158157825,0.705038964748,1.30558102273,2.17689702149,0.510878463749,2.17689702149,kg_llm_uq,H03-00,"hypothesis=0.500; evidence=0.511; temporal_prior=0.815; gp_coverage_uncertainty=0.924; predictor_component=0.000; fitness_predictors_enabled=False; hypotheses_considered=3 Critic: The batch aligns with the soft hypothesis priors, includes matched controls and coverage exploration, and passes all deterministic gates. Falsification is executable with a clear comparator and missing-data policy.",mixed,Revealed value 0.166 versus visible baseline 0.2531; eight dimensions reviewed.,1,"[""E3:kg:sha256:fe75d89ae22a1a05ae269d2cb7c9a689e5b4091b580b7655e388ec6b9346a3eb""]",measured_aggregate,kg,unknown,ok,context-bound residue observation score=0.511; support=15,artifacts/hierarchical-scientist-kg_base_kg_base_rag_kg_base_al/runs/knowledge_agent-s11-f00-GB1-hierarchical-kg_base_rag-f00-20260820T215844674788Z,matched_control,2,False,False,0
kg_base_rag,0,11,knowledge_agent-s11-f00-GB1-hierarchical-kg_base_rag-f00-20260820T215844674788Z,3,10,sha256:fef0f9769dde9436ae51faa36be6a4a73c8dbfe85acac39a21f402dfd4f4f786,PSGA,V39P;D40S;V54A,3,0.00455035973676,0.427164554596,0.705714523792,0.422614194859,0.432297124957,0.0170474661053,0.432297124957,kg_llm_uq,H03-00,"hypothesis=0.500; evidence=0.017; temporal_prior=-0.508; gp_coverage_uncertainty=0.437; predictor_component=0.000; fitness_predictors_enabled=False; hypotheses_considered=3 Critic: The batch aligns with the soft hypothesis priors, includes matched controls and coverage exploration, and passes all deterministic gates. Falsification is executable with a clear comparator and missing-data policy.",mixed,Revealed value 0.00455 versus visible baseline 0.2531; eight dimensions reviewed.,1,"[""E3:kg:sha256:fef0f9769dde9436ae51faa36be6a4a73c8dbfe85acac39a21f402dfd4f4f786""]",measured_aggregate,kg,unknown,ok,context-bound residue observation score=0.017; support=16,artifacts/hierarchical-scientist-kg_base_kg_base_rag_kg_base_al/runs/knowledge_agent-s11-f00-GB1-hierarchical-kg_base_rag-f00-20260820T215844674788Z,matched_control,2,False,False,0
kg_base_rag,0,11,knowledge_agent-s11-f00-GB1-hierarchical-kg_base_rag-f00-20260820T215844674788Z,3,11,sha256:58fd6c6ccdf879ca0de927bc0fbf0a7e106f99ab526b5714d78b6f08f5f27c30,IYLC,V39I;D40Y;G41L;V54C,4,0.124293605321,2.18135452271,0.730514764786,2.05706091738,2.08924124716,0.775440176248,2.08924124716,kg_llm_uq,H03-00,"hypothesis=0.750; evidence=0.775; temporal_prior=0.300; gp_coverage_uncertainty=0.794; predictor_component=0.000; fitness_predictors_enabled=False; hypotheses_considered=3 Critic: The batch aligns with the soft hypothesis priors, includes matched controls and coverage exploration, and passes all deterministic gates. Falsification is executable with a clear comparator and missing-data policy.",mixed,Revealed value 0.1243 versus visible baseline 0.2531; eight dimensions reviewed.,1,"[""E3:kg:sha256:58fd6c6ccdf879ca0de927bc0fbf0a7e106f99ab526b5714d78b6f08f5f27c30""]",measured_aggregate,kg,unknown,ok,context-bound residue observation score=0.775; support=42,artifacts/hierarchical-scientist-kg_base_kg_base_rag_kg_base_al/runs/knowledge_agent-s11-f00-GB1-hierarchical-kg_base_rag-f00-20260820T215844674788Z,evidence_prior,3,False,False,0
kg_base_rag,0,11,knowledge_agent-s11-f00-GB1-hierarchical-kg_base_rag-f00-20260820T215844674788Z,3,12,sha256:9b5f6bd1741a7fce97c44fb369f4b292ac8c8cf1632b2ef5687e25302e302bc6,LWIC,V39L;D40W;G41I;V54C,4,0.00835619923205,1.57637310028,0.737350821495,1.56801690105,1.56553450659,0.695980676379,1.56553450659,kg_llm_uq,H03-00,"hypothesis=0.750; evidence=0.696; temporal_prior=0.454; gp_coverage_uncertainty=0.000; predictor_component=0.000; fitness_predictors_enabled=False; hypotheses_considered=3 Critic: The batch aligns with the soft hypothesis priors, includes matched controls and coverage exploration, and passes all deterministic gates. Falsification is executable with a clear comparator and missing-data policy.",mixed,Revealed value 0.008356 versus visible baseline 0.2531; eight dimensions reviewed.,1,"[""E3:kg:sha256:9b5f6bd1741a7fce97c44fb369f4b292ac8c8cf1632b2ef5687e25302e302bc6""]",measured_aggregate,kg,unknown,ok,context-bound residue observation score=0.696; support=36,artifacts/hierarchical-scientist-kg_base_kg_base_rag_kg_base_al/runs/knowledge_agent-s11-f00-GB1-hierarchical-kg_base_rag-f00-20260820T215844674788Z,evidence_prior,3,False,False,0
kg_base_rag,0,11,knowledge_agent-s11-f00-GB1-hierarchical-kg_base_rag-f00-20260820T215844674788Z,3,13,sha256:fb22ceafe1f377dee9d9b0aa3a6cd537af6a44f00dc3742e6c4f06ad5b1f0249,CYGS,V39C;D40Y;V54S,3,0.541904012778,1.5802192688,0.618145823479,1.03831525602,1.62061197948,0.683731402824,1.62061197948,kg_llm_uq,H03-00,"hypothesis=0.750; evidence=0.684; temporal_prior=0.533; gp_coverage_uncertainty=0.000; predictor_component=0.000; fitness_predictors_enabled=False; hypotheses_considered=3 Critic: The batch aligns with the soft hypothesis priors, includes matched controls and coverage exploration, and passes all deterministic gates. Falsification is executable with a clear comparator and missing-data policy.",support,Revealed value 0.5419 versus visible baseline 0.2531; eight dimensions reviewed.,1,"[""E3:kg:sha256:fb22ceafe1f377dee9d9b0aa3a6cd537af6a44f00dc3742e6c4f06ad5b1f0249""]",measured_aggregate,kg,unknown,ok,context-bound residue observation score=0.684; support=21,artifacts/hierarchical-scientist-kg_base_kg_base_rag_kg_base_al/runs/knowledge_agent-s11-f00-GB1-hierarchical-kg_base_rag-f00-20260820T215844674788Z,evidence_prior,3,False,False,0
kg_base_rag,0,11,knowledge_agent-s11-f00-GB1-hierarchical-kg_base_rag-f00-20260820T215844674788Z,3,14,sha256:d73c318ebfd36e1661c2327d7a79e92cf81917958921bdb536663aeae94a8706,LFLA,V39L;D40F;G41L;V54A,4,1.54730953215,1.21205604076,0.715642571449,-0.335253491386,1.66586172758,0.531386210049,1.66586172758,kg_llm_uq,H03-00,"hypothesis=0.750; evidence=0.531; temporal_prior=-0.177; gp_coverage_uncertainty=0.950; predictor_component=0.000; fitness_predictors_enabled=False; hypotheses_considered=3 Critic: The batch aligns with the soft hypothesis priors, includes matched controls and coverage exploration, and passes all deterministic gates. Falsification is executable with a clear comparator and missing-data policy.",inconclusive,Revealed value 1.547 versus visible baseline 0.2531; eight dimensions reviewed.,1,"[""E3:kg:sha256:d73c318ebfd36e1661c2327d7a79e92cf81917958921bdb536663aeae94a8706""]",measured_aggregate,kg,unknown,ok,context-bound residue observation score=0.531; support=31,artifacts/hierarchical-scientist-kg_base_kg_base_rag_kg_base_al/runs/knowledge_agent-s11-f00-GB1-hierarchical-kg_base_rag-f00-20260820T215844674788Z,coverage_exploration,3,False,False,0
kg_base_rag,0,11,knowledge_agent-s11-f00-GB1-hierarchical-kg_base_rag-f00-20260820T215844674788Z,3,15,sha256:fe558f0cbdacf9dd7d96baffe2594d0f9bc8f317bce6efe9d1bf1afa738f15c9,MWAA,V39M;D40W;G41A;V54A,4,4.49222585755,0.562448382378,0.676957070827,-3.92977747517,1.23714753876,0.267443842122,1.23714753876,kg_llm_uq,H03-00,"hypothesis=0.570; evidence=0.267; temporal_prior=-0.262; gp_coverage_uncertainty=0.937; predictor_component=0.000; fitness_predictors_enabled=False; hypotheses_considered=3 Critic: The batch aligns with the soft hypothesis priors, includes matched controls and coverage exploration, and passes all deterministic gates. Falsification is executable with a clear comparator and missing-data policy.",inconclusive,Revealed value 4.492 versus visible baseline 0.2531; eight dimensions reviewed.,1,"[""E3:kg:sha256:fe558f0cbdacf9dd7d96baffe2594d0f9bc8f317bce6efe9d1bf1afa738f15c9""]",measured_aggregate,kg,unknown,ok,context-bound residue observation score=0.267; support=29,artifacts/hierarchical-scientist-kg_base_kg_base_rag_kg_base_al/runs/knowledge_agent-s11-f00-GB1-hierarchical-kg_base_rag-f00-20260820T215844674788Z,coverage_exploration,2,False,False,0
kg_base_rag,0,11,knowledge_agent-s11-f00-GB1-hierarchical-kg_base_rag-f00-20260820T215844674788Z,3,16,sha256:bc9ab8ad5552728be1c5bfd543c6727bc0aa678b015ad9fa1190ceb1342be907,LFTA,V39L;D40F;G41T;V54A,4,0.0102527911239,1.44799542427,0.56766551733,1.43774263315,1.96407390949,0.57449674008,1.96407390949,kg_llm_uq,H03-00,"hypothesis=0.750; evidence=0.574; temporal_prior=0.187; gp_coverage_uncertainty=0.921; predictor_component=0.000; fitness_predictors_enabled=False; hypotheses_considered=3 Critic: The batch aligns with the soft hypothesis priors, includes matched controls and coverage exploration, and passes all deterministic gates. Falsification is executable with a clear comparator and missing-data policy.",mixed,Revealed value 0.01025 versus visible baseline 0.2531; eight dimensions reviewed.,1,"[""E3:kg:sha256:bc9ab8ad5552728be1c5bfd543c6727bc0aa678b015ad9fa1190ceb1342be907""]",measured_aggregate,kg,unknown,ok,context-bound residue observation score=0.574; support=28,artifacts/hierarchical-scientist-kg_base_kg_base_rag_kg_base_al/runs/knowledge_agent-s11-f00-GB1-hierarchical-kg_base_rag-f00-20260820T215844674788Z,coverage_exploration,3,False,False,0
kg_base_rag,1,11,knowledge_agent-s11-f01-GB1-hierarchical-kg_base_rag-f01-20260820T221240262683Z,1,1,sha256:146f994851540dcf3fe10fcaf46e6423e3756b7291483e7288dfdd7a7e393fad,IYGA,V39I;D40Y;V54A,3,2.43521830222,2.76680898666,0.705483555794,0.331590684444,2.16459658303,0.592749726295,2.16459658303,kg_llm_uq,H01-00,"hypothesis=1.000; evidence=0.593; temporal_prior=0.000; gp_coverage_uncertainty=1.039; predictor_component=0.000; fitness_predictors_enabled=False; hypotheses_considered=1 Critic: The closed-pool batch of 16 candidates is fully eligible: no deterministic conflicts, all mutations are valid, and controls (S09,S10) and diversity (threshold satisfied) are confirmed by runtime receipts. The hypothesis is soft-prior based with no hard constraints; soft-prior mismatches are descriptive and do not warrant exclusion. Falsification spec is compiled and executable with a clear comparator and missing-data policy. RAG/KG evidence is visible but generic; it does not override deterministic validation. The batch is scientifically reasonable for testing the stated soft-prior enrichment hypothesis.",support,Revealed value 2.435 versus visible baseline 0.1079; eight dimensions reviewed.,1,"[""E1:kg:sha256:146f994851540dcf3fe10fcaf46e6423e3756b7291483e7288dfdd7a7e393fad""]",measured_aggregate,kg,unknown,ok,context-bound residue observation score=0.593; support=6,artifacts/hierarchical-scientist-kg_base_kg_base_rag_kg_base_al/runs/knowledge_agent-s11-f01-GB1-hierarchical-kg_base_rag-f01-20260820T221240262683Z,hypothesis_target,4,True,True,2
kg_base_rag,1,11,knowledge_agent-s11-f01-GB1-hierarchical-kg_base_rag-f01-20260820T221240262683Z,1,2,sha256:8cb6b7ff31c0b2b46054d659d140cd4b027c8c761b86aaada4e19478d97a77d0,LFGA,V39L;D40F;V54A,3,2.47369898132,2.33754706383,0.746757745743,-0.136151917492,1.95378667609,0.387439115143,1.95378667609,kg_llm_uq,H01-00,"hypothesis=1.000; evidence=0.387; temporal_prior=0.000; gp_coverage_uncertainty=0.936; predictor_component=0.000; fitness_predictors_enabled=False; hypotheses_considered=1 Critic: The closed-pool batch of 16 candidates is fully eligible: no deterministic conflicts, all mutations are valid, and controls (S09,S10) and diversity (threshold satisfied) are confirmed by runtime receipts. The hypothesis is soft-prior based with no hard constraints; soft-prior mismatches are descriptive and do not warrant exclusion. Falsification spec is compiled and executable with a clear comparator and missing-data policy. RAG/KG evidence is visible but generic; it does not override deterministic validation. The batch is scientifically reasonable for testing the stated soft-prior enrichment hypothesis.",support,Revealed value 2.474 versus visible baseline 0.1079; eight dimensions reviewed.,1,"[""E1:kg:sha256:8cb6b7ff31c0b2b46054d659d140cd4b027c8c761b86aaada4e19478d97a77d0""]",measured_aggregate,kg,unknown,ok,context-bound residue observation score=0.387; support=4,artifacts/hierarchical-scientist-kg_base_kg_base_rag_kg_base_al/runs/knowledge_agent-s11-f01-GB1-hierarchical-kg_base_rag-f01-20260820T221240262683Z,hypothesis_target,4,True,True,2
kg_base_rag,1,11,knowledge_agent-s11-f01-GB1-hierarchical-kg_base_rag-f01-20260820T221240262683Z,1,3,sha256:bb0f98026ae3156f3fa0a8986d3f41021f90c5d30d7dc590c2309a0f4f877b40,LYGW,V39L;D40Y;V54W,3,2.10780626136,2.81864452362,0.762145340443,0.710838262261,1.77805048127,0.50144640178,1.77805048127,kg_llm_uq,H01-00,"hypothesis=0.750; evidence=0.501; temporal_prior=0.000; gp_coverage_uncertainty=0.936; predictor_component=0.000; fitness_predictors_enabled=False; hypotheses_considered=1 Critic: The closed-pool batch of 16 candidates is fully eligible: no deterministic conflicts, all mutations are valid, and controls (S09,S10) and diversity (threshold satisfied) are confirmed by runtime receipts. The hypothesis is soft-prior based with no hard constraints; soft-prior mismatches are descriptive and do not warrant exclusion. Falsification spec is compiled and executable with a clear comparator and missing-data policy. RAG/KG evidence is visible but generic; it does not override deterministic validation. The batch is scientifically reasonable for testing the stated soft-prior enrichment hypothesis.",support,Revealed value 2.108 versus visible baseline 0.1079; eight dimensions reviewed.,1,"[""E1:kg:sha256:bb0f98026ae3156f3fa0a8986d3f41021f90c5d30d7dc590c2309a0f4f877b40""]",measured_aggregate,kg,unknown,ok,context-bound residue observation score=0.501; support=4,artifacts/hierarchical-scientist-kg_base_kg_base_rag_kg_base_al/runs/knowledge_agent-s11-f01-GB1-hierarchical-kg_base_rag-f01-20260820T221240262683Z,hypothesis_target,3,False,False,2
kg_base_rag,1,11,knowledge_agent-s11-f01-GB1-hierarchical-kg_base_rag-f01-20260820T221240262683Z,1,4,sha256:f65687b40c0922c96a93f6017ce7fec555e3d3f654dc7f82b256f4af56aaf32d,LYAA,V39L;D40Y;G41A;V54A,4,4.89372839841,1.92252802849,0.822217285633,-2.97120036992,1.77429119054,0.422647299381,1.77429119054,kg_llm_uq,H01-00,"hypothesis=0.750; evidence=0.423; temporal_prior=0.000; gp_coverage_uncertainty=0.999; predictor_component=0.000; fitness_predictors_enabled=False; hypotheses_considered=1 Critic: The closed-pool batch of 16 candidates is fully eligible: no deterministic conflicts, all mutations are valid, and controls (S09,S10) and diversity (threshold satisfied) are confirmed by runtime receipts. The hypothesis is soft-prior based with no hard constraints; soft-prior mismatches are descriptive and do not warrant exclusion. Falsification spec is compiled and executable with a clear comparator and missing-data policy. RAG/KG evidence is visible but generic; it does not override deterministic validation. The batch is scientifically reasonable for testing the stated soft-prior enrichment hypothesis.",support,Revealed value 4.894 versus visible baseline 0.1079; eight dimensions reviewed.,1,"[""E1:kg:sha256:f65687b40c0922c96a93f6017ce7fec555e3d3f654dc7f82b256f4af56aaf32d""]",measured_aggregate,kg,unknown,ok,context-bound residue observation score=0.423; support=7,artifacts/hierarchical-scientist-kg_base_kg_base_rag_kg_base_al/runs/knowledge_agent-s11-f01-GB1-hierarchical-kg_base_rag-f01-20260820T221240262683Z,hypothesis_target,3,False,False,2
kg_base_rag,1,11,knowledge_agent-s11-f01-GB1-hierarchical-kg_base_rag-f01-20260820T221240262683Z,1,5,sha256:3cff1ab1b454d306870f5191f9e7037202ea456da1872ba6b7ed0583765a0219,IYSA,V39I;D40Y;G41S;V54A,4,0.497522774316,1.92162442207,0.78288012743,1.42410164776,1.79776165491,0.442242113233,1.79776165491,kg_llm_uq,H01-00,"hypothesis=0.750; evidence=0.442; temporal_prior=0.000; gp_coverage_uncertainty=1.014; predictor_component=0.000; fitness_predictors_enabled=False; hypotheses_considered=1 Critic: The closed-pool batch of 16 candidates is fully eligible: no deterministic conflicts, all mutations are valid, and controls (S09,S10) and diversity (threshold satisfied) are confirmed by runtime receipts. The hypothesis is soft-prior based with no hard constraints; soft-prior mismatches are descriptive and do not warrant exclusion. Falsification spec is compiled and executable with a clear comparator and missing-data policy. RAG/KG evidence is visible but generic; it does not override deterministic validation. The batch is scientifically reasonable for testing the stated soft-prior enrichment hypothesis.",support,Revealed value 0.4975 versus visible baseline 0.1079; eight dimensions reviewed.,1,"[""E1:kg:sha256:3cff1ab1b454d306870f5191f9e7037202ea456da1872ba6b7ed0583765a0219""]",measured_aggregate,kg,unknown,ok,context-bound residue observation score=0.442; support=7,artifacts/hierarchical-scientist-kg_base_kg_base_rag_kg_base_al/runs/knowledge_agent-s11-f01-GB1-hierarchical-kg_base_rag-f01-20260820T221240262683Z,hypothesis_target,3,False,False,2
kg_base_rag,1,11,knowledge_agent-s11-f01-GB1-hierarchical-kg_base_rag-f01-20260820T221240262683Z,1,6,sha256:2af5a7980464045e0d52470542adf82bb4e06378aff58c4aac4f6b5e4daed5c5,IYLA,V39I;D40Y;G41L;V54A,4,0.328511231086,1.68277859688,0.812309324741,1.35426736579,1.78603258462,0.424305565843,1.78603258462,kg_llm_uq,H01-00,"hypothesis=0.750; evidence=0.424; temporal_prior=0.000; gp_coverage_uncertainty=1.014; predictor_component=0.000; fitness_predictors_enabled=False; hypotheses_considered=1 Critic: The closed-pool batch of 16 candidates is fully eligible: no deterministic conflicts, all mutations are valid, and controls (S09,S10) and diversity (threshold satisfied) are confirmed by runtime receipts. The hypothesis is soft-prior based with no hard constraints; soft-prior mismatches are descriptive and do not warrant exclusion. Falsification spec is compiled and executable with a clear comparator and missing-data policy. RAG/KG evidence is visible but generic; it does not override deterministic validation. The batch is scientifically reasonable for testing the stated soft-prior enrichment hypothesis.",support,Revealed value 0.3285 versus visible baseline 0.1079; eight dimensions reviewed.,1,"[""E1:kg:sha256:2af5a7980464045e0d52470542adf82bb4e06378aff58c4aac4f6b5e4daed5c5""]",measured_aggregate,kg,unknown,ok,context-bound residue observation score=0.424; support=8,artifacts/hierarchical-scientist-kg_base_kg_base_rag_kg_base_al/runs/knowledge_agent-s11-f01-GB1-hierarchical-kg_base_rag-f01-20260820T221240262683Z,hypothesis_target,3,False,False,2
kg_base_rag,1,11,knowledge_agent-s11-f01-GB1-hierarchical-kg_base_rag-f01-20260820T221240262683Z,1,7,sha256:6e06df983fec70f5ef8ae432fac36de77cce9404d8066e814d95dfa44e76042b,IYGQ,V39I;D40Y;V54Q,3,1.17504652082,1.91897702217,0.754921138287,0.743930501351,1.76859990596,0.485202167964,1.76859990596,kg_llm_uq,H01-00,"hypothesis=0.750; evidence=0.485; temporal_prior=0.000; gp_coverage_uncertainty=0.938; predictor_component=0.000; fitness_predictors_enabled=False; hypotheses_considered=1 Critic: The closed-pool batch of 16 candidates is fully eligible: no deterministic conflicts, all mutations are valid, and controls (S09,S10) and diversity (threshold satisfied) are confirmed by runtime receipts. The hypothesis is soft-prior based with no hard constraints; soft-prior mismatches are descriptive and do not warrant exclusion. Falsification spec is compiled and executable with a clear comparator and missing-data policy. RAG/KG evidence is visible but generic; it does not override deterministic validation. The batch is scientifically reasonable for testing the stated soft-prior enrichment hypothesis.",support,Revealed value 1.175 versus visible baseline 0.1079; eight dimensions reviewed.,1,"[""E1:kg:sha256:6e06df983fec70f5ef8ae432fac36de77cce9404d8066e814d95dfa44e76042b""]",measured_aggregate,kg,unknown,ok,context-bound residue observation score=0.485; support=5,artifacts/hierarchical-scientist-kg_base_kg_base_rag_kg_base_al/runs/knowledge_agent-s11-f01-GB1-hierarchical-kg_base_rag-f01-20260820T221240262683Z,hypothesis_target,3,False,False,2
kg_base_rag,1,11,knowledge_agent-s11-f01-GB1-hierarchical-kg_base_rag-f01-20260820T221240262683Z,1,8,sha256:07beadee4dd27f8fc610222355212e03ab13f8995c692d981d234e0be63701ce,GYGA,V39G;D40Y;V54A,3,0.0163981482366,1.64492726326,0.752496421337,1.62852911502,1.76132773703,0.474014215767,1.76132773703,kg_llm_uq,H01-00,"hypothesis=0.750; evidence=0.474; temporal_prior=0.000; gp_coverage_uncertainty=0.938; predictor_component=0.000; fitness_predictors_enabled=False; hypotheses_considered=1 Critic: The closed-pool batch of 16 candidates is fully eligible: no deterministic conflicts, all mutations are valid, and controls (S09,S10) and diversity (threshold satisfied) are confirmed by runtime receipts. The hypothesis is soft-prior based with no hard constraints; soft-prior mismatches are descriptive and do not warrant exclusion. Falsification spec is compiled and executable with a clear comparator and missing-data policy. RAG/KG evidence is visible but generic; it does not override deterministic validation. The batch is scientifically reasonable for testing the stated soft-prior enrichment hypothesis.",mixed,Revealed value 0.0164 versus visible baseline 0.1079; eight dimensions reviewed.,1,"[""E1:kg:sha256:07beadee4dd27f8fc610222355212e03ab13f8995c692d981d234e0be63701ce""]",measured_aggregate,kg,unknown,ok,context-bound residue observation score=0.474; support=5,artifacts/hierarchical-scientist-kg_base_kg_base_rag_kg_base_al/runs/knowledge_agent-s11-f01-GB1-hierarchical-kg_base_rag-f01-20260820T221240262683Z,hypothesis_target,3,False,False,2
kg_base_rag,1,11,knowledge_agent-s11-f01-GB1-hierarchical-kg_base_rag-f01-20260820T221240262683Z,1,9,sha256:ffba39f4c9c3f5db3dece4b6abc7de2411392e2b9fb73de2b101dff2f9145ccc,QFGM,V39Q;D40F;V54M,3,2.5805060492,1.39601361752,0.790383756161,-1.18449243168,1.30578631305,0.161385878234,1.30578631305,kg_llm_uq,H01-00,"hypothesis=0.500; evidence=0.161; temporal_prior=0.000; gp_coverage_uncertainty=0.935; predictor_component=0.000; fitness_predictors_enabled=False; hypotheses_considered=1 Critic: The closed-pool batch of 16 candidates is fully eligible: no deterministic conflicts, all mutations are valid, and controls (S09,S10) and diversity (threshold satisfied) are confirmed by runtime receipts. The hypothesis is soft-prior based with no hard constraints; soft-prior mismatches are descriptive and do not warrant exclusion. Falsification spec is compiled and executable with a clear comparator and missing-data policy. RAG/KG evidence is visible but generic; it does not override deterministic validation. The batch is scientifically reasonable for testing the stated soft-prior enrichment hypothesis.",inconclusive,Revealed value 2.581 versus visible baseline 0.1079; eight dimensions reviewed.,1,"[""E1:kg:sha256:ffba39f4c9c3f5db3dece4b6abc7de2411392e2b9fb73de2b101dff2f9145ccc""]",measured_aggregate,kg,unknown,ok,context-bound residue observation score=0.161; support=3,artifacts/hierarchical-scientist-kg_base_kg_base_rag_kg_base_al/runs/knowledge_agent-s11-f01-GB1-hierarchical-kg_base_rag-f01-20260820T221240262683Z,matched_control,2,False,False,2
kg_base_rag,1,11,knowledge_agent-s11-f01-GB1-hierarchical-kg_base_rag-f01-20260820T221240262683Z,1,10,sha256:ffb567e3d3b5edfa3e8e73313f9a15226022a65e310693cf3730eaead266a527,ISGK,V39I;D40S;V54K,3,0.00966683960952,1.12094140053,0.777366220951,1.11127456092,1.2778295446,0.110677751174,1.2778295446,kg_llm_uq,H01-00,"hypothesis=0.500; evidence=0.111; temporal_prior=0.000; gp_coverage_uncertainty=0.941; predictor_component=0.000; fitness_predictors_enabled=False; hypotheses_considered=1 Critic: The closed-pool batch of 16 candidates is fully eligible: no deterministic conflicts, all mutations are valid, and controls (S09,S10) and diversity (threshold satisfied) are confirmed by runtime receipts. The hypothesis is soft-prior based with no hard constraints; soft-prior mismatches are descriptive and do not warrant exclusion. Falsification spec is compiled and executable with a clear comparator and missing-data policy. RAG/KG evidence is visible but generic; it does not override deterministic validation. The batch is scientifically reasonable for testing the stated soft-prior enrichment hypothesis.",mixed,Revealed value 0.009667 versus visible baseline 0.1079; eight dimensions reviewed.,1,"[""E1:kg:sha256:ffb567e3d3b5edfa3e8e73313f9a15226022a65e310693cf3730eaead266a527""]",measured_aggregate,kg,unknown,ok,context-bound residue observation score=0.111; support=6,artifacts/hierarchical-scientist-kg_base_kg_base_rag_kg_base_al/runs/knowledge_agent-s11-f01-GB1-hierarchical-kg_base_rag-f01-20260820T221240262683Z,matched_control,2,False,False,2
kg_base_rag,1,11,knowledge_agent-s11-f01-GB1-hierarchical-kg_base_rag-f01-20260820T221240262683Z,1,11,sha256:95a50d9a8a35bc45e819dc2f36c165ad91dfc4ef850581d74ff0015d4fb1deb2,LYGH,V39L;D40Y;V54H,3,0.360889044728,2.26338291168,0.795127868652,1.90249386695,1.72071450448,0.442032611085,1.72071450448,kg_llm_uq,H01-00,"hypothesis=0.750; evidence=0.442; temporal_prior=0.000; gp_coverage_uncertainty=0.911; predictor_component=0.000; fitness_predictors_enabled=False; hypotheses_considered=1 Critic: The closed-pool batch of 16 candidates is fully eligible: no deterministic conflicts, all mutations are valid, and controls (S09,S10) and diversity (threshold satisfied) are confirmed by runtime receipts. The hypothesis is soft-prior based with no hard constraints; soft-prior mismatches are descriptive and do not warrant exclusion. Falsification spec is compiled and executable with a clear comparator and missing-data policy. RAG/KG evidence is visible but generic; it does not override deterministic validation. The batch is scientifically reasonable for testing the stated soft-prior enrichment hypothesis.",support,Revealed value 0.3609 versus visible baseline 0.1079; eight dimensions reviewed.,1,"[""E1:kg:sha256:95a50d9a8a35bc45e819dc2f36c165ad91dfc4ef850581d74ff0015d4fb1deb2""]",measured_aggregate,kg,unknown,ok,context-bound residue observation score=0.442; support=5,artifacts/hierarchical-scientist-kg_base_kg_base_rag_kg_base_al/runs/knowledge_agent-s11-f01-GB1-hierarchical-kg_base_rag-f01-20260820T221240262683Z,evidence_prior,3,False,False,2
kg_base_rag,1,11,knowledge_agent-s11-f01-GB1-hierarchical-kg_base_rag-f01-20260820T221240262683Z,1,12,sha256:648a58c1136e58ad2f1666370f4a11707df38a2f596407bb78af38ed9d142ad0,LFGV,V39L;D40F,2,4.02906611368,3.24937391281,0.478277891874,-0.779692200869,1.02101642855,0.416948351614,1.02101642855,kg_llm_uq,H01-00,"hypothesis=0.750; evidence=0.417; temporal_prior=0.000; gp_coverage_uncertainty=0.000; predictor_component=0.000; fitness_predictors_enabled=False; hypotheses_considered=1 Critic: The closed-pool batch of 16 candidates is fully eligible: no deterministic conflicts, all mutations are valid, and controls (S09,S10) and diversity (threshold satisfied) are confirmed by runtime receipts. The hypothesis is soft-prior based with no hard constraints; soft-prior mismatches are descriptive and do not warrant exclusion. Falsification spec is compiled and executable with a clear comparator and missing-data policy. RAG/KG evidence is visible but generic; it does not override deterministic validation. The batch is scientifically reasonable for testing the stated soft-prior enrichment hypothesis.",support,Revealed value 4.029 versus visible baseline 0.1079; eight dimensions reviewed.,1,"[""E1:kg:sha256:648a58c1136e58ad2f1666370f4a11707df38a2f596407bb78af38ed9d142ad0""]",measured_aggregate,kg,unknown,ok,context-bound residue observation score=0.417; support=2,artifacts/hierarchical-scientist-kg_base_kg_base_rag_kg_base_al/runs/knowledge_agent-s11-f01-GB1-hierarchical-kg_base_rag-f01-20260820T221240262683Z,evidence_prior,3,False,False,2
kg_base_rag,1,11,knowledge_agent-s11-f01-GB1-hierarchical-kg_base_rag-f01-20260820T221240262683Z,1,13,sha256:722af3f7b18b4575c1e272ac99b55a5d0480afd54454eb9026154f424edc3527,IFGT,V39I;D40F;V54T,3,1.18270190189,1.99694085121,0.773867964745,0.814238949322,1.65551734888,0.313178611744,1.65551734888,kg_llm_uq,H01-00,"hypothesis=0.750; evidence=0.313; temporal_prior=0.000; gp_coverage_uncertainty=0.936; predictor_component=0.000; fitness_predictors_enabled=False; hypotheses_considered=1 Critic: The closed-pool batch of 16 candidates is fully eligible: no deterministic conflicts, all mutations are valid, and controls (S09,S10) and diversity (threshold satisfied) are confirmed by runtime receipts. The hypothesis is soft-prior based with no hard constraints; soft-prior mismatches are descriptive and do not warrant exclusion. Falsification spec is compiled and executable with a clear comparator and missing-data policy. RAG/KG evidence is visible but generic; it does not override deterministic validation. The batch is scientifically reasonable for testing the stated soft-prior enrichment hypothesis.",support,Revealed value 1.183 versus visible baseline 0.1079; eight dimensions reviewed.,1,"[""E1:kg:sha256:722af3f7b18b4575c1e272ac99b55a5d0480afd54454eb9026154f424edc3527""]",measured_aggregate,kg,unknown,ok,context-bound residue observation score=0.313; support=4,artifacts/hierarchical-scientist-kg_base_kg_base_rag_kg_base_al/runs/knowledge_agent-s11-f01-GB1-hierarchical-kg_base_rag-f01-20260820T221240262683Z,evidence_prior,3,False,False,2
kg_base_rag,1,11,knowledge_agent-s11-f01-GB1-hierarchical-kg_base_rag-f01-20260820T221240262683Z,1,14,sha256:d09c6087daba6b9a03fde1c1b06b1bc2e0169a7b7389b3adadb2578e1d0a56ee,IFHA,V39I;D40F;G41H;V54A,4,0.00316250001705,1.73599743843,0.808925926685,1.73283493841,1.6933798813,0.281640451878,1.6933798813,kg_llm_uq,H01-00,"hypothesis=0.750; evidence=0.282; temporal_prior=0.000; gp_coverage_uncertainty=1.014; predictor_component=0.000; fitness_predictors_enabled=False; hypotheses_considered=1 Critic: The closed-pool batch of 16 candidates is fully eligible: no deterministic conflicts, all mutations are valid, and controls (S09,S10) and diversity (threshold satisfied) are confirmed by runtime receipts. The hypothesis is soft-prior based with no hard constraints; soft-prior mismatches are descriptive and do not warrant exclusion. Falsification spec is compiled and executable with a clear comparator and missing-data policy. RAG/KG evidence is visible but generic; it does not override deterministic validation. The batch is scientifically reasonable for testing the stated soft-prior enrichment hypothesis.",mixed,Revealed value 0.003163 versus visible baseline 0.1079; eight dimensions reviewed.,1,"[""E1:kg:sha256:d09c6087daba6b9a03fde1c1b06b1bc2e0169a7b7389b3adadb2578e1d0a56ee""]",measured_aggregate,kg,unknown,ok,context-bound residue observation score=0.282; support=6,artifacts/hierarchical-scientist-kg_base_kg_base_rag_kg_base_al/runs/knowledge_agent-s11-f01-GB1-hierarchical-kg_base_rag-f01-20260820T221240262683Z,coverage_exploration,3,False,False,2
kg_base_rag,1,11,knowledge_agent-s11-f01-GB1-hierarchical-kg_base_rag-f01-20260820T221240262683Z,1,15,sha256:4bb808c68f7e8c8bdaee57164270c2258559aaeb15b8e49c65f9db8d32a0b271,IGGA,V39I;D40G;V54A,3,0.167916667572,1.17356109619,0.681908607483,1.00564442862,1.66535565798,0.2093021493,1.66535565798,kg_llm_uq,H01-00,"hypothesis=0.750; evidence=0.209; temporal_prior=0.000; gp_coverage_uncertainty=1.039; predictor_component=0.000; fitness_predictors_enabled=False; hypotheses_considered=1 Critic: The closed-pool batch of 16 candidates is fully eligible: no deterministic conflicts, all mutations are valid, and controls (S09,S10) and diversity (threshold satisfied) are confirmed by runtime receipts. The hypothesis is soft-prior based with no hard constraints; soft-prior mismatches are descriptive and do not warrant exclusion. Falsification spec is compiled and executable with a clear comparator and missing-data policy. RAG/KG evidence is visible but generic; it does not override deterministic validation. The batch is scientifically reasonable for testing the stated soft-prior enrichment hypothesis.",inconclusive,Revealed value 0.1679 versus visible baseline 0.1079; eight dimensions reviewed.,1,"[""E1:kg:sha256:4bb808c68f7e8c8bdaee57164270c2258559aaeb15b8e49c65f9db8d32a0b271""]",measured_aggregate,kg,unknown,ok,context-bound residue observation score=0.209; support=6,artifacts/hierarchical-scientist-kg_base_kg_base_rag_kg_base_al/runs/knowledge_agent-s11-f01-GB1-hierarchical-kg_base_rag-f01-20260820T221240262683Z,coverage_exploration,3,False,False,2
kg_base_rag,1,11,knowledge_agent-s11-f01-GB1-hierarchical-kg_base_rag-f01-20260820T221240262683Z,1,16,sha256:af3704fd7d94e8e7cfafba7bc4bb795f9c6b65850eccaf7e08bcbf0e52d01389,IFIA,V39I;D40F;G41I;V54A,4,0.00390533249083,1.33847618103,0.866033792496,1.33457084854,1.69334535992,0.281587342061,1.69334535992,kg_llm_uq,H01-00,"hypothesis=0.750; evidence=0.282; temporal_prior=0.000; gp_coverage_uncertainty=1.014; predictor_component=0.000; fitness_predictors_enabled=False; hypotheses_considered=1 Critic: The closed-pool batch of 16 candidates is fully eligible: no deterministic conflicts, all mutations are valid, and controls (S09,S10) and diversity (threshold satisfied) are confirmed by runtime receipts. The hypothesis is soft-prior based with no hard constraints; soft-prior mismatches are descriptive and do not warrant exclusion. Falsification spec is compiled and executable with a clear comparator and missing-data policy. RAG/KG evidence is visible but generic; it does not override deterministic validation. The batch is scientifically reasonable for testing the stated soft-prior enrichment hypothesis.",mixed,Revealed value 0.003905 versus visible baseline 0.1079; eight dimensions reviewed.,1,"[""E1:kg:sha256:af3704fd7d94e8e7cfafba7bc4bb795f9c6b65850eccaf7e08bcbf0e52d01389""]",measured_aggregate,kg,unknown,ok,context-bound residue observation score=0.282; support=6,artifacts/hierarchical-scientist-kg_base_kg_base_rag_kg_base_al/runs/knowledge_agent-s11-f01-GB1-hierarchical-kg_base_rag-f01-20260820T221240262683Z,coverage_exploration,3,False,False,2
kg_base_rag,1,11,knowledge_agent-s11-f01-GB1-hierarchical-kg_base_rag-f01-20260820T221240262683Z,2,1,sha256:f76dde0b09a70424006fc41e57e7585914152be6586fbe95e7f63f7dde771b00,LWGV,V39L;D40W,2,4.04596052161,3.95130491257,0.516536355019,-0.0946556090429,3.12707405155,0.705203490545,3.12707405155,kg_llm_uq,H02-00,"hypothesis=0.770; evidence=0.705; temporal_prior=0.831; gp_coverage_uncertainty=1.644; predictor_component=0.000; fitness_predictors_enabled=False; hypotheses_considered=2 Critic: The batch is well-formed for the closed-pool agent_uq route. Deterministic conflict report is empty; all mutation notations are valid and within allowed positions. The hypothesis correctly treats preferred residues as soft priors, and no hard constraints are violated. Controls (S09, S10) are feasible and matched appropriately; diversity threshold is satisfied. Falsification spec is executable with clear comparator and missing-data policy. Predictions are not decision-eligible, so no model signals are used. Evidence cards support selection with adequate confidence. No required changes.",support,Revealed value 4.046 versus visible baseline 0.1583; eight dimensions reviewed.,1,"[""E2:kg:sha256:f76dde0b09a70424006fc41e57e7585914152be6586fbe95e7f63f7dde771b00""]",measured_aggregate,kg,unknown,ok,context-bound residue observation score=0.705; support=8,artifacts/hierarchical-scientist-kg_base_kg_base_rag_kg_base_al/runs/knowledge_agent-s11-f01-GB1-hierarchical-kg_base_rag-f01-20260820T221240262683Z,hypothesis_target,4,True,True,1
kg_base_rag,1,11,knowledge_agent-s11-f01-GB1-hierarchical-kg_base_rag-f01-20260820T221240262683Z,2,2,sha256:6f52849ed5582c913c4036ec9ab5a6fd81eeeba95fa319294e99462fc9994b6e,LFAV,V39L;D40F;G41A,3,0.430740508652,2.11982488632,0.723620772362,1.68908437767,2.61639925182,0.702185039296,2.61639925182,kg_llm_uq,H02-00,"hypothesis=0.770; evidence=0.702; temporal_prior=0.798; gp_coverage_uncertainty=1.001; predictor_component=0.000; fitness_predictors_enabled=False; hypotheses_considered=2 Critic: The batch is well-formed for the closed-pool agent_uq route. Deterministic conflict report is empty; all mutation notations are valid and within allowed positions. The hypothesis correctly treats preferred residues as soft priors, and no hard constraints are violated. Controls (S09, S10) are feasible and matched appropriately; diversity threshold is satisfied. Falsification spec is executable with clear comparator and missing-data policy. Predictions are not decision-eligible, so no model signals are used. Evidence cards support selection with adequate confidence. No required changes.",support,Revealed value 0.4307 versus visible baseline 0.1583; eight dimensions reviewed.,1,"[""E2:kg:sha256:6f52849ed5582c913c4036ec9ab5a6fd81eeeba95fa319294e99462fc9994b6e""]",measured_aggregate,kg,unknown,ok,context-bound residue observation score=0.702; support=16,artifacts/hierarchical-scientist-kg_base_kg_base_rag_kg_base_al/runs/knowledge_agent-s11-f01-GB1-hierarchical-kg_base_rag-f01-20260820T221240262683Z,hypothesis_target,4,True,False,1
kg_base_rag,1,11,knowledge_agent-s11-f01-GB1-hierarchical-kg_base_rag-f01-20260820T221240262683Z,2,3,sha256:c004108080543f240c5cde5d7aab4cf985d8e8daf2178d547dd5d31573e78c0c,LWGA,V39L;D40W;V54A,3,2.74706776264,2.14284348488,0.723059117794,-0.604224277761,2.40889815507,0.620245069105,2.40889815507,kg_llm_uq,H02-00,"hypothesis=0.885; evidence=0.620; temporal_prior=0.497; gp_coverage_uncertainty=0.964; predictor_component=0.000; fitness_predictors_enabled=False; hypotheses_considered=2 Critic: The batch is well-formed for the closed-pool agent_uq route. Deterministic conflict report is empty; all mutation notations are valid and within allowed positions. The hypothesis correctly treats preferred residues as soft priors, and no hard constraints are violated. Controls (S09, S10) are feasible and matched appropriately; diversity threshold is satisfied. Falsification spec is executable with clear comparator and missing-data policy. Predictions are not decision-eligible, so no model signals are used. Evidence cards support selection with adequate confidence. No required changes.",support,Revealed value 2.747 versus visible baseline 0.1583; eight dimensions reviewed.,1,"[""E2:kg:sha256:c004108080543f240c5cde5d7aab4cf985d8e8daf2178d547dd5d31573e78c0c""]",measured_aggregate,kg,unknown,ok,context-bound residue observation score=0.620; support=19,artifacts/hierarchical-scientist-kg_base_kg_base_rag_kg_base_al/runs/knowledge_agent-s11-f01-GB1-hierarchical-kg_base_rag-f01-20260820T221240262683Z,hypothesis_target,4,True,False,1
kg_base_rag,1,11,knowledge_agent-s11-f01-GB1-hierarchical-kg_base_rag-f01-20260820T221240262683Z,2,4,sha256:9c98b7aee3ea599bb41480b7542e1fa7aa3421f2d4446e5ee7846632edc5389c,LFAA,V39L;D40F;G41A;V54A,4,3.9045367895,3.42963171005,0.542628407478,-0.474905079448,2.23070382556,0.640465289543,2.23070382556,kg_llm_uq,H02-00,"hypothesis=0.885; evidence=0.640; temporal_prior=0.661; gp_coverage_uncertainty=0.534; predictor_component=0.000; fitness_predictors_enabled=False; hypotheses_considered=2 Critic: The batch is well-formed for the closed-pool agent_uq route. Deterministic conflict report is empty; all mutation notations are valid and within allowed positions. The hypothesis correctly treats preferred residues as soft priors, and no hard constraints are violated. Controls (S09, S10) are feasible and matched appropriately; diversity threshold is satisfied. Falsification spec is executable with clear comparator and missing-data policy. Predictions are not decision-eligible, so no model signals are used. Evidence cards support selection with adequate confidence. No required changes.",support,Revealed value 3.905 versus visible baseline 0.1583; eight dimensions reviewed.,1,"[""E2:kg:sha256:9c98b7aee3ea599bb41480b7542e1fa7aa3421f2d4446e5ee7846632edc5389c""]",measured_aggregate,kg,unknown,ok,context-bound residue observation score=0.640; support=27,artifacts/hierarchical-scientist-kg_base_kg_base_rag_kg_base_al/runs/knowledge_agent-s11-f01-GB1-hierarchical-kg_base_rag-f01-20260820T221240262683Z,hypothesis_target,4,True,False,1
kg_base_rag,1,11,knowledge_agent-s11-f01-GB1-hierarchical-kg_base_rag-f01-20260820T221240262683Z,2,5,sha256:07953cc3dd7a0b30a84606c49f87ee90d179d10ad48b0ea966c8a0d47de45e56,LYAV,V39L;D40Y;G41A,3,0.759299251406,2.50902748108,0.74145835638,1.74972822967,2.39252500119,0.725012735763,2.39252500119,kg_llm_uq,H02-00,"hypothesis=0.770; evidence=0.725; temporal_prior=0.775; gp_coverage_uncertainty=0.708; predictor_component=0.000; fitness_predictors_enabled=False; hypotheses_considered=2 Critic: The batch is well-formed for the closed-pool agent_uq route. Deterministic conflict report is empty; all mutation notations are valid and within allowed positions. The hypothesis correctly treats preferred residues as soft priors, and no hard constraints are violated. Controls (S09, S10) are feasible and matched appropriately; diversity threshold is satisfied. Falsification spec is executable with clear comparator and missing-data policy. Predictions are not decision-eligible, so no model signals are used. Evidence cards support selection with adequate confidence. No required changes.",support,Revealed value 0.7593 versus visible baseline 0.1583; eight dimensions reviewed.,1,"[""E2:kg:sha256:07953cc3dd7a0b30a84606c49f87ee90d179d10ad48b0ea966c8a0d47de45e56""]",measured_aggregate,kg,unknown,ok,context-bound residue observation score=0.725; support=19,artifacts/hierarchical-scientist-kg_base_kg_base_rag_kg_base_al/runs/knowledge_agent-s11-f01-GB1-hierarchical-kg_base_rag-f01-20260820T221240262683Z,hypothesis_target,4,True,False,1
kg_base_rag,1,11,knowledge_agent-s11-f01-GB1-hierarchical-kg_base_rag-f01-20260820T221240262683Z,2,6,sha256:a1a3c0ac9c6a774687eb53c6c69c99bdc859c63a4b65c020c95242775c0773d3,CFAA,V39C;D40F;G41A;V54A,4,1.32204902674,1.99300467968,0.844600617886,0.67095565294,2.30949541063,0.529873947149,2.30949541063,kg_llm_uq,H02-00,"hypothesis=0.770; evidence=0.530; temporal_prior=0.580; gp_coverage_uncertainty=0.974; predictor_component=0.000; fitness_predictors_enabled=False; hypotheses_considered=2 Critic: The batch is well-formed for the closed-pool agent_uq route. Deterministic conflict report is empty; all mutation notations are valid and within allowed positions. The hypothesis correctly treats preferred residues as soft priors, and no hard constraints are violated. Controls (S09, S10) are feasible and matched appropriately; diversity threshold is satisfied. Falsification spec is executable with clear comparator and missing-data policy. Predictions are not decision-eligible, so no model signals are used. Evidence cards support selection with adequate confidence. No required changes.",support,Revealed value 1.322 versus visible baseline 0.1583; eight dimensions reviewed.,1,"[""E2:kg:sha256:a1a3c0ac9c6a774687eb53c6c69c99bdc859c63a4b65c020c95242775c0773d3""]",measured_aggregate,kg,unknown,ok,context-bound residue observation score=0.530; support=23,artifacts/hierarchical-scientist-kg_base_kg_base_rag_kg_base_al/runs/knowledge_agent-s11-f01-GB1-hierarchical-kg_base_rag-f01-20260820T221240262683Z,hypothesis_target,4,True,False,1
kg_base_rag,1,11,knowledge_agent-s11-f01-GB1-hierarchical-kg_base_rag-f01-20260820T221240262683Z,2,7,sha256:44d6266fc3e431a843e6063206b6466d9041f52cf887446e0bbb69b0784da309,IFAA,V39I;D40F;G41A;V54A,4,3.75979387992,2.11534023285,0.595066010952,-1.64445364707,1.97825918775,0.431866267318,1.97825918775,kg_llm_uq,H02-00,"hypothesis=0.885; evidence=0.432; temporal_prior=0.338; gp_coverage_uncertainty=0.723; predictor_component=0.000; fitness_predictors_enabled=False; hypotheses_considered=2 Critic: The batch is well-formed for the closed-pool agent_uq route. Deterministic conflict report is empty; all mutation notations are valid and within allowed positions. The hypothesis correctly treats preferred residues as soft priors, and no hard constraints are violated. Controls (S09, S10) are feasible and matched appropriately; diversity threshold is satisfied. Falsification spec is executable with clear comparator and missing-data policy. Predictions are not decision-eligible, so no model signals are used. Evidence cards support selection with adequate confidence. No required changes.",support,Revealed value 3.76 versus visible baseline 0.1583; eight dimensions reviewed.,1,"[""E2:kg:sha256:44d6266fc3e431a843e6063206b6466d9041f52cf887446e0bbb69b0784da309""]",measured_aggregate,kg,unknown,ok,context-bound residue observation score=0.432; support=32,artifacts/hierarchical-scientist-kg_base_kg_base_rag_kg_base_al/runs/knowledge_agent-s11-f01-GB1-hierarchical-kg_base_rag-f01-20260820T221240262683Z,hypothesis_target,4,True,False,1
kg_base_rag,1,11,knowledge_agent-s11-f01-GB1-hierarchical-kg_base_rag-f01-20260820T221240262683Z,2,8,sha256:6c7730ebfd4866835daf89a62670cb8773262df46c23f40398b4ac22efea3a0e,CYAA,V39C;D40Y;G41A;V54A,4,2.52242319068,2.83568143845,0.805486857891,0.313258247766,2.16020836959,0.55451029481,2.16020836959,kg_llm_uq,H02-00,"hypothesis=0.770; evidence=0.555; temporal_prior=0.537; gp_coverage_uncertainty=0.800; predictor_component=0.000; fitness_predictors_enabled=False; hypotheses_considered=2 Critic: The batch is well-formed for the closed-pool agent_uq route. Deterministic conflict report is empty; all mutation notations are valid and within allowed positions. The hypothesis correctly treats preferred residues as soft priors, and no hard constraints are violated. Controls (S09, S10) are feasible and matched appropriately; diversity threshold is satisfied. Falsification spec is executable with clear comparator and missing-data policy. Predictions are not decision-eligible, so no model signals are used. Evidence cards support selection with adequate confidence. No required changes.",support,Revealed value 2.522 versus visible baseline 0.1583; eight dimensions reviewed.,1,"[""E2:kg:sha256:6c7730ebfd4866835daf89a62670cb8773262df46c23f40398b4ac22efea3a0e""]",measured_aggregate,kg,unknown,ok,context-bound residue observation score=0.555; support=26,artifacts/hierarchical-scientist-kg_base_kg_base_rag_kg_base_al/runs/knowledge_agent-s11-f01-GB1-hierarchical-kg_base_rag-f01-20260820T221240262683Z,hypothesis_target,4,True,False,1
kg_base_rag,1,11,knowledge_agent-s11-f01-GB1-hierarchical-kg_base_rag-f01-20260820T221240262683Z,2,9,sha256:fc1a761c7fdabc6dbde3d6118564a6484b42808813fa49e0ccd0871ff6053847,CYAV,V39C;D40Y;G41A,3,0.0789027782032,1.71166193485,0.820273160934,1.63275915665,2.40968872938,0.599783731318,2.40968872938,kg_llm_uq,H02-00,"hypothesis=0.655; evidence=0.600; temporal_prior=0.740; gp_coverage_uncertainty=1.029; predictor_component=0.000; fitness_predictors_enabled=False; hypotheses_considered=2 Critic: The batch is well-formed for the closed-pool agent_uq route. Deterministic conflict report is empty; all mutation notations are valid and within allowed positions. The hypothesis correctly treats preferred residues as soft priors, and no hard constraints are violated. Controls (S09, S10) are feasible and matched appropriately; diversity threshold is satisfied. Falsification spec is executable with clear comparator and missing-data policy. Predictions are not decision-eligible, so no model signals are used. Evidence cards support selection with adequate confidence. No required changes.",mixed,Revealed value 0.0789 versus visible baseline 0.1583; eight dimensions reviewed.,1,"[""E2:kg:sha256:fc1a761c7fdabc6dbde3d6118564a6484b42808813fa49e0ccd0871ff6053847""]",measured_aggregate,kg,unknown,ok,context-bound residue observation score=0.600; support=15,artifacts/hierarchical-scientist-kg_base_kg_base_rag_kg_base_al/runs/knowledge_agent-s11-f01-GB1-hierarchical-kg_base_rag-f01-20260820T221240262683Z,matched_control,4,True,False,1
kg_base_rag,1,11,knowledge_agent-s11-f01-GB1-hierarchical-kg_base_rag-f01-20260820T221240262683Z,2,10,sha256:e6ed912b82cde5af94c4a080eb9a792c6ca80877524d63ec7360a90095c427b8,CWAA,V39C;D40W;G41A;V54A,4,2.18915278958,1.81897687912,0.942048668861,-0.37017591046,2.24489863688,0.466866006087,2.24489863688,kg_llm_uq,H02-00,"hypothesis=0.655; evidence=0.467; temporal_prior=0.679; gp_coverage_uncertainty=0.990; predictor_component=0.000; fitness_predictors_enabled=False; hypotheses_considered=2 Critic: The batch is well-formed for the closed-pool agent_uq route. Deterministic conflict report is empty; all mutation notations are valid and within allowed positions. The hypothesis correctly treats preferred residues as soft priors, and no hard constraints are violated. Controls (S09, S10) are feasible and matched appropriately; diversity threshold is satisfied. Falsification spec is executable with clear comparator and missing-data policy. Predictions are not decision-eligible, so no model signals are used. Evidence cards support selection with adequate confidence. No required changes.",inconclusive,Revealed value 2.189 versus visible baseline 0.1583; eight dimensions reviewed.,1,"[""E2:kg:sha256:e6ed912b82cde5af94c4a080eb9a792c6ca80877524d63ec7360a90095c427b8""]",measured_aggregate,kg,unknown,ok,context-bound residue observation score=0.467; support=18,artifacts/hierarchical-scientist-kg_base_kg_base_rag_kg_base_al/runs/knowledge_agent-s11-f01-GB1-hierarchical-kg_base_rag-f01-20260820T221240262683Z,matched_control,4,True,False,1
kg_base_rag,1,11,knowledge_agent-s11-f01-GB1-hierarchical-kg_base_rag-f01-20260820T221240262683Z,2,11,sha256:b4dddfa750633734addf2af055cbc96473de5e3a2a0fa215a18abfa5f8583057,CWAV,V39C;D40W;G41A,3,0.0367486035501,1.19338047504,0.89984279871,1.15663187149,2.32012170903,0.488728620747,2.32012170903,kg_llm_uq,H02-00,"hypothesis=0.541; evidence=0.489; temporal_prior=0.942; gp_coverage_uncertainty=0.944; predictor_component=0.000; fitness_predictors_enabled=False; hypotheses_considered=2 Critic: The batch is well-formed for the closed-pool agent_uq route. Deterministic conflict report is empty; all mutation notations are valid and within allowed positions. The hypothesis correctly treats preferred residues as soft priors, and no hard constraints are violated. Controls (S09, S10) are feasible and matched appropriately; diversity threshold is satisfied. Falsification spec is executable with clear comparator and missing-data policy. Predictions are not decision-eligible, so no model signals are used. Evidence cards support selection with adequate confidence. No required changes.",mixed,Revealed value 0.03675 versus visible baseline 0.1583; eight dimensions reviewed.,1,"[""E2:kg:sha256:b4dddfa750633734addf2af055cbc96473de5e3a2a0fa215a18abfa5f8583057""]",measured_aggregate,kg,unknown,ok,context-bound residue observation score=0.489; support=7,artifacts/hierarchical-scientist-kg_base_kg_base_rag_kg_base_al/runs/knowledge_agent-s11-f01-GB1-hierarchical-kg_base_rag-f01-20260820T221240262683Z,evidence_prior,4,True,False,1
kg_base_rag,1,11,knowledge_agent-s11-f01-GB1-hierarchical-kg_base_rag-f01-20260820T221240262683Z,2,12,sha256:d1ee7e75c0754782805d0c6c02a5ff92c9961f5933f4d7d5a379be794c81c5d3,LWAV,V39L;D40W;G41A,3,0.378165613853,1.93513989449,0.789008438587,1.55697428063,2.49044271439,0.64090714624,2.49044271439,kg_llm_uq,H02-00,"hypothesis=0.655; evidence=0.641; temporal_prior=0.901; gp_coverage_uncertainty=0.931; predictor_component=0.000; fitness_predictors_enabled=False; hypotheses_considered=2 Critic: The batch is well-formed for the closed-pool agent_uq route. Deterministic conflict report is empty; all mutation notations are valid and within allowed positions. The hypothesis correctly treats preferred residues as soft priors, and no hard constraints are violated. Controls (S09, S10) are feasible and matched appropriately; diversity threshold is satisfied. Falsification spec is executable with clear comparator and missing-data policy. Predictions are not decision-eligible, so no model signals are used. Evidence cards support selection with adequate confidence. No required changes.",support,Revealed value 0.3782 versus visible baseline 0.1583; eight dimensions reviewed.,1,"[""E2:kg:sha256:d1ee7e75c0754782805d0c6c02a5ff92c9961f5933f4d7d5a379be794c81c5d3""]",measured_aggregate,kg,unknown,ok,context-bound residue observation score=0.641; support=11,artifacts/hierarchical-scientist-kg_base_kg_base_rag_kg_base_al/runs/knowledge_agent-s11-f01-GB1-hierarchical-kg_base_rag-f01-20260820T221240262683Z,evidence_prior,4,True,False,1
kg_base_rag,1,11,knowledge_agent-s11-f01-GB1-hierarchical-kg_base_rag-f01-20260820T221240262683Z,2,13,sha256:8adcc9749599afd1dcad3ef9086feca9afaac8e0654ab85131de9e30f5b67919,LYGV,V39L;D40Y,2,5.07529943739,4.66633605957,0.404168248177,-0.40896337782,1.87623354833,0.805895736615,1.87623354833,kg_llm_uq,H02-00,"hypothesis=0.885; evidence=0.806; temporal_prior=0.584; gp_coverage_uncertainty=0.000; predictor_component=0.000; fitness_predictors_enabled=False; hypotheses_considered=2 Critic: The batch is well-formed for the closed-pool agent_uq route. Deterministic conflict report is empty; all mutation notations are valid and within allowed positions. The hypothesis correctly treats preferred residues as soft priors, and no hard constraints are violated. Controls (S09, S10) are feasible and matched appropriately; diversity threshold is satisfied. Falsification spec is executable with clear comparator and missing-data policy. Predictions are not decision-eligible, so no model signals are used. Evidence cards support selection with adequate confidence. No required changes.",support,Revealed value 5.075 versus visible baseline 0.1583; eight dimensions reviewed.,1,"[""E2:kg:sha256:8adcc9749599afd1dcad3ef9086feca9afaac8e0654ab85131de9e30f5b67919""]",measured_aggregate,kg,unknown,ok,context-bound residue observation score=0.806; support=16,artifacts/hierarchical-scientist-kg_base_kg_base_rag_kg_base_al/runs/knowledge_agent-s11-f01-GB1-hierarchical-kg_base_rag-f01-20260820T221240262683Z,evidence_prior,4,True,True,1
kg_base_rag,1,11,knowledge_agent-s11-f01-GB1-hierarchical-kg_base_rag-f01-20260820T221240262683Z,2,14,sha256:335a9f68d105e1b2c741b6ced91d700d8ae50342735fa341a98379ae87245479,IWGV,V39I;D40W,2,3.72027820633,3.37754511833,0.566249072552,-0.342733087998,1.78988004094,0.276630686197,1.78988004094,kg_llm_uq,H02-00,"hypothesis=0.770; evidence=0.277; temporal_prior=-0.525; gp_coverage_uncertainty=1.679; predictor_component=0.000; fitness_predictors_enabled=False; hypotheses_considered=2 Critic: The batch is well-formed for the closed-pool agent_uq route. Deterministic conflict report is empty; all mutation notations are valid and within allowed positions. The hypothesis correctly treats preferred residues as soft priors, and no hard constraints are violated. Controls (S09, S10) are feasible and matched appropriately; diversity threshold is satisfied. Falsification spec is executable with clear comparator and missing-data policy. Predictions are not decision-eligible, so no model signals are used. Evidence cards support selection with adequate confidence. No required changes.",inconclusive,Revealed value 3.72 versus visible baseline 0.1583; eight dimensions reviewed.,1,"[""E2:kg:sha256:335a9f68d105e1b2c741b6ced91d700d8ae50342735fa341a98379ae87245479""]",measured_aggregate,kg,unknown,ok,context-bound residue observation score=0.277; support=13,artifacts/hierarchical-scientist-kg_base_kg_base_rag_kg_base_al/runs/knowledge_agent-s11-f01-GB1-hierarchical-kg_base_rag-f01-20260820T221240262683Z,coverage_exploration,4,True,True,1
kg_base_rag,1,11,knowledge_agent-s11-f01-GB1-hierarchical-kg_base_rag-f01-20260820T221240262683Z,2,15,sha256:9e6bbd4f6124c6f03b94ef7116ed62eb83b01136ff4517648fb376946f7cccca,CWGV,V39C;D40W,2,2.46026283378,2.96535611153,0.7104819417,0.505093277746,2.21330610663,0.492679445406,2.21330610663,kg_llm_uq,H02-00,"hypothesis=0.655; evidence=0.493; temporal_prior=0.000; gp_coverage_uncertainty=1.650; predictor_component=0.000; fitness_predictors_enabled=False; hypotheses_considered=2 Critic: The batch is well-formed for the closed-pool agent_uq route. Deterministic conflict report is empty; all mutation notations are valid and within allowed positions. The hypothesis correctly treats preferred residues as soft priors, and no hard constraints are violated. Controls (S09, S10) are feasible and matched appropriately; diversity threshold is satisfied. Falsification spec is executable with clear comparator and missing-data policy. Predictions are not decision-eligible, so no model signals are used. Evidence cards support selection with adequate confidence. No required changes.",inconclusive,Revealed value 2.46 versus visible baseline 0.1583; eight dimensions reviewed.,1,"[""E2:kg:sha256:9e6bbd4f6124c6f03b94ef7116ed62eb83b01136ff4517648fb376946f7cccca""]",measured_aggregate,kg,unknown,ok,context-bound residue observation score=0.493; support=4,artifacts/hierarchical-scientist-kg_base_kg_base_rag_kg_base_al/runs/knowledge_agent-s11-f01-GB1-hierarchical-kg_base_rag-f01-20260820T221240262683Z,coverage_exploration,4,True,True,1
kg_base_rag,1,11,knowledge_agent-s11-f01-GB1-hierarchical-kg_base_rag-f01-20260820T221240262683Z,2,16,sha256:55731ab2721edbb1d5645e611a4129a1160f21abb38bfe22152c0a6e944fd009,WWGV,V39W;D40W,2,0.370586498508,1.67661619186,0.777987778187,1.30602969336,1.83578919776,0.119838073869,1.83578919776,kg_llm_uq,H02-00,"hypothesis=0.520; evidence=0.120; temporal_prior=0.000; gp_coverage_uncertainty=1.650; predictor_component=0.000; fitness_predictors_enabled=False; hypotheses_considered=2 Critic: The batch is well-formed for the closed-pool agent_uq route. Deterministic conflict report is empty; all mutation notations are valid and within allowed positions. The hypothesis correctly treats preferred residues as soft priors, and no hard constraints are violated. Controls (S09, S10) are feasible and matched appropriately; diversity threshold is satisfied. Falsification spec is executable with clear comparator and missing-data policy. Predictions are not decision-eligible, so no model signals are used. Evidence cards support selection with adequate confidence. No required changes.",inconclusive,Revealed value 0.3706 versus visible baseline 0.1583; eight dimensions reviewed.,1,"[""E2:kg:sha256:55731ab2721edbb1d5645e611a4129a1160f21abb38bfe22152c0a6e944fd009""]",measured_aggregate,kg,unknown,ok,context-bound residue observation score=0.120; support=4,artifacts/hierarchical-scientist-kg_base_kg_base_rag_kg_base_al/runs/knowledge_agent-s11-f01-GB1-hierarchical-kg_base_rag-f01-20260820T221240262683Z,coverage_exploration,3,False,False,1
kg_base_rag,1,11,knowledge_agent-s11-f01-GB1-hierarchical-kg_base_rag-f01-20260820T221240262683Z,3,1,sha256:84edffd46cf58545dc887d21540771c0ef3b7db438daa8c07f982f06c3d41b58,IWGA,V39I;D40W;V54A,3,2.34593175792,2.54336333275,0.476956009865,0.197431574828,1.93077542626,0.559905286125,1.93077542626,kg_llm_uq,H03-00,"hypothesis=0.930; evidence=0.560; temporal_prior=0.006; gp_coverage_uncertainty=0.843; predictor_component=0.000; fitness_predictors_enabled=False; hypotheses_considered=3 Critic: The batch aligns with the closed-pool agent_uq route: all 16 candidates are drawn from the allowed pool, deterministic validation reports no conflicts, and the falsification spec is compiled and ready. Controls (S09, S10) are feasible and selected as requested; diversity threshold is satisfied. Soft-prior mismatches are descriptive only and do not warrant exclusion. RAG/KG evidence is visible and properly scoped; no unsupported claims or counterevidence ignored. The hypothesis is soft and appropriately hedged.",support,Revealed value 2.346 versus visible baseline 0.2444; eight dimensions reviewed.,1,"[""E3:kg:sha256:84edffd46cf58545dc887d21540771c0ef3b7db438daa8c07f982f06c3d41b58""]",measured_aggregate,kg,unknown,ok,context-bound residue observation score=0.560; support=40,artifacts/hierarchical-scientist-kg_base_kg_base_rag_kg_base_al/runs/knowledge_agent-s11-f01-GB1-hierarchical-kg_base_rag-f01-20260820T221240262683Z,hypothesis_target,4,True,True,0
kg_base_rag,1,11,knowledge_agent-s11-f01-GB1-hierarchical-kg_base_rag-f01-20260820T221240262683Z,3,2,sha256:23a1820d1b88a295b419b3f37c491f0b8e758df95f4de7db422a68bfcfdedc1e,LFGD,V39L;D40F;V54D,3,0.17228095331,0.822453081608,0.819643318653,0.650172128298,1.83203137476,0.594175280744,1.83203137476,kg_llm_uq,H03-00,"hypothesis=0.750; evidence=0.594; temporal_prior=0.479; gp_coverage_uncertainty=0.417; predictor_component=0.000; fitness_predictors_enabled=False; hypotheses_considered=3 Critic: The batch aligns with the closed-pool agent_uq route: all 16 candidates are drawn from the allowed pool, deterministic validation reports no conflicts, and the falsification spec is compiled and ready. Controls (S09, S10) are feasible and selected as requested; diversity threshold is satisfied. Soft-prior mismatches are descriptive only and do not warrant exclusion. RAG/KG evidence is visible and properly scoped; no unsupported claims or counterevidence ignored. The hypothesis is soft and appropriately hedged.",mixed,Revealed value 0.1723 versus visible baseline 0.2444; eight dimensions reviewed.,1,"[""E3:kg:sha256:23a1820d1b88a295b419b3f37c491f0b8e758df95f4de7db422a68bfcfdedc1e""]",measured_aggregate,kg,unknown,ok,context-bound residue observation score=0.594; support=25,artifacts/hierarchical-scientist-kg_base_kg_base_rag_kg_base_al/runs/knowledge_agent-s11-f01-GB1-hierarchical-kg_base_rag-f01-20260820T221240262683Z,hypothesis_target,3,False,False,0
kg_base_rag,1,11,knowledge_agent-s11-f01-GB1-hierarchical-kg_base_rag-f01-20260820T221240262683Z,3,3,sha256:8fc0755de9cdab91faf47b2acd1f7b0e95c20c28539871fa6f56ac8e6299a167,CFGA,V39C;D40F;V54A,3,0.342230191859,1.37566328049,0.758563220501,1.03343308863,1.48079098421,0.628160155478,1.48079098421,kg_llm_uq,H03-00,"hypothesis=0.930; evidence=0.628; temporal_prior=0.052; gp_coverage_uncertainty=0.134; predictor_component=0.000; fitness_predictors_enabled=False; hypotheses_considered=3 Critic: The batch aligns with the closed-pool agent_uq route: all 16 candidates are drawn from the allowed pool, deterministic validation reports no conflicts, and the falsification spec is compiled and ready. Controls (S09, S10) are feasible and selected as requested; diversity threshold is satisfied. Soft-prior mismatches are descriptive only and do not warrant exclusion. RAG/KG evidence is visible and properly scoped; no unsupported claims or counterevidence ignored. The hypothesis is soft and appropriately hedged.",support,Revealed value 0.3422 versus visible baseline 0.2444; eight dimensions reviewed.,1,"[""E3:kg:sha256:8fc0755de9cdab91faf47b2acd1f7b0e95c20c28539871fa6f56ac8e6299a167""]",measured_aggregate,kg,unknown,ok,context-bound residue observation score=0.628; support=36,artifacts/hierarchical-scientist-kg_base_kg_base_rag_kg_base_al/runs/knowledge_agent-s11-f01-GB1-hierarchical-kg_base_rag-f01-20260820T221240262683Z,hypothesis_target,4,True,False,0
kg_base_rag,1,11,knowledge_agent-s11-f01-GB1-hierarchical-kg_base_rag-f01-20260820T221240262683Z,3,4,sha256:44a636657855b95504090d15d1c1c314fc037458aedfdad6d298ed4dfeabf3e9,CWGA,V39C;D40W;V54A,3,0.384678364647,2.01080036163,0.781011760235,1.62612199699,1.61879475791,0.611397412835,1.61879475791,kg_llm_uq,H03-00,"hypothesis=0.860; evidence=0.611; temporal_prior=0.056; gp_coverage_uncertainty=0.423; predictor_component=0.000; fitness_predictors_enabled=False; hypotheses_considered=3 Critic: The batch aligns with the closed-pool agent_uq route: all 16 candidates are drawn from the allowed pool, deterministic validation reports no conflicts, and the falsification spec is compiled and ready. Controls (S09, S10) are feasible and selected as requested; diversity threshold is satisfied. Soft-prior mismatches are descriptive only and do not warrant exclusion. RAG/KG evidence is visible and properly scoped; no unsupported claims or counterevidence ignored. The hypothesis is soft and appropriately hedged.",support,Revealed value 0.3847 versus visible baseline 0.2444; eight dimensions reviewed.,1,"[""E3:kg:sha256:44a636657855b95504090d15d1c1c314fc037458aedfdad6d298ed4dfeabf3e9""]",measured_aggregate,kg,unknown,ok,context-bound residue observation score=0.611; support=35,artifacts/hierarchical-scientist-kg_base_kg_base_rag_kg_base_al/runs/knowledge_agent-s11-f01-GB1-hierarchical-kg_base_rag-f01-20260820T221240262683Z,hypothesis_target,4,True,False,0
kg_base_rag,1,11,knowledge_agent-s11-f01-GB1-hierarchical-kg_base_rag-f01-20260820T221240262683Z,3,5,sha256:b177d1243450c71eb498b38284634bed9fb4dfe5c011c77a82f93d3e376bf7b7,IYAV,V39I;D40Y;G41A,3,0.453771425161,0.547110915184,0.518706262112,0.093339490023,1.52392544831,0.536595618131,1.52392544831,kg_llm_uq,H03-00,"hypothesis=0.860; evidence=0.537; temporal_prior=-0.095; gp_coverage_uncertainty=0.522; predictor_component=0.000; fitness_predictors_enabled=False; hypotheses_considered=3 Critic: The batch aligns with the closed-pool agent_uq route: all 16 candidates are drawn from the allowed pool, deterministic validation reports no conflicts, and the falsification spec is compiled and ready. Controls (S09, S10) are feasible and selected as requested; diversity threshold is satisfied. Soft-prior mismatches are descriptive only and do not warrant exclusion. RAG/KG evidence is visible and properly scoped; no unsupported claims or counterevidence ignored. The hypothesis is soft and appropriately hedged.",support,Revealed value 0.4538 versus visible baseline 0.2444; eight dimensions reviewed.,1,"[""E3:kg:sha256:b177d1243450c71eb498b38284634bed9fb4dfe5c011c77a82f93d3e376bf7b7""]",measured_aggregate,kg,unknown,ok,context-bound residue observation score=0.537; support=40,artifacts/hierarchical-scientist-kg_base_kg_base_rag_kg_base_al/runs/knowledge_agent-s11-f01-GB1-hierarchical-kg_base_rag-f01-20260820T221240262683Z,hypothesis_target,4,True,False,0
kg_base_rag,1,11,knowledge_agent-s11-f01-GB1-hierarchical-kg_base_rag-f01-20260820T221240262683Z,3,6,sha256:d853591e35af45ec74c2446e481cec88323ad0e13ce3e9c5a66eadd2f9ebba04,CFAV,V39C;D40F;G41A,3,0.0527578250106,-0.267040491104,0.5233694911,-0.319798316115,1.67808806787,0.589741359591,1.67808806787,kg_llm_uq,H03-00,"hypothesis=0.789; evidence=0.590; temporal_prior=0.031; gp_coverage_uncertainty=0.641; predictor_component=0.000; fitness_predictors_enabled=False; hypotheses_considered=3 Critic: The batch aligns with the closed-pool agent_uq route: all 16 candidates are drawn from the allowed pool, deterministic validation reports no conflicts, and the falsification spec is compiled and ready. Controls (S09, S10) are feasible and selected as requested; diversity threshold is satisfied. Soft-prior mismatches are descriptive only and do not warrant exclusion. RAG/KG evidence is visible and properly scoped; no unsupported claims or counterevidence ignored. The hypothesis is soft and appropriately hedged.",conflict,Revealed value 0.05276 versus visible baseline 0.2444; eight dimensions reviewed.,1,"[""E3:kg:sha256:d853591e35af45ec74c2446e481cec88323ad0e13ce3e9c5a66eadd2f9ebba04""]",measured_aggregate,kg,unknown,ok,context-bound residue observation score=0.590; support=32,artifacts/hierarchical-scientist-kg_base_kg_base_rag_kg_base_al/runs/knowledge_agent-s11-f01-GB1-hierarchical-kg_base_rag-f01-20260820T221240262683Z,hypothesis_target,4,True,False,0
kg_base_rag,1,11,knowledge_agent-s11-f01-GB1-hierarchical-kg_base_rag-f01-20260820T221240262683Z,3,7,sha256:3fa07c46e7d0259ba56a74c1533d1f8bf13e298dd9bced0e748419291bc4eed0,IFGV,V39I;D40F,2,3.16744549033,3.21693086624,0.384164333344,0.0494853759115,1.23093224894,0.545807955623,1.23093224894,kg_llm_uq,H03-00,"hypothesis=0.930; evidence=0.546; temporal_prior=-0.067; gp_coverage_uncertainty=0.000; predictor_component=0.000; fitness_predictors_enabled=False; hypotheses_considered=3 Critic: The batch aligns with the closed-pool agent_uq route: all 16 candidates are drawn from the allowed pool, deterministic validation reports no conflicts, and the falsification spec is compiled and ready. Controls (S09, S10) are feasible and selected as requested; diversity threshold is satisfied. Soft-prior mismatches are descriptive only and do not warrant exclusion. RAG/KG evidence is visible and properly scoped; no unsupported claims or counterevidence ignored. The hypothesis is soft and appropriately hedged.",support,Revealed value 3.167 versus visible baseline 0.2444; eight dimensions reviewed.,1,"[""E3:kg:sha256:3fa07c46e7d0259ba56a74c1533d1f8bf13e298dd9bced0e748419291bc4eed0""]",measured_aggregate,kg,unknown,ok,context-bound residue observation score=0.546; support=24,artifacts/hierarchical-scientist-kg_base_kg_base_rag_kg_base_al/runs/knowledge_agent-s11-f01-GB1-hierarchical-kg_base_rag-f01-20260820T221240262683Z,hypothesis_target,4,True,False,0
kg_base_rag,1,11,knowledge_agent-s11-f01-GB1-hierarchical-kg_base_rag-f01-20260820T221240262683Z,3,8,sha256:ad20fc4f86c90ad91135a0f8757b90d3c79ec9cdb02d124fa9aceab46242e31a,LFIA,V39L;D40F;G41I;V54A,4,0.00490587221989,0.949473023415,0.554630637169,0.944567151195,1.56483613593,0.583009151228,1.56483613593,kg_llm_uq,H03-00,"hypothesis=0.750; evidence=0.583; temporal_prior=0.098; gp_coverage_uncertainty=0.476; predictor_component=0.000; fitness_predictors_enabled=False; hypotheses_considered=3 Critic: The batch aligns with the closed-pool agent_uq route: all 16 candidates are drawn from the allowed pool, deterministic validation reports no conflicts, and the falsification spec is compiled and ready. Controls (S09, S10) are feasible and selected as requested; diversity threshold is satisfied. Soft-prior mismatches are descriptive only and do not warrant exclusion. RAG/KG evidence is visible and properly scoped; no unsupported claims or counterevidence ignored. The hypothesis is soft and appropriately hedged.",mixed,Revealed value 0.004906 versus visible baseline 0.2444; eight dimensions reviewed.,1,"[""E3:kg:sha256:ad20fc4f86c90ad91135a0f8757b90d3c79ec9cdb02d124fa9aceab46242e31a""]",measured_aggregate,kg,unknown,ok,context-bound residue observation score=0.583; support=43,artifacts/hierarchical-scientist-kg_base_kg_base_rag_kg_base_al/runs/knowledge_agent-s11-f01-GB1-hierarchical-kg_base_rag-f01-20260820T221240262683Z,hypothesis_target,3,False,False,0
kg_base_rag,1,11,knowledge_agent-s11-f01-GB1-hierarchical-kg_base_rag-f01-20260820T221240262683Z,3,9,sha256:0461235df0122fbabf92b8ddb5cc01d62676e4b7856449c46b7208415ef26754,IWRA,V39I;D40W;G41R;V54A,4,0.00367224930928,0.862038135529,0.963785052299,0.858365886219,1.64934269175,0.396476566014,1.64934269175,kg_llm_uq,H03-00,"hypothesis=0.680; evidence=0.396; temporal_prior=0.006; gp_coverage_uncertainty=0.943; predictor_component=0.000; fitness_predictors_enabled=False; hypotheses_considered=3 Critic: The batch aligns with the closed-pool agent_uq route: all 16 candidates are drawn from the allowed pool, deterministic validation reports no conflicts, and the falsification spec is compiled and ready. Controls (S09, S10) are feasible and selected as requested; diversity threshold is satisfied. Soft-prior mismatches are descriptive only and do not warrant exclusion. RAG/KG evidence is visible and properly scoped; no unsupported claims or counterevidence ignored. The hypothesis is soft and appropriately hedged.",mixed,Revealed value 0.003672 versus visible baseline 0.2444; eight dimensions reviewed.,1,"[""E3:kg:sha256:0461235df0122fbabf92b8ddb5cc01d62676e4b7856449c46b7208415ef26754""]",measured_aggregate,kg,unknown,ok,context-bound residue observation score=0.396; support=41,artifacts/hierarchical-scientist-kg_base_kg_base_rag_kg_base_al/runs/knowledge_agent-s11-f01-GB1-hierarchical-kg_base_rag-f01-20260820T221240262683Z,matched_control,3,False,True,0
kg_base_rag,1,11,knowledge_agent-s11-f01-GB1-hierarchical-kg_base_rag-f01-20260820T221240262683Z,3,10,sha256:0f7ec0eff57e8ce43342fe12ddb8c0f4e3bde6cd661552d76002369e13a6642b,IMAV,V39I;D40M;G41A,3,0.107783321687,0.400851786137,0.837610661983,0.29306846445,1.34341653764,0.297243309503,1.34341653764,kg_llm_uq,H03-00,"hypothesis=0.610; evidence=0.297; temporal_prior=-0.149; gp_coverage_uncertainty=0.880; predictor_component=0.000; fitness_predictors_enabled=False; hypotheses_considered=3 Critic: The batch aligns with the closed-pool agent_uq route: all 16 candidates are drawn from the allowed pool, deterministic validation reports no conflicts, and the falsification spec is compiled and ready. Controls (S09, S10) are feasible and selected as requested; diversity threshold is satisfied. Soft-prior mismatches are descriptive only and do not warrant exclusion. RAG/KG evidence is visible and properly scoped; no unsupported claims or counterevidence ignored. The hypothesis is soft and appropriately hedged.",mixed,Revealed value 0.1078 versus visible baseline 0.2444; eight dimensions reviewed.,1,"[""E3:kg:sha256:0f7ec0eff57e8ce43342fe12ddb8c0f4e3bde6cd661552d76002369e13a6642b""]",measured_aggregate,kg,unknown,ok,context-bound residue observation score=0.297; support=27,artifacts/hierarchical-scientist-kg_base_kg_base_rag_kg_base_al/runs/knowledge_agent-s11-f01-GB1-hierarchical-kg_base_rag-f01-20260820T221240262683Z,matched_control,3,False,False,0
kg_base_rag,1,11,knowledge_agent-s11-f01-GB1-hierarchical-kg_base_rag-f01-20260820T221240262683Z,3,11,sha256:ffd0b779798cfab44054c754b3241cef064cd2c86a026c342c950a5a3dca6ba0,LWFV,V39L;D40W;G41F,3,2.03773137664,0.0190733671188,0.796464383602,-2.01865800952,1.95238801292,0.578250597154,1.95238801292,kg_llm_uq,H03-00,"hypothesis=0.610; evidence=0.578; temporal_prior=0.482; gp_coverage_uncertainty=0.775; predictor_component=0.000; fitness_predictors_enabled=False; hypotheses_considered=3 Critic: The batch aligns with the closed-pool agent_uq route: all 16 candidates are drawn from the allowed pool, deterministic validation reports no conflicts, and the falsification spec is compiled and ready. Controls (S09, S10) are feasible and selected as requested; diversity threshold is satisfied. Soft-prior mismatches are descriptive only and do not warrant exclusion. RAG/KG evidence is visible and properly scoped; no unsupported claims or counterevidence ignored. The hypothesis is soft and appropriately hedged.",mixed,Revealed value 2.038 versus visible baseline 0.2444; eight dimensions reviewed.,1,"[""E3:kg:sha256:ffd0b779798cfab44054c754b3241cef064cd2c86a026c342c950a5a3dca6ba0""]",measured_aggregate,kg,unknown,ok,context-bound residue observation score=0.578; support=24,artifacts/hierarchical-scientist-kg_base_kg_base_rag_kg_base_al/runs/knowledge_agent-s11-f01-GB1-hierarchical-kg_base_rag-f01-20260820T221240262683Z,evidence_prior,3,False,False,0
kg_base_rag,1,11,knowledge_agent-s11-f01-GB1-hierarchical-kg_base_rag-f01-20260820T221240262683Z,3,12,sha256:5c4c71e9eebd6ab2a25b9f9bb082a949a690f2fa1ab29ffb82e37e70595daffe,LYAL,V39L;D40Y;G41A;V54L,4,0.944905063417,0.88591080904,0.645295083523,-0.0589942543769,1.83454520514,0.571780589832,1.83454520514,kg_llm_uq,H03-00,"hypothesis=0.680; evidence=0.572; temporal_prior=0.288; gp_coverage_uncertainty=0.737; predictor_component=0.000; fitness_predictors_enabled=False; hypotheses_considered=3 Critic: The batch aligns with the closed-pool agent_uq route: all 16 candidates are drawn from the allowed pool, deterministic validation reports no conflicts, and the falsification spec is compiled and ready. Controls (S09, S10) are feasible and selected as requested; diversity threshold is satisfied. Soft-prior mismatches are descriptive only and do not warrant exclusion. RAG/KG evidence is visible and properly scoped; no unsupported claims or counterevidence ignored. The hypothesis is soft and appropriately hedged.",support,Revealed value 0.9449 versus visible baseline 0.2444; eight dimensions reviewed.,1,"[""E3:kg:sha256:5c4c71e9eebd6ab2a25b9f9bb082a949a690f2fa1ab29ffb82e37e70595daffe""]",measured_aggregate,kg,unknown,ok,context-bound residue observation score=0.572; support=42,artifacts/hierarchical-scientist-kg_base_kg_base_rag_kg_base_al/runs/knowledge_agent-s11-f01-GB1-hierarchical-kg_base_rag-f01-20260820T221240262683Z,evidence_prior,3,False,False,0
kg_base_rag,1,11,knowledge_agent-s11-f01-GB1-hierarchical-kg_base_rag-f01-20260820T221240262683Z,3,13,sha256:9118a42e0189eb5c2e6387cd11974e91add4b2cbdf22c180fb6fccea22475fc2,CFGV,V39C;D40F,2,2.9257530725,2.81899690628,0.492542177439,-0.106756166219,1.27094445407,0.623110015072,1.27094445407,kg_llm_uq,H03-00,"hypothesis=0.860; evidence=0.623; temporal_prior=0.008; gp_coverage_uncertainty=0.000; predictor_component=0.000; fitness_predictors_enabled=False; hypotheses_considered=3 Critic: The batch aligns with the closed-pool agent_uq route: all 16 candidates are drawn from the allowed pool, deterministic validation reports no conflicts, and the falsification spec is compiled and ready. Controls (S09, S10) are feasible and selected as requested; diversity threshold is satisfied. Soft-prior mismatches are descriptive only and do not warrant exclusion. RAG/KG evidence is visible and properly scoped; no unsupported claims or counterevidence ignored. The hypothesis is soft and appropriately hedged.",support,Revealed value 2.926 versus visible baseline 0.2444; eight dimensions reviewed.,1,"[""E3:kg:sha256:9118a42e0189eb5c2e6387cd11974e91add4b2cbdf22c180fb6fccea22475fc2""]",measured_aggregate,kg,unknown,ok,context-bound residue observation score=0.623; support=19,artifacts/hierarchical-scientist-kg_base_kg_base_rag_kg_base_al/runs/knowledge_agent-s11-f01-GB1-hierarchical-kg_base_rag-f01-20260820T221240262683Z,evidence_prior,4,True,False,0
kg_base_rag,1,11,knowledge_agent-s11-f01-GB1-hierarchical-kg_base_rag-f01-20260820T221240262683Z,3,14,sha256:c139cd66c31c49d08a630f77624d3621c2825494ef4e3864ae19a75ee9badf6b,CWMV,V39C;D40W;G41M,3,0.0304537038679,0.120993196964,0.766734302044,0.0905394930964,1.85120740695,0.330684662696,1.85120740695,kg_llm_uq,H03-00,"hypothesis=0.539; evidence=0.331; temporal_prior=0.013; gp_coverage_uncertainty=1.449; predictor_component=0.000; fitness_predictors_enabled=False; hypotheses_considered=3 Critic: The batch aligns with the closed-pool agent_uq route: all 16 candidates are drawn from the allowed pool, deterministic validation reports no conflicts, and the falsification spec is compiled and ready. Controls (S09, S10) are feasible and selected as requested; diversity threshold is satisfied. Soft-prior mismatches are descriptive only and do not warrant exclusion. RAG/KG evidence is visible and properly scoped; no unsupported claims or counterevidence ignored. The hypothesis is soft and appropriately hedged.",inconclusive,Revealed value 0.03045 versus visible baseline 0.2444; eight dimensions reviewed.,1,"[""E3:kg:sha256:c139cd66c31c49d08a630f77624d3621c2825494ef4e3864ae19a75ee9badf6b""]",measured_aggregate,kg,unknown,ok,context-bound residue observation score=0.331; support=20,artifacts/hierarchical-scientist-kg_base_kg_base_rag_kg_base_al/runs/knowledge_agent-s11-f01-GB1-hierarchical-kg_base_rag-f01-20260820T221240262683Z,coverage_exploration,3,False,False,0
kg_base_rag,1,11,knowledge_agent-s11-f01-GB1-hierarchical-kg_base_rag-f01-20260820T221240262683Z,3,15,sha256:6f5ea74f86e95dc974a41964d2727bb326666898eebbf5a1dfc4013c9695219c,EWAA,V39E;D40W;G41A;V54A,4,0.0461938204738,1.03063547611,0.876070320606,0.984441655639,2.03117114796,0.435378830318,2.03117114796,kg_llm_uq,H03-00,"hypothesis=0.610; evidence=0.435; temporal_prior=0.156; gp_coverage_uncertainty=1.352; predictor_component=0.000; fitness_predictors_enabled=False; hypotheses_considered=3 Critic: The batch aligns with the closed-pool agent_uq route: all 16 candidates are drawn from the allowed pool, deterministic validation reports no conflicts, and the falsification spec is compiled and ready. Controls (S09, S10) are feasible and selected as requested; diversity threshold is satisfied. Soft-prior mismatches are descriptive only and do not warrant exclusion. RAG/KG evidence is visible and properly scoped; no unsupported claims or counterevidence ignored. The hypothesis is soft and appropriately hedged.",mixed,Revealed value 0.04619 versus visible baseline 0.2444; eight dimensions reviewed.,1,"[""E3:kg:sha256:6f5ea74f86e95dc974a41964d2727bb326666898eebbf5a1dfc4013c9695219c""]",measured_aggregate,kg,unknown,ok,context-bound residue observation score=0.435; support=42,artifacts/hierarchical-scientist-kg_base_kg_base_rag_kg_base_al/runs/knowledge_agent-s11-f01-GB1-hierarchical-kg_base_rag-f01-20260820T221240262683Z,coverage_exploration,3,False,False,0
kg_base_rag,1,11,knowledge_agent-s11-f01-GB1-hierarchical-kg_base_rag-f01-20260820T221240262683Z,3,16,sha256:a56ba2e046c48bd3fb15270054cc1dba1dacfe008710f48f04c8fbc00d281238,LWAY,V39L;D40W;G41A;V54Y,4,0.00884139789713,2.1179022789,0.792577445507,2.109060881,1.97582144522,0.539320597232,1.97582144522,kg_llm_uq,H03-00,"hypothesis=0.610; evidence=0.539; temporal_prior=0.360; gp_coverage_uncertainty=0.971; predictor_component=0.000; fitness_predictors_enabled=False; hypotheses_considered=3 Critic: The batch aligns with the closed-pool agent_uq route: all 16 candidates are drawn from the allowed pool, deterministic validation reports no conflicts, and the falsification spec is compiled and ready. Controls (S09, S10) are feasible and selected as requested; diversity threshold is satisfied. Soft-prior mismatches are descriptive only and do not warrant exclusion. RAG/KG evidence is visible and properly scoped; no unsupported claims or counterevidence ignored. The hypothesis is soft and appropriately hedged.",mixed,Revealed value 0.008841 versus visible baseline 0.2444; eight dimensions reviewed.,1,"[""E3:kg:sha256:a56ba2e046c48bd3fb15270054cc1dba1dacfe008710f48f04c8fbc00d281238""]",measured_aggregate,kg,unknown,ok,context-bound residue observation score=0.539; support=38,artifacts/hierarchical-scientist-kg_base_kg_base_rag_kg_base_al/runs/knowledge_agent-s11-f01-GB1-hierarchical-kg_base_rag-f01-20260820T221240262683Z,coverage_exploration,3,False,False,0
kg_base_rag,2,11,knowledge_agent-s11-f02-GB1-hierarchical-kg_base_rag-f02-20260820T222600583330Z,1,1,sha256:9e6bbd4f6124c6f03b94ef7116ed62eb83b01136ff4517648fb376946f7cccca,CWGV,V39C;D40W,2,2.46026283378,2.77914071083,0.588627815247,0.318877877051,2.59229380074,0.526314482216,2.59229380074,kg_llm_uq,H01-00,"hypothesis=1.000; evidence=0.526; temporal_prior=0.000; gp_coverage_uncertainty=1.667; predictor_component=0.000; fitness_predictors_enabled=False; hypotheses_considered=1 Critic: The closed-pool agent_uq batch aligns with the hypothesis: 14 of 16 candidates carry preferred residues at position 40 and retain G at 41; S09 and S10 are matched controls (matched_to S07) and may intentionally violate soft preferences. Deterministic conflict report is empty; control feasibility is FEASIBLE with 2 selected; diversity threshold is satisfied (min pairwise Hamming 1). Predictions are dry_validation/not_evaluated, so no model signals are used. Falsification spec is compiled and executable with 16 targets and 96 comparators. No required changes.",support,Revealed value 2.46 versus visible baseline 0.1079; eight dimensions reviewed.,1,"[""E1:kg:sha256:9e6bbd4f6124c6f03b94ef7116ed62eb83b01136ff4517648fb376946f7cccca""]",measured_aggregate,kg,unknown,ok,context-bound residue observation score=0.526; support=4,artifacts/hierarchical-scientist-kg_base_kg_base_rag_kg_base_al/runs/knowledge_agent-s11-f02-GB1-hierarchical-kg_base_rag-f02-20260820T222600583330Z,hypothesis_target,4,True,True,1
kg_base_rag,2,11,knowledge_agent-s11-f02-GB1-hierarchical-kg_base_rag-f02-20260820T222600583330Z,1,2,sha256:58db15f5f6e207865de082faa5d9241d2d78b00a2dc808b9d0b85fb6271e1861,VWGA,D40W;V54A,2,2.01352184821,1.94069337845,0.724384903908,-0.0728284697615,2.55874071475,0.415265445584,2.55874071475,kg_llm_uq,H01-00,"hypothesis=1.000; evidence=0.415; temporal_prior=0.000; gp_coverage_uncertainty=1.718; predictor_component=0.000; fitness_predictors_enabled=False; hypotheses_considered=1 Critic: The closed-pool agent_uq batch aligns with the hypothesis: 14 of 16 candidates carry preferred residues at position 40 and retain G at 41; S09 and S10 are matched controls (matched_to S07) and may intentionally violate soft preferences. Deterministic conflict report is empty; control feasibility is FEASIBLE with 2 selected; diversity threshold is satisfied (min pairwise Hamming 1). Predictions are dry_validation/not_evaluated, so no model signals are used. Falsification spec is compiled and executable with 16 targets and 96 comparators. No required changes.",support,Revealed value 2.014 versus visible baseline 0.1079; eight dimensions reviewed.,1,"[""E1:kg:sha256:58db15f5f6e207865de082faa5d9241d2d78b00a2dc808b9d0b85fb6271e1861""]",measured_aggregate,kg,unknown,ok,context-bound residue observation score=0.415; support=4,artifacts/hierarchical-scientist-kg_base_kg_base_rag_kg_base_al/runs/knowledge_agent-s11-f02-GB1-hierarchical-kg_base_rag-f02-20260820T222600583330Z,hypothesis_target,4,True,False,1
kg_base_rag,2,11,knowledge_agent-s11-f02-GB1-hierarchical-kg_base_rag-f02-20260820T222600583330Z,1,3,sha256:b63d2758865104c2aef21f9c6fcacaa861e8f3799eb68b9d20cc7bcad1e9cf8a,VAGA,D40A;V54A,2,1.75153255202,1.72575187683,0.647496044636,-0.0257806751889,2.48763467952,0.305871545219,2.48763467952,kg_llm_uq,H01-00,"hypothesis=1.000; evidence=0.306; temporal_prior=0.000; gp_coverage_uncertainty=1.718; predictor_component=0.000; fitness_predictors_enabled=False; hypotheses_considered=1 Critic: The closed-pool agent_uq batch aligns with the hypothesis: 14 of 16 candidates carry preferred residues at position 40 and retain G at 41; S09 and S10 are matched controls (matched_to S07) and may intentionally violate soft preferences. Deterministic conflict report is empty; control feasibility is FEASIBLE with 2 selected; diversity threshold is satisfied (min pairwise Hamming 1). Predictions are dry_validation/not_evaluated, so no model signals are used. Falsification spec is compiled and executable with 16 targets and 96 comparators. No required changes.",support,Revealed value 1.752 versus visible baseline 0.1079; eight dimensions reviewed.,1,"[""E1:kg:sha256:b63d2758865104c2aef21f9c6fcacaa861e8f3799eb68b9d20cc7bcad1e9cf8a""]",measured_aggregate,kg,unknown,ok,context-bound residue observation score=0.306; support=4,artifacts/hierarchical-scientist-kg_base_kg_base_rag_kg_base_al/runs/knowledge_agent-s11-f02-GB1-hierarchical-kg_base_rag-f02-20260820T222600583330Z,hypothesis_target,4,True,False,1
kg_base_rag,2,11,knowledge_agent-s11-f02-GB1-hierarchical-kg_base_rag-f02-20260820T222600583330Z,1,4,sha256:91d71fc5fd3e619531eab321fad84e6d748606d7e18189be73e1f11daadbecdd,IAGV,V39I;D40A,2,2.5112156607,2.20636701584,0.468953758478,-0.304848644861,2.45730588121,0.31246972448,2.45730588121,kg_llm_uq,H01-00,"hypothesis=1.000; evidence=0.312; temporal_prior=0.000; gp_coverage_uncertainty=1.672; predictor_component=0.000; fitness_predictors_enabled=False; hypotheses_considered=1 Critic: The closed-pool agent_uq batch aligns with the hypothesis: 14 of 16 candidates carry preferred residues at position 40 and retain G at 41; S09 and S10 are matched controls (matched_to S07) and may intentionally violate soft preferences. Deterministic conflict report is empty; control feasibility is FEASIBLE with 2 selected; diversity threshold is satisfied (min pairwise Hamming 1). Predictions are dry_validation/not_evaluated, so no model signals are used. Falsification spec is compiled and executable with 16 targets and 96 comparators. No required changes.",support,Revealed value 2.511 versus visible baseline 0.1079; eight dimensions reviewed.,1,"[""E1:kg:sha256:91d71fc5fd3e619531eab321fad84e6d748606d7e18189be73e1f11daadbecdd""]",measured_aggregate,kg,unknown,ok,context-bound residue observation score=0.312; support=4,artifacts/hierarchical-scientist-kg_base_kg_base_rag_kg_base_al/runs/knowledge_agent-s11-f02-GB1-hierarchical-kg_base_rag-f02-20260820T222600583330Z,hypothesis_target,4,True,False,1
kg_base_rag,2,11,knowledge_agent-s11-f02-GB1-hierarchical-kg_base_rag-f02-20260820T222600583330Z,1,5,sha256:4cd023359e77c93ecc5f350bbd97bba64d0696a04d8b6eca86cba02058bdd18d,LAGV,V39L;D40A,2,2.26023771846,2.38854622841,0.476647049189,0.128308509949,2.41708736429,0.276163644564,2.41708736429,kg_llm_uq,H01-00,"hypothesis=1.000; evidence=0.276; temporal_prior=0.000; gp_coverage_uncertainty=1.650; predictor_component=0.000; fitness_predictors_enabled=False; hypotheses_considered=1 Critic: The closed-pool agent_uq batch aligns with the hypothesis: 14 of 16 candidates carry preferred residues at position 40 and retain G at 41; S09 and S10 are matched controls (matched_to S07) and may intentionally violate soft preferences. Deterministic conflict report is empty; control feasibility is FEASIBLE with 2 selected; diversity threshold is satisfied (min pairwise Hamming 1). Predictions are dry_validation/not_evaluated, so no model signals are used. Falsification spec is compiled and executable with 16 targets and 96 comparators. No required changes.",support,Revealed value 2.26 versus visible baseline 0.1079; eight dimensions reviewed.,1,"[""E1:kg:sha256:4cd023359e77c93ecc5f350bbd97bba64d0696a04d8b6eca86cba02058bdd18d""]",measured_aggregate,kg,unknown,ok,context-bound residue observation score=0.276; support=3,artifacts/hierarchical-scientist-kg_base_kg_base_rag_kg_base_al/runs/knowledge_agent-s11-f02-GB1-hierarchical-kg_base_rag-f02-20260820T222600583330Z,hypothesis_target,4,True,False,1
kg_base_rag,2,11,knowledge_agent-s11-f02-GB1-hierarchical-kg_base_rag-f02-20260820T222600583330Z,1,6,sha256:84edffd46cf58545dc887d21540771c0ef3b7db438daa8c07f982f06c3d41b58,IWGA,V39I;D40W;V54A,3,2.34593175792,2.40735697746,0.76551759243,0.0614252195428,2.16889795513,0.390415493101,2.16889795513,kg_llm_uq,H01-00,"hypothesis=1.000; evidence=0.390; temporal_prior=0.000; gp_coverage_uncertainty=1.220; predictor_component=0.000; fitness_predictors_enabled=False; hypotheses_considered=1 Critic: The closed-pool agent_uq batch aligns with the hypothesis: 14 of 16 candidates carry preferred residues at position 40 and retain G at 41; S09 and S10 are matched controls (matched_to S07) and may intentionally violate soft preferences. Deterministic conflict report is empty; control feasibility is FEASIBLE with 2 selected; diversity threshold is satisfied (min pairwise Hamming 1). Predictions are dry_validation/not_evaluated, so no model signals are used. Falsification spec is compiled and executable with 16 targets and 96 comparators. No required changes.",support,Revealed value 2.346 versus visible baseline 0.1079; eight dimensions reviewed.,1,"[""E1:kg:sha256:84edffd46cf58545dc887d21540771c0ef3b7db438daa8c07f982f06c3d41b58""]",measured_aggregate,kg,unknown,ok,context-bound residue observation score=0.390; support=6,artifacts/hierarchical-scientist-kg_base_kg_base_rag_kg_base_al/runs/knowledge_agent-s11-f02-GB1-hierarchical-kg_base_rag-f02-20260820T222600583330Z,hypothesis_target,4,True,True,1
kg_base_rag,2,11,knowledge_agent-s11-f02-GB1-hierarchical-kg_base_rag-f02-20260820T222600583330Z,1,7,sha256:8dfd510cc5d833fdae80ec4190fa236a9a06f4dd1b5b6ae5585230b15db28328,IAGA,V39I;D40A;V54A,3,2.10735341512,1.99735307693,0.681027114391,-0.110000338185,2.12117782906,0.316999914528,2.12117782906,kg_llm_uq,H01-00,"hypothesis=1.000; evidence=0.317; temporal_prior=0.000; gp_coverage_uncertainty=1.220; predictor_component=0.000; fitness_predictors_enabled=False; hypotheses_considered=1 Critic: The closed-pool agent_uq batch aligns with the hypothesis: 14 of 16 candidates carry preferred residues at position 40 and retain G at 41; S09 and S10 are matched controls (matched_to S07) and may intentionally violate soft preferences. Deterministic conflict report is empty; control feasibility is FEASIBLE with 2 selected; diversity threshold is satisfied (min pairwise Hamming 1). Predictions are dry_validation/not_evaluated, so no model signals are used. Falsification spec is compiled and executable with 16 targets and 96 comparators. No required changes.",support,Revealed value 2.107 versus visible baseline 0.1079; eight dimensions reviewed.,1,"[""E1:kg:sha256:8dfd510cc5d833fdae80ec4190fa236a9a06f4dd1b5b6ae5585230b15db28328""]",measured_aggregate,kg,unknown,ok,context-bound residue observation score=0.317; support=6,artifacts/hierarchical-scientist-kg_base_kg_base_rag_kg_base_al/runs/knowledge_agent-s11-f02-GB1-hierarchical-kg_base_rag-f02-20260820T222600583330Z,hypothesis_target,4,True,False,1
kg_base_rag,2,11,knowledge_agent-s11-f02-GB1-hierarchical-kg_base_rag-f02-20260820T222600583330Z,1,8,sha256:076b4b3416b01a0e84275c5cf27de37691b5179fe54adffecbad2c79f2a7f9ee,VWGC,D40W;V54C,2,4.23915557841,2.3335006237,0.722505509853,-1.90565495471,2.08736488977,0.28663035628,2.08736488977,kg_llm_uq,H01-00,"hypothesis=1.000; evidence=0.287; temporal_prior=0.000; gp_coverage_uncertainty=1.201; predictor_component=0.000; fitness_predictors_enabled=False; hypotheses_considered=1 Critic: The closed-pool agent_uq batch aligns with the hypothesis: 14 of 16 candidates carry preferred residues at position 40 and retain G at 41; S09 and S10 are matched controls (matched_to S07) and may intentionally violate soft preferences. Deterministic conflict report is empty; control feasibility is FEASIBLE with 2 selected; diversity threshold is satisfied (min pairwise Hamming 1). Predictions are dry_validation/not_evaluated, so no model signals are used. Falsification spec is compiled and executable with 16 targets and 96 comparators. No required changes.",support,Revealed value 4.239 versus visible baseline 0.1079; eight dimensions reviewed.,1,"[""E1:kg:sha256:076b4b3416b01a0e84275c5cf27de37691b5179fe54adffecbad2c79f2a7f9ee""]",measured_aggregate,kg,unknown,ok,context-bound residue observation score=0.287; support=4,artifacts/hierarchical-scientist-kg_base_kg_base_rag_kg_base_al/runs/knowledge_agent-s11-f02-GB1-hierarchical-kg_base_rag-f02-20260820T222600583330Z,hypothesis_target,4,True,False,1
kg_base_rag,2,11,knowledge_agent-s11-f02-GB1-hierarchical-kg_base_rag-f02-20260820T222600583330Z,1,9,sha256:ffe1c02391015550aa92b73006c9369e741d510302326117d2db4dfbe8c2f43e,VCWA,D40C;G41W;V54A,3,0.0178472869179,0.792017877102,0.774712085724,0.774170590184,1.32233063671,0.0803076664709,1.32233063671,kg_llm_uq,H01-00,"hypothesis=0.500; evidence=0.080; temporal_prior=0.000; gp_coverage_uncertainty=1.027; predictor_component=0.000; fitness_predictors_enabled=False; hypotheses_considered=1 Critic: The closed-pool agent_uq batch aligns with the hypothesis: 14 of 16 candidates carry preferred residues at position 40 and retain G at 41; S09 and S10 are matched controls (matched_to S07) and may intentionally violate soft preferences. Deterministic conflict report is empty; control feasibility is FEASIBLE with 2 selected; diversity threshold is satisfied (min pairwise Hamming 1). Predictions are dry_validation/not_evaluated, so no model signals are used. Falsification spec is compiled and executable with 16 targets and 96 comparators. No required changes.",mixed,Revealed value 0.01785 versus visible baseline 0.1079; eight dimensions reviewed.,1,"[""E1:kg:sha256:ffe1c02391015550aa92b73006c9369e741d510302326117d2db4dfbe8c2f43e""]",measured_aggregate,kg,unknown,ok,context-bound residue observation score=0.080; support=6,artifacts/hierarchical-scientist-kg_base_kg_base_rag_kg_base_al/runs/knowledge_agent-s11-f02-GB1-hierarchical-kg_base_rag-f02-20260820T222600583330Z,matched_control,2,False,False,1
kg_base_rag,2,11,knowledge_agent-s11-f02-GB1-hierarchical-kg_base_rag-f02-20260820T222600583330Z,1,10,sha256:ffd38c1c8b2533acf8cd3a56d13bf9eee1542235fd6142e1732a9c65147887e6,CPDV,V39C;D40P;G41D,3,0.0101802381501,0.017930328846,0.664479672909,0.00775009069588,1.2879896735,0.116053393456,1.2879896735,kg_llm_uq,H01-00,"hypothesis=0.500; evidence=0.116; temporal_prior=0.000; gp_coverage_uncertainty=0.950; predictor_component=0.000; fitness_predictors_enabled=False; hypotheses_considered=1 Critic: The closed-pool agent_uq batch aligns with the hypothesis: 14 of 16 candidates carry preferred residues at position 40 and retain G at 41; S09 and S10 are matched controls (matched_to S07) and may intentionally violate soft preferences. Deterministic conflict report is empty; control feasibility is FEASIBLE with 2 selected; diversity threshold is satisfied (min pairwise Hamming 1). Predictions are dry_validation/not_evaluated, so no model signals are used. Falsification spec is compiled and executable with 16 targets and 96 comparators. No required changes.",inconclusive,Revealed value 0.01018 versus visible baseline 0.1079; eight dimensions reviewed.,1,"[""E1:kg:sha256:ffd38c1c8b2533acf8cd3a56d13bf9eee1542235fd6142e1732a9c65147887e6""]",measured_aggregate,kg,unknown,ok,context-bound residue observation score=0.116; support=5,artifacts/hierarchical-scientist-kg_base_kg_base_rag_kg_base_al/runs/knowledge_agent-s11-f02-GB1-hierarchical-kg_base_rag-f02-20260820T222600583330Z,matched_control,2,False,False,1
kg_base_rag,2,11,knowledge_agent-s11-f02-GB1-hierarchical-kg_base_rag-f02-20260820T222600583330Z,1,11,sha256:f8ee04236ace863a6c1cf3e75d51c85514b655dd0f5db101c63a33f4488a70f1,IYGV,V39I;D40Y,2,4.38774529032,3.87966156006,0.497735828161,-0.508083730261,1.77841003654,0.692976442349,1.77841003654,kg_llm_uq,H01-00,"hypothesis=1.000; evidence=0.693; temporal_prior=0.000; gp_coverage_uncertainty=0.437; predictor_component=0.000; fitness_predictors_enabled=False; hypotheses_considered=1 Critic: The closed-pool agent_uq batch aligns with the hypothesis: 14 of 16 candidates carry preferred residues at position 40 and retain G at 41; S09 and S10 are matched controls (matched_to S07) and may intentionally violate soft preferences. Deterministic conflict report is empty; control feasibility is FEASIBLE with 2 selected; diversity threshold is satisfied (min pairwise Hamming 1). Predictions are dry_validation/not_evaluated, so no model signals are used. Falsification spec is compiled and executable with 16 targets and 96 comparators. No required changes.",support,Revealed value 4.388 versus visible baseline 0.1079; eight dimensions reviewed.,1,"[""E1:kg:sha256:f8ee04236ace863a6c1cf3e75d51c85514b655dd0f5db101c63a33f4488a70f1""]",measured_aggregate,kg,unknown,ok,context-bound residue observation score=0.693; support=4,artifacts/hierarchical-scientist-kg_base_kg_base_rag_kg_base_al/runs/knowledge_agent-s11-f02-GB1-hierarchical-kg_base_rag-f02-20260820T222600583330Z,evidence_prior,4,True,True,1
kg_base_rag,2,11,knowledge_agent-s11-f02-GB1-hierarchical-kg_base_rag-f02-20260820T222600583330Z,1,12,sha256:184a753208ec312596faa7f79d17c5ec89deaa1ee61c07ae68f236b59ecf2a9c,VYGA,D40Y;V54A,2,2.40599752993,2.34028887749,0.694060921669,-0.0657086524428,1.7728519791,0.689165120458,1.7728519791,kg_llm_uq,H01-00,"hypothesis=1.000; evidence=0.689; temporal_prior=0.000; gp_coverage_uncertainty=0.433; predictor_component=0.000; fitness_predictors_enabled=False; hypotheses_considered=1 Critic: The closed-pool agent_uq batch aligns with the hypothesis: 14 of 16 candidates carry preferred residues at position 40 and retain G at 41; S09 and S10 are matched controls (matched_to S07) and may intentionally violate soft preferences. Deterministic conflict report is empty; control feasibility is FEASIBLE with 2 selected; diversity threshold is satisfied (min pairwise Hamming 1). Predictions are dry_validation/not_evaluated, so no model signals are used. Falsification spec is compiled and executable with 16 targets and 96 comparators. No required changes.",support,Revealed value 2.406 versus visible baseline 0.1079; eight dimensions reviewed.,1,"[""E1:kg:sha256:184a753208ec312596faa7f79d17c5ec89deaa1ee61c07ae68f236b59ecf2a9c""]",measured_aggregate,kg,unknown,ok,context-bound residue observation score=0.689; support=4,artifacts/hierarchical-scientist-kg_base_kg_base_rag_kg_base_al/runs/knowledge_agent-s11-f02-GB1-hierarchical-kg_base_rag-f02-20260820T222600583330Z,evidence_prior,4,True,False,1
kg_base_rag,2,11,knowledge_agent-s11-f02-GB1-hierarchical-kg_base_rag-f02-20260820T222600583330Z,1,13,sha256:8adcc9749599afd1dcad3ef9086feca9afaac8e0654ab85131de9e30f5b67919,LYGV,V39L;D40Y,2,5.07529943739,4.17281103134,0.486351311207,-0.902488406048,1.43662974971,0.671738076482,1.43662974971,kg_llm_uq,H01-00,"hypothesis=1.000; evidence=0.672; temporal_prior=0.000; gp_coverage_uncertainty=0.000; predictor_component=0.000; fitness_predictors_enabled=False; hypotheses_considered=1 Critic: The closed-pool agent_uq batch aligns with the hypothesis: 14 of 16 candidates carry preferred residues at position 40 and retain G at 41; S09 and S10 are matched controls (matched_to S07) and may intentionally violate soft preferences. Deterministic conflict report is empty; control feasibility is FEASIBLE with 2 selected; diversity threshold is satisfied (min pairwise Hamming 1). Predictions are dry_validation/not_evaluated, so no model signals are used. Falsification spec is compiled and executable with 16 targets and 96 comparators. No required changes.",support,Revealed value 5.075 versus visible baseline 0.1079; eight dimensions reviewed.,1,"[""E1:kg:sha256:8adcc9749599afd1dcad3ef9086feca9afaac8e0654ab85131de9e30f5b67919""]",measured_aggregate,kg,unknown,ok,context-bound residue observation score=0.672; support=3,artifacts/hierarchical-scientist-kg_base_kg_base_rag_kg_base_al/runs/knowledge_agent-s11-f02-GB1-hierarchical-kg_base_rag-f02-20260820T222600583330Z,evidence_prior,4,True,True,1
kg_base_rag,2,11,knowledge_agent-s11-f02-GB1-hierarchical-kg_base_rag-f02-20260820T222600583330Z,1,14,sha256:9ba06b109151381846c37343f9142c61e9fa15b683b23094a495ae5609fa823b,VAGC,D40A;V54C,2,2.80027310747,2.00946855545,0.656427562237,-0.79080455202,2.00981959008,0.167329895226,2.00981959008,kg_llm_uq,H01-00,"hypothesis=1.000; evidence=0.167; temporal_prior=0.000; gp_coverage_uncertainty=1.201; predictor_component=0.000; fitness_predictors_enabled=False; hypotheses_considered=1 Critic: The closed-pool agent_uq batch aligns with the hypothesis: 14 of 16 candidates carry preferred residues at position 40 and retain G at 41; S09 and S10 are matched controls (matched_to S07) and may intentionally violate soft preferences. Deterministic conflict report is empty; control feasibility is FEASIBLE with 2 selected; diversity threshold is satisfied (min pairwise Hamming 1). Predictions are dry_validation/not_evaluated, so no model signals are used. Falsification spec is compiled and executable with 16 targets and 96 comparators. No required changes.",inconclusive,Revealed value 2.8 versus visible baseline 0.1079; eight dimensions reviewed.,1,"[""E1:kg:sha256:9ba06b109151381846c37343f9142c61e9fa15b683b23094a495ae5609fa823b""]",measured_aggregate,kg,unknown,ok,context-bound residue observation score=0.167; support=4,artifacts/hierarchical-scientist-kg_base_kg_base_rag_kg_base_al/runs/knowledge_agent-s11-f02-GB1-hierarchical-kg_base_rag-f02-20260820T222600583330Z,coverage_exploration,4,True,False,1
kg_base_rag,2,11,knowledge_agent-s11-f02-GB1-hierarchical-kg_base_rag-f02-20260820T222600583330Z,1,15,sha256:187bf4a7ad8ca6e9e3015ba357922df3b0b56fca4736d3a0e952e2d8ada21030,IHGA,V39I;D40H;V54A,3,2.42935851199,2.14522504807,0.728267371655,-0.284133463925,2.0074122161,0.353092791917,2.0074122161,kg_llm_uq,H01-00,"hypothesis=1.000; evidence=0.353; temporal_prior=0.000; gp_coverage_uncertainty=1.037; predictor_component=0.000; fitness_predictors_enabled=False; hypotheses_considered=1 Critic: The closed-pool agent_uq batch aligns with the hypothesis: 14 of 16 candidates carry preferred residues at position 40 and retain G at 41; S09 and S10 are matched controls (matched_to S07) and may intentionally violate soft preferences. Deterministic conflict report is empty; control feasibility is FEASIBLE with 2 selected; diversity threshold is satisfied (min pairwise Hamming 1). Predictions are dry_validation/not_evaluated, so no model signals are used. Falsification spec is compiled and executable with 16 targets and 96 comparators. No required changes.",inconclusive,Revealed value 2.429 versus visible baseline 0.1079; eight dimensions reviewed.,1,"[""E1:kg:sha256:187bf4a7ad8ca6e9e3015ba357922df3b0b56fca4736d3a0e952e2d8ada21030""]",measured_aggregate,kg,unknown,ok,context-bound residue observation score=0.353; support=6,artifacts/hierarchical-scientist-kg_base_kg_base_rag_kg_base_al/runs/knowledge_agent-s11-f02-GB1-hierarchical-kg_base_rag-f02-20260820T222600583330Z,coverage_exploration,4,True,False,1
kg_base_rag,2,11,knowledge_agent-s11-f02-GB1-hierarchical-kg_base_rag-f02-20260820T222600583330Z,1,16,sha256:d05664b827f5087265ff8d7edbd02000546e8538f72270fc9585a4974800db7d,CWGC,V39C;D40W;V54C,3,2.70609039018,1.703384161,0.826824963093,-1.00270622918,2.02596447938,0.384020213975,2.02596447938,kg_llm_uq,H01-00,"hypothesis=1.000; evidence=0.384; temporal_prior=0.000; gp_coverage_uncertainty=1.035; predictor_component=0.000; fitness_predictors_enabled=False; hypotheses_considered=1 Critic: The closed-pool agent_uq batch aligns with the hypothesis: 14 of 16 candidates carry preferred residues at position 40 and retain G at 41; S09 and S10 are matched controls (matched_to S07) and may intentionally violate soft preferences. Deterministic conflict report is empty; control feasibility is FEASIBLE with 2 selected; diversity threshold is satisfied (min pairwise Hamming 1). Predictions are dry_validation/not_evaluated, so no model signals are used. Falsification spec is compiled and executable with 16 targets and 96 comparators. No required changes.",inconclusive,Revealed value 2.706 versus visible baseline 0.1079; eight dimensions reviewed.,1,"[""E1:kg:sha256:d05664b827f5087265ff8d7edbd02000546e8538f72270fc9585a4974800db7d""]",measured_aggregate,kg,unknown,ok,context-bound residue observation score=0.384; support=6,artifacts/hierarchical-scientist-kg_base_kg_base_rag_kg_base_al/runs/knowledge_agent-s11-f02-GB1-hierarchical-kg_base_rag-f02-20260820T222600583330Z,coverage_exploration,4,True,False,1
kg_base_rag,2,11,knowledge_agent-s11-f02-GB1-hierarchical-kg_base_rag-f02-20260820T222600583330Z,2,1,sha256:6426d92a5e51c3ecccddd0f5343ffaead003713e620db4591cc01d0c82cc0796,LYGC,V39L;D40Y;V54C,3,4.33564342865,5.18996477127,0.607845366001,0.854321342621,3.00096523268,0.858803931481,3.00096523268,kg_llm_uq,H02-00,"hypothesis=1.000; evidence=0.859; temporal_prior=0.727; gp_coverage_uncertainty=1.148; predictor_component=0.000; fitness_predictors_enabled=False; hypotheses_considered=2 Critic: The batch is a closed-pool agent_uq selection with 16 candidates, all with valid mutation notation and no deterministic conflicts. The hypothesis soft priors are respected by hypothesis_target and evidence_prior arms; matched controls S09/S10 and coverage exploration S14/S16 intentionally deviate but are permitted by their arm intents. Control feasibility is FEASIBLE with 2 selected controls, and diversity threshold is satisfied (min pairwise Hamming 1 >= 1). Falsification spec is compiled and executable with 16 target observations and a preregistered comparator. Predictions are dry_validation/not_evaluated, so no model signals are used. Evidence cards are KG aggregates with warnings about additivity and non-causality, appropriately treated as descriptive. No required changes.",support,Revealed value 4.336 versus visible baseline 0.1939; eight dimensions reviewed.,1,"[""E2:kg:sha256:6426d92a5e51c3ecccddd0f5343ffaead003713e620db4591cc01d0c82cc0796""]",measured_aggregate,kg,unknown,ok,context-bound residue observation score=0.859; support=13,artifacts/hierarchical-scientist-kg_base_kg_base_rag_kg_base_al/runs/knowledge_agent-s11-f02-GB1-hierarchical-kg_base_rag-f02-20260820T222600583330Z,hypothesis_target,4,True,False,0
kg_base_rag,2,11,knowledge_agent-s11-f02-GB1-hierarchical-kg_base_rag-f02-20260820T222600583330Z,2,2,sha256:0c27d24d79ae24742317846eba6b5fb65a951dee9c18a8ea61dff190fff050a8,LYGA,V39L;D40Y;V54A,3,3.48423401082,3.30371546745,0.487723618746,-0.180518543367,2.79045288635,0.842873686667,2.79045288635,kg_llm_uq,H02-00,"hypothesis=1.000; evidence=0.843; temporal_prior=0.519; gp_coverage_uncertainty=1.104; predictor_component=0.000; fitness_predictors_enabled=False; hypotheses_considered=2 Critic: The batch is a closed-pool agent_uq selection with 16 candidates, all with valid mutation notation and no deterministic conflicts. The hypothesis soft priors are respected by hypothesis_target and evidence_prior arms; matched controls S09/S10 and coverage exploration S14/S16 intentionally deviate but are permitted by their arm intents. Control feasibility is FEASIBLE with 2 selected controls, and diversity threshold is satisfied (min pairwise Hamming 1 >= 1). Falsification spec is compiled and executable with 16 target observations and a preregistered comparator. Predictions are dry_validation/not_evaluated, so no model signals are used. Evidence cards are KG aggregates with warnings about additivity and non-causality, appropriately treated as descriptive. No required changes.",support,Revealed value 3.484 versus visible baseline 0.1939; eight dimensions reviewed.,1,"[""E2:kg:sha256:0c27d24d79ae24742317846eba6b5fb65a951dee9c18a8ea61dff190fff050a8""]",measured_aggregate,kg,unknown,ok,context-bound residue observation score=0.843; support=17,artifacts/hierarchical-scientist-kg_base_kg_base_rag_kg_base_al/runs/knowledge_agent-s11-f02-GB1-hierarchical-kg_base_rag-f02-20260820T222600583330Z,hypothesis_target,4,True,False,0
kg_base_rag,2,11,knowledge_agent-s11-f02-GB1-hierarchical-kg_base_rag-f02-20260820T222600583330Z,2,3,sha256:99527d4c0968c0e8e932b939fe6e1c9a52f5bd2e408da081d403cf6bbf0f1bef,LFGC,V39L;D40F;V54C,3,3.35884837877,4.3118224144,0.664230644703,0.952974035628,2.64504521767,0.67773988448,2.64504521767,kg_llm_uq,H02-00,"hypothesis=1.000; evidence=0.678; temporal_prior=0.649; gp_coverage_uncertainty=0.914; predictor_component=0.000; fitness_predictors_enabled=False; hypotheses_considered=2 Critic: The batch is a closed-pool agent_uq selection with 16 candidates, all with valid mutation notation and no deterministic conflicts. The hypothesis soft priors are respected by hypothesis_target and evidence_prior arms; matched controls S09/S10 and coverage exploration S14/S16 intentionally deviate but are permitted by their arm intents. Control feasibility is FEASIBLE with 2 selected controls, and diversity threshold is satisfied (min pairwise Hamming 1 >= 1). Falsification spec is compiled and executable with 16 target observations and a preregistered comparator. Predictions are dry_validation/not_evaluated, so no model signals are used. Evidence cards are KG aggregates with warnings about additivity and non-causality, appropriately treated as descriptive. No required changes.",support,Revealed value 3.359 versus visible baseline 0.1939; eight dimensions reviewed.,1,"[""E2:kg:sha256:99527d4c0968c0e8e932b939fe6e1c9a52f5bd2e408da081d403cf6bbf0f1bef""]",measured_aggregate,kg,unknown,ok,context-bound residue observation score=0.678; support=9,artifacts/hierarchical-scientist-kg_base_kg_base_rag_kg_base_al/runs/knowledge_agent-s11-f02-GB1-hierarchical-kg_base_rag-f02-20260820T222600583330Z,hypothesis_target,4,True,False,0
kg_base_rag,2,11,knowledge_agent-s11-f02-GB1-hierarchical-kg_base_rag-f02-20260820T222600583330Z,2,4,sha256:1341a97d7217e64b2fc2aa592a9f0ef2de2578d49262200771967d460d350384,IAGC,V39I;D40A;V54C,3,2.62171251414,2.98586583138,0.542779743671,0.364153317235,2.48603696283,0.720853802219,2.48603696283,kg_llm_uq,H02-00,"hypothesis=1.000; evidence=0.721; temporal_prior=0.308; gp_coverage_uncertainty=1.028; predictor_component=0.000; fitness_predictors_enabled=False; hypotheses_considered=2 Critic: The batch is a closed-pool agent_uq selection with 16 candidates, all with valid mutation notation and no deterministic conflicts. The hypothesis soft priors are respected by hypothesis_target and evidence_prior arms; matched controls S09/S10 and coverage exploration S14/S16 intentionally deviate but are permitted by their arm intents. Control feasibility is FEASIBLE with 2 selected controls, and diversity threshold is satisfied (min pairwise Hamming 1 >= 1). Falsification spec is compiled and executable with 16 target observations and a preregistered comparator. Predictions are dry_validation/not_evaluated, so no model signals are used. Evidence cards are KG aggregates with warnings about additivity and non-causality, appropriately treated as descriptive. No required changes.",support,Revealed value 2.622 versus visible baseline 0.1939; eight dimensions reviewed.,1,"[""E2:kg:sha256:1341a97d7217e64b2fc2aa592a9f0ef2de2578d49262200771967d460d350384""]",measured_aggregate,kg,unknown,ok,context-bound residue observation score=0.721; support=19,artifacts/hierarchical-scientist-kg_base_kg_base_rag_kg_base_al/runs/knowledge_agent-s11-f02-GB1-hierarchical-kg_base_rag-f02-20260820T222600583330Z,hypothesis_target,4,True,False,0
kg_base_rag,2,11,knowledge_agent-s11-f02-GB1-hierarchical-kg_base_rag-f02-20260820T222600583330Z,2,5,sha256:3a7adba769d374f88cba01eb4686cb18884a40cfb15f1b9189d5b5e582f22637,LWGC,V39L;D40W;V54C,3,3.50389826225,4.27537536621,0.530750095844,0.771477103961,2.495379199,0.774021734359,2.495379199,kg_llm_uq,H02-00,"hypothesis=1.000; evidence=0.774; temporal_prior=0.556; gp_coverage_uncertainty=0.729; predictor_component=0.000; fitness_predictors_enabled=False; hypotheses_considered=2 Critic: The batch is a closed-pool agent_uq selection with 16 candidates, all with valid mutation notation and no deterministic conflicts. The hypothesis soft priors are respected by hypothesis_target and evidence_prior arms; matched controls S09/S10 and coverage exploration S14/S16 intentionally deviate but are permitted by their arm intents. Control feasibility is FEASIBLE with 2 selected controls, and diversity threshold is satisfied (min pairwise Hamming 1 >= 1). Falsification spec is compiled and executable with 16 target observations and a preregistered comparator. Predictions are dry_validation/not_evaluated, so no model signals are used. Evidence cards are KG aggregates with warnings about additivity and non-causality, appropriately treated as descriptive. No required changes.",support,Revealed value 3.504 versus visible baseline 0.1939; eight dimensions reviewed.,1,"[""E2:kg:sha256:3a7adba769d374f88cba01eb4686cb18884a40cfb15f1b9189d5b5e582f22637""]",measured_aggregate,kg,unknown,ok,context-bound residue observation score=0.774; support=15,artifacts/hierarchical-scientist-kg_base_kg_base_rag_kg_base_al/runs/knowledge_agent-s11-f02-GB1-hierarchical-kg_base_rag-f02-20260820T222600583330Z,hypothesis_target,4,True,False,0
kg_base_rag,2,11,knowledge_agent-s11-f02-GB1-hierarchical-kg_base_rag-f02-20260820T222600583330Z,2,6,sha256:1ef3828bd26a9404c98efbe68c2daf51c8d051c9d251c5689b4ae3856796b6c5,CYGA,V39C;D40Y;V54A,3,0.690206817298,2.69187474251,0.637100040913,2.00166792521,2.43373727446,0.796542452781,2.43373727446,kg_llm_uq,H02-00,"hypothesis=1.000; evidence=0.797; temporal_prior=0.122; gp_coverage_uncertainty=1.091; predictor_component=0.000; fitness_predictors_enabled=False; hypotheses_considered=2 Critic: The batch is a closed-pool agent_uq selection with 16 candidates, all with valid mutation notation and no deterministic conflicts. The hypothesis soft priors are respected by hypothesis_target and evidence_prior arms; matched controls S09/S10 and coverage exploration S14/S16 intentionally deviate but are permitted by their arm intents. Control feasibility is FEASIBLE with 2 selected controls, and diversity threshold is satisfied (min pairwise Hamming 1 >= 1). Falsification spec is compiled and executable with 16 target observations and a preregistered comparator. Predictions are dry_validation/not_evaluated, so no model signals are used. Evidence cards are KG aggregates with warnings about additivity and non-causality, appropriately treated as descriptive. No required changes.",support,Revealed value 0.6902 versus visible baseline 0.1939; eight dimensions reviewed.,1,"[""E2:kg:sha256:1ef3828bd26a9404c98efbe68c2daf51c8d051c9d251c5689b4ae3856796b6c5""]",measured_aggregate,kg,unknown,ok,context-bound residue observation score=0.797; support=19,artifacts/hierarchical-scientist-kg_base_kg_base_rag_kg_base_al/runs/knowledge_agent-s11-f02-GB1-hierarchical-kg_base_rag-f02-20260820T222600583330Z,hypothesis_target,4,True,False,0
kg_base_rag,2,11,knowledge_agent-s11-f02-GB1-hierarchical-kg_base_rag-f02-20260820T222600583330Z,2,7,sha256:915b881aa31bfe7ff503bb05e5df8400a43f987aa10d7e4d9451afc5c689b47a,LHGV,V39L;D40H,2,3.35696195393,3.34971046448,0.39717015624,-0.00725148945246,2.33643477709,0.661299638962,2.33643477709,kg_llm_uq,H02-00,"hypothesis=1.000; evidence=0.661; temporal_prior=0.440; gp_coverage_uncertainty=0.740; predictor_component=0.000; fitness_predictors_enabled=False; hypotheses_considered=2 Critic: The batch is a closed-pool agent_uq selection with 16 candidates, all with valid mutation notation and no deterministic conflicts. The hypothesis soft priors are respected by hypothesis_target and evidence_prior arms; matched controls S09/S10 and coverage exploration S14/S16 intentionally deviate but are permitted by their arm intents. Control feasibility is FEASIBLE with 2 selected controls, and diversity threshold is satisfied (min pairwise Hamming 1 >= 1). Falsification spec is compiled and executable with 16 target observations and a preregistered comparator. Predictions are dry_validation/not_evaluated, so no model signals are used. Evidence cards are KG aggregates with warnings about additivity and non-causality, appropriately treated as descriptive. No required changes.",support,Revealed value 3.357 versus visible baseline 0.1939; eight dimensions reviewed.,1,"[""E2:kg:sha256:915b881aa31bfe7ff503bb05e5df8400a43f987aa10d7e4d9451afc5c689b47a""]",measured_aggregate,kg,unknown,ok,context-bound residue observation score=0.661; support=6,artifacts/hierarchical-scientist-kg_base_kg_base_rag_kg_base_al/runs/knowledge_agent-s11-f02-GB1-hierarchical-kg_base_rag-f02-20260820T222600583330Z,hypothesis_target,4,True,False,0
kg_base_rag,2,11,knowledge_agent-s11-f02-GB1-hierarchical-kg_base_rag-f02-20260820T222600583330Z,2,8,sha256:6f8721d4e6354c82389a55d5622c66c0af2e220b627e5a2befb5318c2406bb87,LAGC,V39L;D40A;V54C,3,2.13297049761,3.16762042046,0.534262955189,1.03464992285,2.34615326873,0.72136266247,2.34615326873,kg_llm_uq,H02-00,"hypothesis=1.000; evidence=0.721; temporal_prior=0.463; gp_coverage_uncertainty=0.676; predictor_component=0.000; fitness_predictors_enabled=False; hypotheses_considered=2 Critic: The batch is a closed-pool agent_uq selection with 16 candidates, all with valid mutation notation and no deterministic conflicts. The hypothesis soft priors are respected by hypothesis_target and evidence_prior arms; matched controls S09/S10 and coverage exploration S14/S16 intentionally deviate but are permitted by their arm intents. Control feasibility is FEASIBLE with 2 selected controls, and diversity threshold is satisfied (min pairwise Hamming 1 >= 1). Falsification spec is compiled and executable with 16 target observations and a preregistered comparator. Predictions are dry_validation/not_evaluated, so no model signals are used. Evidence cards are KG aggregates with warnings about additivity and non-causality, appropriately treated as descriptive. No required changes.",support,Revealed value 2.133 versus visible baseline 0.1939; eight dimensions reviewed.,1,"[""E2:kg:sha256:6f8721d4e6354c82389a55d5622c66c0af2e220b627e5a2befb5318c2406bb87""]",measured_aggregate,kg,unknown,ok,context-bound residue observation score=0.721; support=15,artifacts/hierarchical-scientist-kg_base_kg_base_rag_kg_base_al/runs/knowledge_agent-s11-f02-GB1-hierarchical-kg_base_rag-f02-20260820T222600583330Z,hypothesis_target,4,True,False,0
kg_base_rag,2,11,knowledge_agent-s11-f02-GB1-hierarchical-kg_base_rag-f02-20260820T222600583330Z,2,9,sha256:f913aeee479a7b51ad9d2bf8ac972d77f8128cfe5f977ee4ddc8d0392edf31b3,IDRV,V39I;G41R,2,0.00134354575888,0.580945611,0.461396574974,0.579602065241,1.55462171555,0.402871388568,1.55462171555,kg_llm_uq,H02-00,"hypothesis=0.500; evidence=0.403; temporal_prior=0.338; gp_coverage_uncertainty=0.697; predictor_component=0.000; fitness_predictors_enabled=False; hypotheses_considered=2 Critic: The batch is a closed-pool agent_uq selection with 16 candidates, all with valid mutation notation and no deterministic conflicts. The hypothesis soft priors are respected by hypothesis_target and evidence_prior arms; matched controls S09/S10 and coverage exploration S14/S16 intentionally deviate but are permitted by their arm intents. Control feasibility is FEASIBLE with 2 selected controls, and diversity threshold is satisfied (min pairwise Hamming 1 >= 1). Falsification spec is compiled and executable with 16 target observations and a preregistered comparator. Predictions are dry_validation/not_evaluated, so no model signals are used. Evidence cards are KG aggregates with warnings about additivity and non-causality, appropriately treated as descriptive. No required changes.",mixed,Revealed value 0.001344 versus visible baseline 0.1939; eight dimensions reviewed.,1,"[""E2:kg:sha256:f913aeee479a7b51ad9d2bf8ac972d77f8128cfe5f977ee4ddc8d0392edf31b3""]",measured_aggregate,kg,unknown,ok,context-bound residue observation score=0.403; support=8,artifacts/hierarchical-scientist-kg_base_kg_base_rag_kg_base_al/runs/knowledge_agent-s11-f02-GB1-hierarchical-kg_base_rag-f02-20260820T222600583330Z,matched_control,2,False,False,0
kg_base_rag,2,11,knowledge_agent-s11-f02-GB1-hierarchical-kg_base_rag-f02-20260820T222600583330Z,2,10,sha256:f35ac26e4a026c16a82761eb8723db69172dccbd643adce40ef4aa37d96f891d,ITRV,V39I;D40T;G41R,3,0.00414312017738,0.933921873569,0.645627856255,0.929778753392,1.66532801454,0.300283785327,1.66532801454,kg_llm_uq,H02-00,"hypothesis=0.500; evidence=0.300; temporal_prior=0.338; gp_coverage_uncertainty=0.933; predictor_component=0.000; fitness_predictors_enabled=False; hypotheses_considered=2 Critic: The batch is a closed-pool agent_uq selection with 16 candidates, all with valid mutation notation and no deterministic conflicts. The hypothesis soft priors are respected by hypothesis_target and evidence_prior arms; matched controls S09/S10 and coverage exploration S14/S16 intentionally deviate but are permitted by their arm intents. Control feasibility is FEASIBLE with 2 selected controls, and diversity threshold is satisfied (min pairwise Hamming 1 >= 1). Falsification spec is compiled and executable with 16 target observations and a preregistered comparator. Predictions are dry_validation/not_evaluated, so no model signals are used. Evidence cards are KG aggregates with warnings about additivity and non-causality, appropriately treated as descriptive. No required changes.",mixed,Revealed value 0.004143 versus visible baseline 0.1939; eight dimensions reviewed.,1,"[""E2:kg:sha256:f35ac26e4a026c16a82761eb8723db69172dccbd643adce40ef4aa37d96f891d""]",measured_aggregate,kg,unknown,ok,context-bound residue observation score=0.300; support=9,artifacts/hierarchical-scientist-kg_base_kg_base_rag_kg_base_al/runs/knowledge_agent-s11-f02-GB1-hierarchical-kg_base_rag-f02-20260820T222600583330Z,matched_control,2,False,False,0
kg_base_rag,2,11,knowledge_agent-s11-f02-GB1-hierarchical-kg_base_rag-f02-20260820T222600583330Z,2,11,sha256:335a9f68d105e1b2c741b6ced91d700d8ae50342735fa341a98379ae87245479,IWGV,V39I;D40W,2,3.72027820633,3.72061729431,0.377455979586,0.000339087981523,1.78868980457,0.806308802843,1.78868980457,kg_llm_uq,H02-00,"hypothesis=1.000; evidence=0.806; temporal_prior=0.331; gp_coverage_uncertainty=0.000; predictor_component=0.000; fitness_predictors_enabled=False; hypotheses_considered=2 Critic: The batch is a closed-pool agent_uq selection with 16 candidates, all with valid mutation notation and no deterministic conflicts. The hypothesis soft priors are respected by hypothesis_target and evidence_prior arms; matched controls S09/S10 and coverage exploration S14/S16 intentionally deviate but are permitted by their arm intents. Control feasibility is FEASIBLE with 2 selected controls, and diversity threshold is satisfied (min pairwise Hamming 1 >= 1). Falsification spec is compiled and executable with 16 target observations and a preregistered comparator. Predictions are dry_validation/not_evaluated, so no model signals are used. Evidence cards are KG aggregates with warnings about additivity and non-causality, appropriately treated as descriptive. No required changes.",support,Revealed value 3.72 versus visible baseline 0.1939; eight dimensions reviewed.,1,"[""E2:kg:sha256:335a9f68d105e1b2c741b6ced91d700d8ae50342735fa341a98379ae87245479""]",measured_aggregate,kg,unknown,ok,context-bound residue observation score=0.806; support=14,artifacts/hierarchical-scientist-kg_base_kg_base_rag_kg_base_al/runs/knowledge_agent-s11-f02-GB1-hierarchical-kg_base_rag-f02-20260820T222600583330Z,evidence_prior,4,True,False,0
kg_base_rag,2,11,knowledge_agent-s11-f02-GB1-hierarchical-kg_base_rag-f02-20260820T222600583330Z,2,12,sha256:f76dde0b09a70424006fc41e57e7585914152be6586fbe95e7f63f7dde771b00,LWGV,V39L;D40W,2,4.04596052161,3.99259924889,0.389795690775,-0.0533612727239,1.96393853551,0.806864439699,1.96393853551,kg_llm_uq,H02-00,"hypothesis=1.000; evidence=0.807; temporal_prior=0.549; gp_coverage_uncertainty=0.000; predictor_component=0.000; fitness_predictors_enabled=False; hypotheses_considered=2 Critic: The batch is a closed-pool agent_uq selection with 16 candidates, all with valid mutation notation and no deterministic conflicts. The hypothesis soft priors are respected by hypothesis_target and evidence_prior arms; matched controls S09/S10 and coverage exploration S14/S16 intentionally deviate but are permitted by their arm intents. Control feasibility is FEASIBLE with 2 selected controls, and diversity threshold is satisfied (min pairwise Hamming 1 >= 1). Falsification spec is compiled and executable with 16 target observations and a preregistered comparator. Predictions are dry_validation/not_evaluated, so no model signals are used. Evidence cards are KG aggregates with warnings about additivity and non-causality, appropriately treated as descriptive. No required changes.",support,Revealed value 4.046 versus visible baseline 0.1939; eight dimensions reviewed.,1,"[""E2:kg:sha256:f76dde0b09a70424006fc41e57e7585914152be6586fbe95e7f63f7dde771b00""]",measured_aggregate,kg,unknown,ok,context-bound residue observation score=0.807; support=10,artifacts/hierarchical-scientist-kg_base_kg_base_rag_kg_base_al/runs/knowledge_agent-s11-f02-GB1-hierarchical-kg_base_rag-f02-20260820T222600583330Z,evidence_prior,4,True,False,0
kg_base_rag,2,11,knowledge_agent-s11-f02-GB1-hierarchical-kg_base_rag-f02-20260820T222600583330Z,2,13,sha256:45302fd2336c6f0c849be772b66c0a97eda8cb186cc1ecd62d3bdb256da12568,IWGC,V39I;D40W;V54C,3,3.95087308632,4.15771389008,0.5381539464,0.206840803756,2.27748833141,0.773596393887,2.27748833141,kg_llm_uq,H02-00,"hypothesis=1.000; evidence=0.774; temporal_prior=0.418; gp_coverage_uncertainty=0.587; predictor_component=0.000; fitness_predictors_enabled=False; hypotheses_considered=2 Critic: The batch is a closed-pool agent_uq selection with 16 candidates, all with valid mutation notation and no deterministic conflicts. The hypothesis soft priors are respected by hypothesis_target and evidence_prior arms; matched controls S09/S10 and coverage exploration S14/S16 intentionally deviate but are permitted by their arm intents. Control feasibility is FEASIBLE with 2 selected controls, and diversity threshold is satisfied (min pairwise Hamming 1 >= 1). Falsification spec is compiled and executable with 16 target observations and a preregistered comparator. Predictions are dry_validation/not_evaluated, so no model signals are used. Evidence cards are KG aggregates with warnings about additivity and non-causality, appropriately treated as descriptive. No required changes.",support,Revealed value 3.951 versus visible baseline 0.1939; eight dimensions reviewed.,1,"[""E2:kg:sha256:45302fd2336c6f0c849be772b66c0a97eda8cb186cc1ecd62d3bdb256da12568""]",measured_aggregate,kg,unknown,ok,context-bound residue observation score=0.774; support=19,artifacts/hierarchical-scientist-kg_base_kg_base_rag_kg_base_al/runs/knowledge_agent-s11-f02-GB1-hierarchical-kg_base_rag-f02-20260820T222600583330Z,evidence_prior,4,True,False,0
kg_base_rag,2,11,knowledge_agent-s11-f02-GB1-hierarchical-kg_base_rag-f02-20260820T222600583330Z,2,14,sha256:ffeaef53c8b2b94a05dfe0f638069b02988519ac7712dabac9e28cde759e8a02,KAAA,V39K;D40A;G41A;V54A,4,0.22251253204,-0.105529069901,0.777846992016,-0.328041601941,1.20786555286,0.246175845493,1.20786555286,kg_llm_uq,H02-00,"hypothesis=0.500; evidence=0.246; temporal_prior=-0.217; gp_coverage_uncertainty=0.962; predictor_component=0.000; fitness_predictors_enabled=False; hypotheses_considered=2 Critic: The batch is a closed-pool agent_uq selection with 16 candidates, all with valid mutation notation and no deterministic conflicts. The hypothesis soft priors are respected by hypothesis_target and evidence_prior arms; matched controls S09/S10 and coverage exploration S14/S16 intentionally deviate but are permitted by their arm intents. Control feasibility is FEASIBLE with 2 selected controls, and diversity threshold is satisfied (min pairwise Hamming 1 >= 1). Falsification spec is compiled and executable with 16 target observations and a preregistered comparator. Predictions are dry_validation/not_evaluated, so no model signals are used. Evidence cards are KG aggregates with warnings about additivity and non-causality, appropriately treated as descriptive. No required changes.",mixed,Revealed value 0.2225 versus visible baseline 0.1939; eight dimensions reviewed.,1,"[""E2:kg:sha256:ffeaef53c8b2b94a05dfe0f638069b02988519ac7712dabac9e28cde759e8a02""]",measured_aggregate,kg,unknown,ok,context-bound residue observation score=0.246; support=19,artifacts/hierarchical-scientist-kg_base_kg_base_rag_kg_base_al/runs/knowledge_agent-s11-f02-GB1-hierarchical-kg_base_rag-f02-20260820T222600583330Z,coverage_exploration,2,False,False,0
kg_base_rag,2,11,knowledge_agent-s11-f02-GB1-hierarchical-kg_base_rag-f02-20260820T222600583330Z,2,15,sha256:8cb6b7ff31c0b2b46054d659d140cd4b027c8c761b86aaada4e19478d97a77d0,LFGA,V39L;D40F;V54A,3,2.47369898132,2.63933634758,0.597545683384,0.16563736626,2.31110667831,0.645279730003,2.31110667831,kg_llm_uq,H02-00,"hypothesis=1.000; evidence=0.645; temporal_prior=0.246; gp_coverage_uncertainty=0.926; predictor_component=0.000; fitness_predictors_enabled=False; hypotheses_considered=2 Critic: The batch is a closed-pool agent_uq selection with 16 candidates, all with valid mutation notation and no deterministic conflicts. The hypothesis soft priors are respected by hypothesis_target and evidence_prior arms; matched controls S09/S10 and coverage exploration S14/S16 intentionally deviate but are permitted by their arm intents. Control feasibility is FEASIBLE with 2 selected controls, and diversity threshold is satisfied (min pairwise Hamming 1 >= 1). Falsification spec is compiled and executable with 16 target observations and a preregistered comparator. Predictions are dry_validation/not_evaluated, so no model signals are used. Evidence cards are KG aggregates with warnings about additivity and non-causality, appropriately treated as descriptive. No required changes.",inconclusive,Revealed value 2.474 versus visible baseline 0.1939; eight dimensions reviewed.,1,"[""E2:kg:sha256:8cb6b7ff31c0b2b46054d659d140cd4b027c8c761b86aaada4e19478d97a77d0""]",measured_aggregate,kg,unknown,ok,context-bound residue observation score=0.645; support=13,artifacts/hierarchical-scientist-kg_base_kg_base_rag_kg_base_al/runs/knowledge_agent-s11-f02-GB1-hierarchical-kg_base_rag-f02-20260820T222600583330Z,coverage_exploration,4,True,False,0
kg_base_rag,2,11,knowledge_agent-s11-f02-GB1-hierarchical-kg_base_rag-f02-20260820T222600583330Z,2,16,sha256:eb292d1b7d24ee793806f774525284b2a296d42bab75da355ab198965ff906d1,PAAA,V39P;D40A;G41A;V54A,4,0.0178926806108,0.14735263586,0.807708442211,0.12945995525,1.18743873128,0.214728103085,1.18743873128,kg_llm_uq,H02-00,"hypothesis=0.500; evidence=0.215; temporal_prior=-0.217; gp_coverage_uncertainty=0.962; predictor_component=0.000; fitness_predictors_enabled=False; hypotheses_considered=2 Critic: The batch is a closed-pool agent_uq selection with 16 candidates, all with valid mutation notation and no deterministic conflicts. The hypothesis soft priors are respected by hypothesis_target and evidence_prior arms; matched controls S09/S10 and coverage exploration S14/S16 intentionally deviate but are permitted by their arm intents. Control feasibility is FEASIBLE with 2 selected controls, and diversity threshold is satisfied (min pairwise Hamming 1 >= 1). Falsification spec is compiled and executable with 16 target observations and a preregistered comparator. Predictions are dry_validation/not_evaluated, so no model signals are used. Evidence cards are KG aggregates with warnings about additivity and non-causality, appropriately treated as descriptive. No required changes.",inconclusive,Revealed value 0.01789 versus visible baseline 0.1939; eight dimensions reviewed.,1,"[""E2:kg:sha256:eb292d1b7d24ee793806f774525284b2a296d42bab75da355ab198965ff906d1""]",measured_aggregate,kg,unknown,ok,context-bound residue observation score=0.215; support=20,artifacts/hierarchical-scientist-kg_base_kg_base_rag_kg_base_al/runs/knowledge_agent-s11-f02-GB1-hierarchical-kg_base_rag-f02-20260820T222600583330Z,coverage_exploration,2,False,False,0
kg_base_rag,2,11,knowledge_agent-s11-f02-GB1-hierarchical-kg_base_rag-f02-20260820T222600583330Z,3,1,sha256:c004108080543f240c5cde5d7aab4cf985d8e8daf2178d547dd5d31573e78c0c,LWGA,V39L;D40W;V54A,3,2.74706776264,2.53181314468,0.428612411022,-0.215254617956,2.74697119505,0.845958674175,2.74697119505,kg_llm_uq,H03-00,hypothesis=1.000; evidence=0.846; temporal_prior=0.408; gp_coverage_uncertainty=1.161; predictor_component=0.000; fitness_predictors_enabled=False; hypotheses_considered=3 Critic: The batch aligns with the hypothesis soft priors and includes matched controls and coverage exploration. Deterministic validation passed with no conflicts. Control feasibility and diversity thresholds are satisfied. Falsification spec is executable and ready. No required changes.,support,Revealed value 2.747 versus visible baseline 0.2531; eight dimensions reviewed.,1,"[""E3:kg:sha256:c004108080543f240c5cde5d7aab4cf985d8e8daf2178d547dd5d31573e78c0c""]",measured_aggregate,kg,unknown,ok,context-bound residue observation score=0.846; support=36,artifacts/hierarchical-scientist-kg_base_kg_base_rag_kg_base_al/runs/knowledge_agent-s11-f02-GB1-hierarchical-kg_base_rag-f02-20260820T222600583330Z,hypothesis_target,4,True,False,0
kg_base_rag,2,11,knowledge_agent-s11-f02-GB1-hierarchical-kg_base_rag-f02-20260820T222600583330Z,3,2,sha256:7426224e5b72b3ed239efd30dc5baf8a27836c30c4ff0cb5ed7893eb0a866b00,LHGC,V39L;D40H;V54C,3,2.67328306446,2.74525880814,0.636676251888,0.071975743676,2.52161096739,0.853707549899,2.52161096739,kg_llm_uq,H03-00,hypothesis=1.000; evidence=0.854; temporal_prior=0.655; gp_coverage_uncertainty=0.590; predictor_component=0.000; fitness_predictors_enabled=False; hypotheses_considered=3 Critic: The batch aligns with the hypothesis soft priors and includes matched controls and coverage exploration. Deterministic validation passed with no conflicts. Control feasibility and diversity thresholds are satisfied. Falsification spec is executable and ready. No required changes.,support,Revealed value 2.673 versus visible baseline 0.2531; eight dimensions reviewed.,1,"[""E3:kg:sha256:7426224e5b72b3ed239efd30dc5baf8a27836c30c4ff0cb5ed7893eb0a866b00""]",measured_aggregate,kg,unknown,ok,context-bound residue observation score=0.854; support=26,artifacts/hierarchical-scientist-kg_base_kg_base_rag_kg_base_al/runs/knowledge_agent-s11-f02-GB1-hierarchical-kg_base_rag-f02-20260820T222600583330Z,hypothesis_target,4,True,False,0
kg_base_rag,2,11,knowledge_agent-s11-f02-GB1-hierarchical-kg_base_rag-f02-20260820T222600583330Z,3,3,sha256:98f9f5945086c9403ac99c9086cf86462452115107c1e2faf95fc694b3495e59,IYLV,V39I;D40Y;G41L,3,0.0355597140972,1.55695390701,0.741547524929,1.52139419292,2.54113759784,0.655700369818,2.54113759784,kg_llm_uq,H03-00,hypothesis=0.750; evidence=0.656; temporal_prior=0.463; gp_coverage_uncertainty=1.326; predictor_component=0.000; fitness_predictors_enabled=False; hypotheses_considered=3 Critic: The batch aligns with the hypothesis soft priors and includes matched controls and coverage exploration. Deterministic validation passed with no conflicts. Control feasibility and diversity thresholds are satisfied. Falsification spec is executable and ready. No required changes.,mixed,Revealed value 0.03556 versus visible baseline 0.2531; eight dimensions reviewed.,1,"[""E3:kg:sha256:98f9f5945086c9403ac99c9086cf86462452115107c1e2faf95fc694b3495e59""]",measured_aggregate,kg,unknown,ok,context-bound residue observation score=0.656; support=22,artifacts/hierarchical-scientist-kg_base_kg_base_rag_kg_base_al/runs/knowledge_agent-s11-f02-GB1-hierarchical-kg_base_rag-f02-20260820T222600583330Z,hypothesis_target,3,False,False,0
kg_base_rag,2,11,knowledge_agent-s11-f02-GB1-hierarchical-kg_base_rag-f02-20260820T222600583330Z,3,4,sha256:108a3dddf979c99fc4495a1937aa66047da49f56d50b56186c6029e5a173d293,EYGC,V39E;D40Y;V54C,3,2.31013096484,2.25513458252,0.754178702831,-0.0549963823205,2.58943496774,0.73654422325,2.58943496774,kg_llm_uq,H03-00,hypothesis=0.750; evidence=0.737; temporal_prior=0.724; gp_coverage_uncertainty=1.042; predictor_component=0.000; fitness_predictors_enabled=False; hypotheses_considered=3 Critic: The batch aligns with the hypothesis soft priors and includes matched controls and coverage exploration. Deterministic validation passed with no conflicts. Control feasibility and diversity thresholds are satisfied. Falsification spec is executable and ready. No required changes.,support,Revealed value 2.31 versus visible baseline 0.2531; eight dimensions reviewed.,1,"[""E3:kg:sha256:108a3dddf979c99fc4495a1937aa66047da49f56d50b56186c6029e5a173d293""]",measured_aggregate,kg,unknown,ok,context-bound residue observation score=0.737; support=21,artifacts/hierarchical-scientist-kg_base_kg_base_rag_kg_base_al/runs/knowledge_agent-s11-f02-GB1-hierarchical-kg_base_rag-f02-20260820T222600583330Z,hypothesis_target,3,False,False,0
kg_base_rag,2,11,knowledge_agent-s11-f02-GB1-hierarchical-kg_base_rag-f02-20260820T222600583330Z,3,5,sha256:648a58c1136e58ad2f1666370f4a11707df38a2f596407bb78af38ed9d142ad0,LFGV,V39L;D40F,2,4.02906611368,3.65801811218,0.314761787653,-0.371048001497,2.0657796255,0.871610597419,2.0657796255,kg_llm_uq,H03-00,hypothesis=1.000; evidence=0.872; temporal_prior=0.624; gp_coverage_uncertainty=0.000; predictor_component=0.000; fitness_predictors_enabled=False; hypotheses_considered=3 Critic: The batch aligns with the hypothesis soft priors and includes matched controls and coverage exploration. Deterministic validation passed with no conflicts. Control feasibility and diversity thresholds are satisfied. Falsification spec is executable and ready. No required changes.,support,Revealed value 4.029 versus visible baseline 0.2531; eight dimensions reviewed.,1,"[""E3:kg:sha256:648a58c1136e58ad2f1666370f4a11707df38a2f596407bb78af38ed9d142ad0""]",measured_aggregate,kg,unknown,ok,context-bound residue observation score=0.872; support=14,artifacts/hierarchical-scientist-kg_base_kg_base_rag_kg_base_al/runs/knowledge_agent-s11-f02-GB1-hierarchical-kg_base_rag-f02-20260820T222600583330Z,hypothesis_target,4,True,False,0
kg_base_rag,2,11,knowledge_agent-s11-f02-GB1-hierarchical-kg_base_rag-f02-20260820T222600583330Z,3,6,sha256:4dc134999aaac11cca9963ee105d20891ff7c3e4b12fa27ab24960f98683406e,CHGC,V39C;D40H;V54C,3,2.04420487213,1.79346168041,0.762120366096,-0.250743191718,2.2783110969,0.684809084669,2.2783110969,kg_llm_uq,H03-00,hypothesis=0.903; evidence=0.685; temporal_prior=0.222; gp_coverage_uncertainty=1.004; predictor_component=0.000; fitness_predictors_enabled=False; hypotheses_considered=3 Critic: The batch aligns with the hypothesis soft priors and includes matched controls and coverage exploration. Deterministic validation passed with no conflicts. Control feasibility and diversity thresholds are satisfied. Falsification spec is executable and ready. No required changes.,support,Revealed value 2.044 versus visible baseline 0.2531; eight dimensions reviewed.,1,"[""E3:kg:sha256:4dc134999aaac11cca9963ee105d20891ff7c3e4b12fa27ab24960f98683406e""]",measured_aggregate,kg,unknown,ok,context-bound residue observation score=0.685; support=21,artifacts/hierarchical-scientist-kg_base_kg_base_rag_kg_base_al/runs/knowledge_agent-s11-f02-GB1-hierarchical-kg_base_rag-f02-20260820T222600583330Z,hypothesis_target,3,False,False,0
kg_base_rag,2,11,knowledge_agent-s11-f02-GB1-hierarchical-kg_base_rag-f02-20260820T222600583330Z,3,7,sha256:88cbc7291ea9bf1b4b42b26e455c51f86bf3b3e3b643101cb3c88636ceda880e,LWTC,V39L;D40W;G41T;V54C,4,0.0145153167969,2.52680039406,0.647617638111,2.51228507726,2.51432055093,0.798519283766,2.51432055093,kg_llm_uq,H03-00,hypothesis=0.750; evidence=0.799; temporal_prior=0.732; gp_coverage_uncertainty=0.879; predictor_component=0.000; fitness_predictors_enabled=False; hypotheses_considered=3 Critic: The batch aligns with the hypothesis soft priors and includes matched controls and coverage exploration. Deterministic validation passed with no conflicts. Control feasibility and diversity thresholds are satisfied. Falsification spec is executable and ready. No required changes.,mixed,Revealed value 0.01452 versus visible baseline 0.2531; eight dimensions reviewed.,1,"[""E3:kg:sha256:88cbc7291ea9bf1b4b42b26e455c51f86bf3b3e3b643101cb3c88636ceda880e""]",measured_aggregate,kg,unknown,ok,context-bound residue observation score=0.799; support=34,artifacts/hierarchical-scientist-kg_base_kg_base_rag_kg_base_al/runs/knowledge_agent-s11-f02-GB1-hierarchical-kg_base_rag-f02-20260820T222600583330Z,hypothesis_target,3,False,False,0
kg_base_rag,2,11,knowledge_agent-s11-f02-GB1-hierarchical-kg_base_rag-f02-20260820T222600583330Z,3,8,sha256:c1b4e800f07cdf1f0c008b456d7c71348718002fd42ac0988da415e8d203ea12,IFGA,V39I;D40F;V54A,3,1.47154530648,2.20629763603,0.436812222004,0.734752329552,1.89975891168,0.662705527888,1.89975891168,kg_llm_uq,H03-00,hypothesis=1.000; evidence=0.663; temporal_prior=-0.021; gp_coverage_uncertainty=0.648; predictor_component=0.000; fitness_predictors_enabled=False; hypotheses_considered=3 Critic: The batch aligns with the hypothesis soft priors and includes matched controls and coverage exploration. Deterministic validation passed with no conflicts. Control feasibility and diversity thresholds are satisfied. Falsification spec is executable and ready. No required changes.,support,Revealed value 1.472 versus visible baseline 0.2531; eight dimensions reviewed.,1,"[""E3:kg:sha256:c1b4e800f07cdf1f0c008b456d7c71348718002fd42ac0988da415e8d203ea12""]",measured_aggregate,kg,unknown,ok,context-bound residue observation score=0.663; support=29,artifacts/hierarchical-scientist-kg_base_kg_base_rag_kg_base_al/runs/knowledge_agent-s11-f02-GB1-hierarchical-kg_base_rag-f02-20260820T222600583330Z,hypothesis_target,4,True,False,0
kg_base_rag,2,11,knowledge_agent-s11-f02-GB1-hierarchical-kg_base_rag-f02-20260820T222600583330Z,3,9,sha256:ffc0d5ba000054ae905d45867dcf4f764b94f8952af7bff4ee21d145f30a7868,SWPA,V39S;D40W;G41P;V54A,4,0.00400853140492,-0.000182628631592,0.821816205978,-0.00419116003651,1.58381664803,0.320073917156,1.58381664803,kg_llm_uq,H03-00,hypothesis=0.500; evidence=0.320; temporal_prior=0.138; gp_coverage_uncertainty=1.021; predictor_component=0.000; fitness_predictors_enabled=False; hypotheses_considered=3 Critic: The batch aligns with the hypothesis soft priors and includes matched controls and coverage exploration. Deterministic validation passed with no conflicts. Control feasibility and diversity thresholds are satisfied. Falsification spec is executable and ready. No required changes.,inconclusive,Revealed value 0.004009 versus visible baseline 0.2531; eight dimensions reviewed.,1,"[""E3:kg:sha256:ffc0d5ba000054ae905d45867dcf4f764b94f8952af7bff4ee21d145f30a7868""]",measured_aggregate,kg,unknown,ok,context-bound residue observation score=0.320; support=28,artifacts/hierarchical-scientist-kg_base_kg_base_rag_kg_base_al/runs/knowledge_agent-s11-f02-GB1-hierarchical-kg_base_rag-f02-20260820T222600583330Z,matched_control,2,False,False,0
kg_base_rag,2,11,knowledge_agent-s11-f02-GB1-hierarchical-kg_base_rag-f02-20260820T222600583330Z,3,10,sha256:ff193a823b4ec00b51ac1c36fc12c97b113f1c4a8ec3b643c03e70916a931dc3,IVGW,V39I;D40V;V54W,3,0.199852431633,2.06826543808,0.707373321056,1.86841300645,1.49258356884,0.350022328018,1.49258356884,kg_llm_uq,H03-00,hypothesis=0.500; evidence=0.350; temporal_prior=0.083; gp_coverage_uncertainty=0.932; predictor_component=0.000; fitness_predictors_enabled=False; hypotheses_considered=3 Critic: The batch aligns with the hypothesis soft priors and includes matched controls and coverage exploration. Deterministic validation passed with no conflicts. Control feasibility and diversity thresholds are satisfied. Falsification spec is executable and ready. No required changes.,mixed,Revealed value 0.1999 versus visible baseline 0.2531; eight dimensions reviewed.,1,"[""E3:kg:sha256:ff193a823b4ec00b51ac1c36fc12c97b113f1c4a8ec3b643c03e70916a931dc3""]",measured_aggregate,kg,unknown,ok,context-bound residue observation score=0.350; support=14,artifacts/hierarchical-scientist-kg_base_kg_base_rag_kg_base_al/runs/knowledge_agent-s11-f02-GB1-hierarchical-kg_base_rag-f02-20260820T222600583330Z,matched_control,2,False,False,0
kg_base_rag,2,11,knowledge_agent-s11-f02-GB1-hierarchical-kg_base_rag-f02-20260820T222600583330Z,3,11,sha256:18343870d3fc1f174825e26494346c074b4220ba7987c2bb94cfc38b77a94280,LYTA,V39L;D40Y;G41T;V54A,4,0.0167088236195,2.40769958496,0.621476411819,2.39099076134,2.30149873133,0.734184963711,2.30149873133,kg_llm_uq,H03-00,hypothesis=0.750; evidence=0.734; temporal_prior=0.423; gp_coverage_uncertainty=0.981; predictor_component=0.000; fitness_predictors_enabled=False; hypotheses_considered=3 Critic: The batch aligns with the hypothesis soft priors and includes matched controls and coverage exploration. Deterministic validation passed with no conflicts. Control feasibility and diversity thresholds are satisfied. Falsification spec is executable and ready. No required changes.,mixed,Revealed value 0.01671 versus visible baseline 0.2531; eight dimensions reviewed.,1,"[""E3:kg:sha256:18343870d3fc1f174825e26494346c074b4220ba7987c2bb94cfc38b77a94280""]",measured_aggregate,kg,unknown,ok,context-bound residue observation score=0.734; support=34,artifacts/hierarchical-scientist-kg_base_kg_base_rag_kg_base_al/runs/knowledge_agent-s11-f02-GB1-hierarchical-kg_base_rag-f02-20260820T222600583330Z,evidence_prior,3,False,False,0
kg_base_rag,2,11,knowledge_agent-s11-f02-GB1-hierarchical-kg_base_rag-f02-20260820T222600583330Z,3,12,sha256:7ca18bcd63a8843406bf0937aad18e7039e0714cea82698a55f5a2fdc7dd15ab,LSGV,V39L;D40S,2,2.26769974438,2.05007791519,0.38336122036,-0.217621829188,1.82553180036,0.706142645775,1.82553180036,kg_llm_uq,H03-00,hypothesis=0.750; evidence=0.706; temporal_prior=0.771; gp_coverage_uncertainty=0.000; predictor_component=0.000; fitness_predictors_enabled=False; hypotheses_considered=3 Critic: The batch aligns with the hypothesis soft priors and includes matched controls and coverage exploration. Deterministic validation passed with no conflicts. Control feasibility and diversity thresholds are satisfied. Falsification spec is executable and ready. No required changes.,support,Revealed value 2.268 versus visible baseline 0.2531; eight dimensions reviewed.,1,"[""E3:kg:sha256:7ca18bcd63a8843406bf0937aad18e7039e0714cea82698a55f5a2fdc7dd15ab""]",measured_aggregate,kg,unknown,ok,context-bound residue observation score=0.706; support=13,artifacts/hierarchical-scientist-kg_base_kg_base_rag_kg_base_al/runs/knowledge_agent-s11-f02-GB1-hierarchical-kg_base_rag-f02-20260820T222600583330Z,evidence_prior,3,False,False,0
kg_base_rag,2,11,knowledge_agent-s11-f02-GB1-hierarchical-kg_base_rag-f02-20260820T222600583330Z,3,13,sha256:c6f7241c5baf429461d4155ada401c1e6713aba10862f39416bf438c68893b1e,LHGA,V39L;D40H;V54A,3,3.31082193929,2.53007411957,0.464426517487,-0.780747819722,1.7062964895,0.746380774245,1.7062964895,kg_llm_uq,H03-00,hypothesis=1.000; evidence=0.746; temporal_prior=0.276; gp_coverage_uncertainty=0.000; predictor_component=0.000; fitness_predictors_enabled=False; hypotheses_considered=3 Critic: The batch aligns with the hypothesis soft priors and includes matched controls and coverage exploration. Deterministic validation passed with no conflicts. Control feasibility and diversity thresholds are satisfied. Falsification spec is executable and ready. No required changes.,support,Revealed value 3.311 versus visible baseline 0.2531; eight dimensions reviewed.,1,"[""E3:kg:sha256:c6f7241c5baf429461d4155ada401c1e6713aba10862f39416bf438c68893b1e""]",measured_aggregate,kg,unknown,ok,context-bound residue observation score=0.746; support=29,artifacts/hierarchical-scientist-kg_base_kg_base_rag_kg_base_al/runs/knowledge_agent-s11-f02-GB1-hierarchical-kg_base_rag-f02-20260820T222600583330Z,evidence_prior,4,True,False,0
kg_base_rag,2,11,knowledge_agent-s11-f02-GB1-hierarchical-kg_base_rag-f02-20260820T222600583330Z,3,14,sha256:2604d9c5679e4981124a3eef531fe8babc96f28035c96c8976be9cfb7880190d,IEGV,V39I;D40E,2,0.505034033267,1.2950066328,0.450308799744,0.789972599538,1.87469598986,0.341937481067,1.87469598986,kg_llm_uq,H03-00,hypothesis=0.750; evidence=0.342; temporal_prior=0.083; gp_coverage_uncertainty=1.115; predictor_component=0.000; fitness_predictors_enabled=False; hypotheses_considered=3 Critic: The batch aligns with the hypothesis soft priors and includes matched controls and coverage exploration. Deterministic validation passed with no conflicts. Control feasibility and diversity thresholds are satisfied. Falsification spec is executable and ready. No required changes.,inconclusive,Revealed value 0.505 versus visible baseline 0.2531; eight dimensions reviewed.,1,"[""E3:kg:sha256:2604d9c5679e4981124a3eef531fe8babc96f28035c96c8976be9cfb7880190d""]",measured_aggregate,kg,unknown,ok,context-bound residue observation score=0.342; support=14,artifacts/hierarchical-scientist-kg_base_kg_base_rag_kg_base_al/runs/knowledge_agent-s11-f02-GB1-hierarchical-kg_base_rag-f02-20260820T222600583330Z,coverage_exploration,3,False,False,0
kg_base_rag,2,11,knowledge_agent-s11-f02-GB1-hierarchical-kg_base_rag-f02-20260820T222600583330Z,3,15,sha256:6a8127bbcf461c52ec367ea0ea9118a4f3f6b946b22e8dae38c442e6e8eb5195,ICGV,V39I;D40C,2,1.57049240449,2.06127333641,0.475349873304,0.490780931921,1.44909206612,0.356892222146,1.44909206612,kg_llm_uq,H03-00,hypothesis=0.750; evidence=0.357; temporal_prior=-0.453; gp_coverage_uncertainty=1.106; predictor_component=0.000; fitness_predictors_enabled=False; hypotheses_considered=3 Critic: The batch aligns with the hypothesis soft priors and includes matched controls and coverage exploration. Deterministic validation passed with no conflicts. Control feasibility and diversity thresholds are satisfied. Falsification spec is executable and ready. No required changes.,inconclusive,Revealed value 1.57 versus visible baseline 0.2531; eight dimensions reviewed.,1,"[""E3:kg:sha256:6a8127bbcf461c52ec367ea0ea9118a4f3f6b946b22e8dae38c442e6e8eb5195""]",measured_aggregate,kg,unknown,ok,context-bound residue observation score=0.357; support=15,artifacts/hierarchical-scientist-kg_base_kg_base_rag_kg_base_al/runs/knowledge_agent-s11-f02-GB1-hierarchical-kg_base_rag-f02-20260820T222600583330Z,coverage_exploration,3,False,False,0
kg_base_rag,2,11,knowledge_agent-s11-f02-GB1-hierarchical-kg_base_rag-f02-20260820T222600583330Z,3,16,sha256:a5d3ec8d6c8e82782bbe7c5a9032482a7eac842589f61a23086de105303ddfa1,IYEV,V39I;D40Y;G41E,3,0.00948750005115,2.21885156631,0.675527155399,2.20936406626,2.31433837037,0.655071167601,2.31433837037,kg_llm_uq,H03-00,hypothesis=0.750; evidence=0.655; temporal_prior=0.463; gp_coverage_uncertainty=1.024; predictor_component=0.000; fitness_predictors_enabled=False; hypotheses_considered=3 Critic: The batch aligns with the hypothesis soft priors and includes matched controls and coverage exploration. Deterministic validation passed with no conflicts. Control feasibility and diversity thresholds are satisfied. Falsification spec is executable and ready. No required changes.,mixed,Revealed value 0.009488 versus visible baseline 0.2531; eight dimensions reviewed.,1,"[""E3:kg:sha256:a5d3ec8d6c8e82782bbe7c5a9032482a7eac842589f61a23086de105303ddfa1""]",measured_aggregate,kg,unknown,ok,context-bound residue observation score=0.655; support=22,artifacts/hierarchical-scientist-kg_base_kg_base_rag_kg_base_al/runs/knowledge_agent-s11-f02-GB1-hierarchical-kg_base_rag-f02-20260820T222600583330Z,coverage_exploration,3,False,False,0
