condition,fold,round_id,run_id,pool_order,variant_id,variant,mutation_notation,mutation_count,mutated_positions_json,preferred_position_matches,matches_all_scientist_preferences,selected,selection_order
fitness_direct,0,1,fitness_direct-s42-f00-al96-fitness_direct-20260820T102642880436Z,1,sha256:c9c93938eacfb96147310d6dcf819b83c66d2997ad792886b3b3ec0ae9da5df3,NNLA,V39N;D40N;G41L;V54A,4,"[39,40,41,54]",,False,True,10
fitness_direct,0,1,fitness_direct-s42-f00-al96-fitness_direct-20260820T102642880436Z,2,sha256:7bb05c8433b19c6c5ec538982ace168f866625171f47186897e23c2cd79c432d,PQMF,V39P;D40Q;G41M;V54F,4,"[39,40,41,54]",,False,False,
fitness_direct,0,1,fitness_direct-s42-f00-al96-fitness_direct-20260820T102642880436Z,3,sha256:acc7563bbad2ccdfe87cd51c9ddf106fe6aa7ba0563129bbd9b445805a1652a3,CCQS,V39C;D40C;G41Q;V54S,4,"[39,40,41,54]",,False,True,11
fitness_direct,0,1,fitness_direct-s42-f00-al96-fitness_direct-20260820T102642880436Z,4,sha256:46d5597a58acbc7b40a602265991cc2e06d357d1e3bddba47aff6b7cb17a6392,EPNT,V39E;D40P;G41N;V54T,4,"[39,40,41,54]",,False,False,
fitness_direct,0,1,fitness_direct-s42-f00-al96-fitness_direct-20260820T102642880436Z,5,sha256:8724f601d71fd835332eab7731b0e7acd94993d8d2e6f0d9ab0eacc744f5c694,LRWT,V39L;D40R;G41W;V54T,4,"[39,40,41,54]",,False,True,7
fitness_direct,0,1,fitness_direct-s42-f00-al96-fitness_direct-20260820T102642880436Z,6,sha256:4f454db9ccd10a92bf29afcef8ef2bda39c995586d3ac755e45257a8da7a6c1d,INHL,V39I;D40N;G41H;V54L,4,"[39,40,41,54]",,False,True,4
fitness_direct,0,1,fitness_direct-s42-f00-al96-fitness_direct-20260820T102642880436Z,7,sha256:efbcd0af0286ef9a03592c33d359460846e29d9d6c64b3bdd8a45e38958507cc,VGMV,D40G;G41M,2,"[40,41]",,False,False,
fitness_direct,0,1,fitness_direct-s42-f00-al96-fitness_direct-20260820T102642880436Z,8,sha256:3c3b6db535678ffd9e97301c82fec6797874fd49c3a25047b6dda4bb5117f2ba,WMPT,V39W;D40M;G41P;V54T,4,"[39,40,41,54]",,False,False,
fitness_direct,0,1,fitness_direct-s42-f00-al96-fitness_direct-20260820T102642880436Z,9,sha256:774c91f812b2c621174fb301e73bb09b8e7a3e62c6981cf4cf209b04cb9700a5,WGKH,V39W;D40G;G41K;V54H,4,"[39,40,41,54]",,False,False,
fitness_direct,0,1,fitness_direct-s42-f00-al96-fitness_direct-20260820T102642880436Z,10,sha256:ec8fdc114f297ce117aa9b55f132098908146c2f5e221176911926150749c538,DWPQ,V39D;D40W;G41P;V54Q,4,"[39,40,41,54]",,False,False,
fitness_direct,0,1,fitness_direct-s42-f00-al96-fitness_direct-20260820T102642880436Z,11,sha256:eb810266bc0d107620e48de2c78838c448ef7f7c68717426326479e4a547d5b0,LARS,V39L;D40A;G41R;V54S,4,"[39,40,41,54]",,False,True,8
fitness_direct,0,1,fitness_direct-s42-f00-al96-fitness_direct-20260820T102642880436Z,12,sha256:ddef2f5b5e45c3762c21cbc678b1cb1ef36571110ab7925ecb6ce124c11c9911,SIIK,V39S;D40I;G41I;V54K,4,"[39,40,41,54]",,False,False,
fitness_direct,0,1,fitness_direct-s42-f00-al96-fitness_direct-20260820T102642880436Z,13,sha256:840b0a085489fd77f6ac1526bfcc3fa4d20229dea9f11380e5e98aa0757cbe4b,NAAS,V39N;D40A;G41A;V54S,4,"[39,40,41,54]",,False,True,16
fitness_direct,0,1,fitness_direct-s42-f00-al96-fitness_direct-20260820T102642880436Z,14,sha256:eafad46f10a74deefe9289b23bde851c512873b13b6c63eb4b6dcc24c9c7332f,HTNA,V39H;D40T;G41N;V54A,4,"[39,40,41,54]",,False,True,15
fitness_direct,0,1,fitness_direct-s42-f00-al96-fitness_direct-20260820T102642880436Z,15,sha256:a0cf3f1e54ee33817ee572bdb3979bc739d2f6057ffe5a0bb63fe073f79301a7,WEMY,V39W;D40E;G41M;V54Y,4,"[39,40,41,54]",,False,False,
fitness_direct,0,1,fitness_direct-s42-f00-al96-fitness_direct-20260820T102642880436Z,16,sha256:a1ada26c23e558d92ef353709f116c37e5af5882c947a5a85598199c9cf1e7f2,WGAI,V39W;D40G;G41A;V54I,4,"[39,40,41,54]",,False,False,
fitness_direct,0,1,fitness_direct-s42-f00-al96-fitness_direct-20260820T102642880436Z,17,sha256:7c99a5ed6be5c90f23d497f43a1beb7b990f04a160c45397032cc0f3082b39c8,GLMY,V39G;D40L;G41M;V54Y,4,"[39,40,41,54]",,False,False,
fitness_direct,0,1,fitness_direct-s42-f00-al96-fitness_direct-20260820T102642880436Z,18,sha256:5b1a35e00de4e3c997483c87f1fef69c7c63dc5bcd2d1c1cd40c31fb6602256c,ELWF,V39E;D40L;G41W;V54F,4,"[39,40,41,54]",,False,False,
fitness_direct,0,1,fitness_direct-s42-f00-al96-fitness_direct-20260820T102642880436Z,19,sha256:44e815ce728aeb3bf148293bfbe20d04a2eae06e249534d7d7084953629b59ea,KCMN,V39K;D40C;G41M;V54N,4,"[39,40,41,54]",,False,False,
fitness_direct,0,1,fitness_direct-s42-f00-al96-fitness_direct-20260820T102642880436Z,20,sha256:6527f3f0f17a62ef168c85f713896b1fd82c2f8fd957eb5201a3615ce3ebb1e9,ENHR,V39E;D40N;G41H;V54R,4,"[39,40,41,54]",,False,False,
fitness_direct,0,1,fitness_direct-s42-f00-al96-fitness_direct-20260820T102642880436Z,21,sha256:ea921e0041a3146e0fbca5ff515957bbeb2e6a46eb66992f6c47aafb8a74e92c,HNFN,V39H;D40N;G41F;V54N,4,"[39,40,41,54]",,False,True,14
fitness_direct,0,1,fitness_direct-s42-f00-al96-fitness_direct-20260820T102642880436Z,22,sha256:3f490c4e4f2036d60eeb334606ce3ed08f27623fe876b80e4cc8912085b293f0,GIGH,V39G;D40I;V54H,3,"[39,40,54]",,False,True,9
fitness_direct,0,1,fitness_direct-s42-f00-al96-fitness_direct-20260820T102642880436Z,23,sha256:9955cd46a90eec61caf365f8514c1fc37a868ef98e273c38767d0cbd38131010,TYLM,V39T;D40Y;G41L;V54M,4,"[39,40,41,54]",,False,True,1
fitness_direct,0,1,fitness_direct-s42-f00-al96-fitness_direct-20260820T102642880436Z,24,sha256:f007faff0667135197d41a50189c2be1dac5d3915828ec62962c7ec26aef3f31,YYCG,V39Y;D40Y;G41C;V54G,4,"[39,40,41,54]",,False,True,2
fitness_direct,0,1,fitness_direct-s42-f00-al96-fitness_direct-20260820T102642880436Z,25,sha256:2f5c2ed8aedb22405eec3bc1a0986208a218fdd643b017fb051a0997a49dd9aa,VIGR,D40I;V54R,2,"[40,54]",,False,True,6
fitness_direct,0,1,fitness_direct-s42-f00-al96-fitness_direct-20260820T102642880436Z,26,sha256:1c1b4dcade4d6eae65047d12a41f7e2e5e3f28a32bd9caf1f7be3ad9eac18c95,LKCY,V39L;D40K;G41C;V54Y,4,"[39,40,41,54]",,False,True,3
fitness_direct,0,1,fitness_direct-s42-f00-al96-fitness_direct-20260820T102642880436Z,27,sha256:219cff976cac80d3f20b1e3413f30a56e8ab8fc671ea60961337842d3ce529ae,SVMP,V39S;D40V;G41M;V54P,4,"[39,40,41,54]",,False,False,
fitness_direct,0,1,fitness_direct-s42-f00-al96-fitness_direct-20260820T102642880436Z,28,sha256:0fa9e847b1395354de9c8edc2e39a086fa934a521b55ad0a9d57e3c23c65f984,QESP,V39Q;D40E;G41S;V54P,4,"[39,40,41,54]",,False,False,
fitness_direct,0,1,fitness_direct-s42-f00-al96-fitness_direct-20260820T102642880436Z,29,sha256:6cabffd8cab32fe62002a9fef249ace4b26e60878ac9e631414cd1973b6017ba,DGCV,V39D;D40G;G41C,3,"[39,40,41]",,False,False,
fitness_direct,0,1,fitness_direct-s42-f00-al96-fitness_direct-20260820T102642880436Z,30,sha256:132dc5a5b235008f9d8888257916f61ef56a5152f59dc8b97bc5ca3db0286d1d,HQAM,V39H;D40Q;G41A;V54M,4,"[39,40,41,54]",,False,True,12
fitness_direct,0,1,fitness_direct-s42-f00-al96-fitness_direct-20260820T102642880436Z,31,sha256:57174427b69614d33fa6f190d4112b3f370aa5b64399d2fe275316594b836ead,IGKQ,V39I;D40G;G41K;V54Q,4,"[39,40,41,54]",,False,True,13
fitness_direct,0,1,fitness_direct-s42-f00-al96-fitness_direct-20260820T102642880436Z,32,sha256:6adb924fc5233750128674d923d0ce87c1aea6d1ee77d23418698bfc55bc5644,FNHC,V39F;D40N;G41H;V54C,4,"[39,40,41,54]",,False,True,5
fitness_direct,0,2,fitness_direct-s42-f00-al96-fitness_direct-20260820T102642880436Z,1,sha256:b73a1d9f7280c8c5871e1185bc0a23c102da886d80be20625e19e54f71ada2ee,CWIW,V39C;D40W;G41I;V54W,4,"[39,40,41,54]",,False,True,5
fitness_direct,0,2,fitness_direct-s42-f00-al96-fitness_direct-20260820T102642880436Z,2,sha256:dcbb8819969ba47a73da1eaab3a8fa6424db338870a08988f6d4e16dbed8703d,KVLH,V39K;D40V;G41L;V54H,4,"[39,40,41,54]",,False,False,
fitness_direct,0,2,fitness_direct-s42-f00-al96-fitness_direct-20260820T102642880436Z,3,sha256:41af906a50814d8b124b41cd65bb478ab6553f2b47712e7b36fd58ad2cd39254,SLVG,V39S;D40L;G41V;V54G,4,"[39,40,41,54]",,False,False,
fitness_direct,0,2,fitness_direct-s42-f00-al96-fitness_direct-20260820T102642880436Z,4,sha256:946a3edfc9a34d3cc336796f5308c7c0d2bbe36d5a2c5f077a10dab654aa1147,GDVF,V39G;G41V;V54F,3,"[39,41,54]",,False,False,
fitness_direct,0,2,fitness_direct-s42-f00-al96-fitness_direct-20260820T102642880436Z,5,sha256:b1cea94630a53ef1a171cc1d73607d8b86c9bb585be9c420c2c2d0db02176a96,YTAC,V39Y;D40T;G41A;V54C,4,"[39,40,41,54]",,False,False,
fitness_direct,0,2,fitness_direct-s42-f00-al96-fitness_direct-20260820T102642880436Z,6,sha256:d820aabbea411238d9064281248a888dc177473fbb06689fd866c02bb4eb1156,LRVR,V39L;D40R;G41V;V54R,4,"[39,40,41,54]",,False,False,
fitness_direct,0,2,fitness_direct-s42-f00-al96-fitness_direct-20260820T102642880436Z,7,sha256:a323d5ab2114901c3d5863da638c5e555a136da3b872b07d34252c6505bc7e83,NGHS,V39N;D40G;G41H;V54S,4,"[39,40,41,54]",,False,False,
fitness_direct,0,2,fitness_direct-s42-f00-al96-fitness_direct-20260820T102642880436Z,8,sha256:4450370a99cb3e93a16d1b7e429ebac2b1b639ce6f45631b03bffc84df4edecf,SCVI,V39S;D40C;G41V;V54I,4,"[39,40,41,54]",,False,False,
fitness_direct,0,2,fitness_direct-s42-f00-al96-fitness_direct-20260820T102642880436Z,9,sha256:92fd31ada17d79bd12129bc6b288bf0f4c4db1ea175e8ee0f60e2781e72ae406,CRDH,V39C;D40R;G41D;V54H,4,"[39,40,41,54]",,False,False,
fitness_direct,0,2,fitness_direct-s42-f00-al96-fitness_direct-20260820T102642880436Z,10,sha256:b3cfb5e929ecf39b419a84ff8bb2a59bd371b2afec35eb7c32660403951d91c8,HHRS,V39H;D40H;G41R;V54S,4,"[39,40,41,54]",,False,False,
fitness_direct,0,2,fitness_direct-s42-f00-al96-fitness_direct-20260820T102642880436Z,11,sha256:e623756a7ab3a3073876620d998f003072317d68583034c444dd11c5421952a3,CAIQ,V39C;D40A;G41I;V54Q,4,"[39,40,41,54]",,False,True,10
fitness_direct,0,2,fitness_direct-s42-f00-al96-fitness_direct-20260820T102642880436Z,12,sha256:8301c4c7a3a0a9e2f4cbe60431a50b90efa58d5cd7867e95f00c3ff89f9aad8c,DEDV,V39D;D40E;G41D,3,"[39,40,41]",,False,True,12
fitness_direct,0,2,fitness_direct-s42-f00-al96-fitness_direct-20260820T102642880436Z,13,sha256:fab401a33b8f71e09d9d2ba88d87754f64c6b286b597ed6cac9dd6f2eb1f0e6f,LWFM,V39L;D40W;G41F;V54M,4,"[39,40,41,54]",,False,True,9
fitness_direct,0,2,fitness_direct-s42-f00-al96-fitness_direct-20260820T102642880436Z,14,sha256:ae93764a4f9a217fdebdf0547a96e1e847f96a4aecd434139d989f910422c00e,KIRW,V39K;D40I;G41R;V54W,4,"[39,40,41,54]",,False,True,13
fitness_direct,0,2,fitness_direct-s42-f00-al96-fitness_direct-20260820T102642880436Z,15,sha256:43ac669992c2f9f7cc31c099e1e8e31c0c5061b182f5a4e937c727b512427b60,SQDL,V39S;D40Q;G41D;V54L,4,"[39,40,41,54]",,False,False,
fitness_direct,0,2,fitness_direct-s42-f00-al96-fitness_direct-20260820T102642880436Z,16,sha256:09f1be77608058403bd33ab0c96024a76f83210f7c79f655a2e6dd101ac26807,TAPM,V39T;D40A;G41P;V54M,4,"[39,40,41,54]",,False,False,
fitness_direct,0,2,fitness_direct-s42-f00-al96-fitness_direct-20260820T102642880436Z,17,sha256:fd6045649877a3bd60fcf3a79330d4c0479248f3e12fb4767fbfd032180f98f3,GCEA,V39G;D40C;G41E;V54A,4,"[39,40,41,54]",,False,True,15
fitness_direct,0,2,fitness_direct-s42-f00-al96-fitness_direct-20260820T102642880436Z,18,sha256:e379541bcde993df644f8a0adba49a6c85e71cf221183b50d3f4383f5d3b839a,GPKW,V39G;D40P;G41K;V54W,4,"[39,40,41,54]",,False,False,
fitness_direct,0,2,fitness_direct-s42-f00-al96-fitness_direct-20260820T102642880436Z,19,sha256:0b416451cd0a4163914d452da03b2e50f69faac713dbd1f136c07ff83292d16f,IHQI,V39I;D40H;G41Q;V54I,4,"[39,40,41,54]",,False,True,4
fitness_direct,0,2,fitness_direct-s42-f00-al96-fitness_direct-20260820T102642880436Z,20,sha256:b56b1fd7fc478c496057a6ef515a32c25ec2303a10dafbf8cc97a228c4328444,HGAC,V39H;D40G;G41A;V54C,4,"[39,40,41,54]",,False,True,11
fitness_direct,0,2,fitness_direct-s42-f00-al96-fitness_direct-20260820T102642880436Z,21,sha256:17ac01a696bc857002ff8e79bcfef8d781648e6f4af2104df79048455b56a7a6,LFEN,V39L;D40F;G41E;V54N,4,"[39,40,41,54]",,False,True,6
fitness_direct,0,2,fitness_direct-s42-f00-al96-fitness_direct-20260820T102642880436Z,22,sha256:328955e129c7c03bf9a08cf7e2bc5f26b6490b7238bd1729475f3220d927d0a2,ICYV,V39I;D40C;G41Y,3,"[39,40,41]",,False,True,1
fitness_direct,0,2,fitness_direct-s42-f00-al96-fitness_direct-20260820T102642880436Z,23,sha256:e6a74f037e8be9f9aeaf2d4715320b3fca31790d65fdc22d2129031c783fe519,EHKE,V39E;D40H;G41K;V54E,4,"[39,40,41,54]",,False,True,16
fitness_direct,0,2,fitness_direct-s42-f00-al96-fitness_direct-20260820T102642880436Z,24,sha256:444908d0b86b2a47f9d59c1c9b50687cf1eff7c1fdc9fff5f63342250ce9a4da,FRTG,V39F;D40R;G41T;V54G,4,"[39,40,41,54]",,False,True,8
fitness_direct,0,2,fitness_direct-s42-f00-al96-fitness_direct-20260820T102642880436Z,25,sha256:57e69dd855000d4b3708f0f954b2e4536d7579b5a907a4f0a27f4057350957be,YWDF,V39Y;D40W;G41D;V54F,4,"[39,40,41,54]",,False,True,2
fitness_direct,0,2,fitness_direct-s42-f00-al96-fitness_direct-20260820T102642880436Z,26,sha256:09914af28e8e60331287e89aa52e7e54fbc48c93c7b668a48b2cee2651f58a2f,RFCF,V39R;D40F;G41C;V54F,4,"[39,40,41,54]",,False,True,3
fitness_direct,0,2,fitness_direct-s42-f00-al96-fitness_direct-20260820T102642880436Z,27,sha256:a3c112b9579f736c711bbc22081db263e1b4557558afb04128570f6fe8ea0d42,EPMK,V39E;D40P;G41M;V54K,4,"[39,40,41,54]",,False,False,
fitness_direct,0,2,fitness_direct-s42-f00-al96-fitness_direct-20260820T102642880436Z,28,sha256:6dd625d859a4f1a375386ba6c054d96320d0e403ad28edf5cb344689751ec3ac,WVFF,V39W;D40V;G41F;V54F,4,"[39,40,41,54]",,False,False,
fitness_direct,0,2,fitness_direct-s42-f00-al96-fitness_direct-20260820T102642880436Z,29,sha256:6a27725a35aa056e734f2a1233867115c8656e5f28443f364a52cc8dff78bebf,QEPS,V39Q;D40E;G41P;V54S,4,"[39,40,41,54]",,False,False,
fitness_direct,0,2,fitness_direct-s42-f00-al96-fitness_direct-20260820T102642880436Z,30,sha256:165a66610f24d5627976157cdd866f83f462e77ee0c12553f0e33a096f8a08c0,GCKR,V39G;D40C;G41K;V54R,4,"[39,40,41,54]",,False,False,
fitness_direct,0,2,fitness_direct-s42-f00-al96-fitness_direct-20260820T102642880436Z,31,sha256:08ea600f85e9bb17fe83d16029037d246fdd352fe429bff7cd4166a30f3da646,YMFQ,V39Y;D40M;G41F;V54Q,4,"[39,40,41,54]",,False,True,7
fitness_direct,0,2,fitness_direct-s42-f00-al96-fitness_direct-20260820T102642880436Z,32,sha256:3ade75825f8ef2e1366fe9660089a25933bf5b9a02b9a469bcdb689e041b9d49,SQNN,V39S;D40Q;G41N;V54N,4,"[39,40,41,54]",,False,True,14
fitness_direct,0,3,fitness_direct-s42-f00-al96-fitness_direct-20260820T102642880436Z,1,sha256:98b9da89a92e6656c08878fa21485d6b5422f640f9d971b4ec4bcc7c4dff490b,WDVD,V39W;G41V;V54D,3,"[39,41,54]",,False,False,
fitness_direct,0,3,fitness_direct-s42-f00-al96-fitness_direct-20260820T102642880436Z,2,sha256:bbfd7d501e80290fe213716398fa50644b560cdd136669e2788d8ecfeb58c78b,QQTI,V39Q;D40Q;G41T;V54I,4,"[39,40,41,54]",,False,False,
fitness_direct,0,3,fitness_direct-s42-f00-al96-fitness_direct-20260820T102642880436Z,3,sha256:604b69daa2353bf94f71b8584a2583762b5bb5d58caa70c249506feddd6ab049,AETR,V39A;D40E;G41T;V54R,4,"[39,40,41,54]",,False,False,
fitness_direct,0,3,fitness_direct-s42-f00-al96-fitness_direct-20260820T102642880436Z,4,sha256:6685e4478db6859fc3ec010cf8ce9981e2cd7f5e72e69f74335d9ea1199ae8fd,MERG,V39M;D40E;G41R;V54G,4,"[39,40,41,54]",,False,False,
fitness_direct,0,3,fitness_direct-s42-f00-al96-fitness_direct-20260820T102642880436Z,5,sha256:54b9ed6b62b476e496b3867e69ec779ded281ad6e043842cc10c298d39415e48,PRYF,V39P;D40R;G41Y;V54F,4,"[39,40,41,54]",,False,False,
fitness_direct,0,3,fitness_direct-s42-f00-al96-fitness_direct-20260820T102642880436Z,6,sha256:9d67afffabe92aa565218ce7aa9f94dc5ea0e9d0e8634aec313104280fe531c1,SYCV,V39S;D40Y;G41C,3,"[39,40,41]",,False,True,3
fitness_direct,0,3,fitness_direct-s42-f00-al96-fitness_direct-20260820T102642880436Z,7,sha256:f4de6917faee5cfed23f661900ca0a971dea76e393d4a20766c02c8c7da1a2de,NQRT,V39N;D40Q;G41R;V54T,4,"[39,40,41,54]",,False,False,
fitness_direct,0,3,fitness_direct-s42-f00-al96-fitness_direct-20260820T102642880436Z,8,sha256:0629f2dae86d93d96f596dbb508860c6ebb6729f3ec8f41a356383c513ea4ee8,YLLM,V39Y;D40L;G41L;V54M,4,"[39,40,41,54]",,False,False,
fitness_direct,0,3,fitness_direct-s42-f00-al96-fitness_direct-20260820T102642880436Z,9,sha256:fa54454d64d751688a609c0a24c05316ff8b458795892fcb1db23aaae12362e8,HGSI,V39H;D40G;G41S;V54I,4,"[39,40,41,54]",,False,False,
fitness_direct,0,3,fitness_direct-s42-f00-al96-fitness_direct-20260820T102642880436Z,10,sha256:a2dd1306d11d51a609c9bcd9e9dba642f668659895bb0d1dc65cf756a8af78e4,YWTS,V39Y;D40W;G41T;V54S,4,"[39,40,41,54]",,False,True,10
fitness_direct,0,3,fitness_direct-s42-f00-al96-fitness_direct-20260820T102642880436Z,11,sha256:98b034d3cffaa1c7196147a4db4ebe389c740a5eedf1d87cb1b2e3d566254cc4,SFRI,V39S;D40F;G41R;V54I,4,"[39,40,41,54]",,False,False,
fitness_direct,0,3,fitness_direct-s42-f00-al96-fitness_direct-20260820T102642880436Z,12,sha256:75ad1f7b443825e2cfaaa016cce499021839dd3cd8aedfe4a5dce63d2bc9e21e,WGQV,V39W;D40G;G41Q,3,"[39,40,41]",,False,True,5
fitness_direct,0,3,fitness_direct-s42-f00-al96-fitness_direct-20260820T102642880436Z,13,sha256:31031f3b8de28ac30205f708073a99aecb35e882d7438455d513f32b7e98073f,VYLP,D40Y;G41L;V54P,3,"[40,41,54]",,False,True,13
fitness_direct,0,3,fitness_direct-s42-f00-al96-fitness_direct-20260820T102642880436Z,14,sha256:19db1cea9e903d0b25b37752242990f2f7858efb285738cb7b9515179ee543b9,FIGC,V39F;D40I;V54C,3,"[39,40,54]",,False,True,2
fitness_direct,0,3,fitness_direct-s42-f00-al96-fitness_direct-20260820T102642880436Z,15,sha256:567969cc05ebcc4b7ea66009f133a024fa141b3b65a261b0ffad1da6bbf6f9cf,MRNP,V39M;D40R;G41N;V54P,4,"[39,40,41,54]",,False,True,15
fitness_direct,0,3,fitness_direct-s42-f00-al96-fitness_direct-20260820T102642880436Z,16,sha256:d017487e57302fc9f673145ab49e58285b1b7ab9f73583edd86de58e7ab3978b,RNKM,V39R;D40N;G41K;V54M,4,"[39,40,41,54]",,False,True,11
fitness_direct,0,3,fitness_direct-s42-f00-al96-fitness_direct-20260820T102642880436Z,17,sha256:d77e17b313c6a9c1ac006d30f05583ea563f89e37726cd5ccca40a4479193250,CSCM,V39C;D40S;G41C;V54M,4,"[39,40,41,54]",,False,True,16
fitness_direct,0,3,fitness_direct-s42-f00-al96-fitness_direct-20260820T102642880436Z,18,sha256:7fbab109e62ac8fdc986875e3567662da273fb233c7cd897cb0ed7e90ae50f28,PWMP,V39P;D40W;G41M;V54P,4,"[39,40,41,54]",,False,True,12
fitness_direct,0,3,fitness_direct-s42-f00-al96-fitness_direct-20260820T102642880436Z,19,sha256:a798013ed851b547572f7b9039cffe9db97aaf74ea5fd58d25c4e77a1c34210f,GEKL,V39G;D40E;G41K;V54L,4,"[39,40,41,54]",,False,False,
fitness_direct,0,3,fitness_direct-s42-f00-al96-fitness_direct-20260820T102642880436Z,20,sha256:71c3485f8bf55de4bd2c610a3c16718fc7a2e688e905ac8fb938c28f00f00ec4,KEPV,V39K;D40E;G41P,3,"[39,40,41]",,False,False,
fitness_direct,0,3,fitness_direct-s42-f00-al96-fitness_direct-20260820T102642880436Z,21,sha256:5d15b31a00609aa787119484da6c9310af1f859a1cd1732a660762c693a2725f,VDAW,G41A;V54W,2,"[41,54]",,False,True,7
fitness_direct,0,3,fitness_direct-s42-f00-al96-fitness_direct-20260820T102642880436Z,22,sha256:d60289b2d0e0b04ec866e7620b46a3c07186efabd0cbcbec5772246b1a1bf149,RIIF,V39R;D40I;G41I;V54F,4,"[39,40,41,54]",,False,False,
fitness_direct,0,3,fitness_direct-s42-f00-al96-fitness_direct-20260820T102642880436Z,23,sha256:de4d101726184d2164526d03c4f5f4a90c9861128ae41d0110e6ea5e2b8082bd,VVIV,D40V;G41I,2,"[40,41]",,False,False,
fitness_direct,0,3,fitness_direct-s42-f00-al96-fitness_direct-20260820T102642880436Z,24,sha256:7292d42d86119bad0a7caa7cf96b1df0c9cf46e92229375544993d325e385a29,NMKP,V39N;D40M;G41K;V54P,4,"[39,40,41,54]",,False,False,
fitness_direct,0,3,fitness_direct-s42-f00-al96-fitness_direct-20260820T102642880436Z,25,sha256:c96193579fcbc32721eb16760213b7e5b9161d295c8e81afd8be078046afb7b7,MIEA,V39M;D40I;G41E;V54A,4,"[39,40,41,54]",,False,True,14
fitness_direct,0,3,fitness_direct-s42-f00-al96-fitness_direct-20260820T102642880436Z,26,sha256:9f84d82125d288f2383e8963be561c9be605a241d14909e2450c0fb3076ef92c,HDGA,V39H;V54A,2,"[39,54]",,False,True,6
fitness_direct,0,3,fitness_direct-s42-f00-al96-fitness_direct-20260820T102642880436Z,27,sha256:e7269111e44dfd804137317b03c3659436a797cd1b0ab7bb9b0ecdef76b7ae99,VHSG,D40H;G41S;V54G,3,"[40,41,54]",,False,True,9
fitness_direct,0,3,fitness_direct-s42-f00-al96-fitness_direct-20260820T102642880436Z,28,sha256:06c5ea30b16f49817eafe31129696c0ac2b00d18cdc260401fcb967207cf8dbd,YCGY,V39Y;D40C;V54Y,3,"[39,40,54]",,False,True,1
fitness_direct,0,3,fitness_direct-s42-f00-al96-fitness_direct-20260820T102642880436Z,29,sha256:0decb8d8ab7614e7fddcdb5bce5bb7f66f6242e960c6b7855469fe5f0fc5deb1,VKWS,D40K;G41W;V54S,3,"[40,41,54]",,False,True,4
fitness_direct,0,3,fitness_direct-s42-f00-al96-fitness_direct-20260820T102642880436Z,30,sha256:3a65dd182f2dd9feccaa2261e8b34295fe9ac51b029bde4629af89bc73362a24,FMQP,V39F;D40M;G41Q;V54P,4,"[39,40,41,54]",,False,False,
fitness_direct,0,3,fitness_direct-s42-f00-al96-fitness_direct-20260820T102642880436Z,31,sha256:a7dd34eac8be5a9cb4e388e87ba4e581f25a4f6d0e1e9181f5e5299fb9760c18,CCRW,V39C;D40C;G41R;V54W,4,"[39,40,41,54]",,False,True,8
fitness_direct,0,3,fitness_direct-s42-f00-al96-fitness_direct-20260820T102642880436Z,32,sha256:dc55fc1bc4483f57e3a31b3b2261b2cc97f3b72c27b2f576796ba7bd4409b929,KHKL,V39K;D40H;G41K;V54L,4,"[39,40,41,54]",,False,False,
fitness_direct,1,1,fitness_direct-s42-f01-al96-fitness_direct-20260820T103518212856Z,1,sha256:9724b62c4e2a0002664af623742f77404b3a4417cebaa281c8fd81e18e64c9bc,FDIY,V39F;G41I;V54Y,3,"[39,41,54]",,False,False,
fitness_direct,1,1,fitness_direct-s42-f01-al96-fitness_direct-20260820T103518212856Z,2,sha256:d787b6fecc6aa9640f7788e7f9e8f2e289ebe38a1ed2042b68560698b66f1abe,LVMY,V39L;D40V;G41M;V54Y,4,"[39,40,41,54]",,False,True,6
fitness_direct,1,1,fitness_direct-s42-f01-al96-fitness_direct-20260820T103518212856Z,3,sha256:44b80d175ff88978c4785af288d224316d973e268a1d0cca897fa2fa370cbf19,PCLM,V39P;D40C;G41L;V54M,4,"[39,40,41,54]",,False,True,13
fitness_direct,1,1,fitness_direct-s42-f01-al96-fitness_direct-20260820T103518212856Z,4,sha256:a5d00c50579141bd126e12673ccbac0ed59de188a4e637d7ab19d37cb0bdd5f2,YPYM,V39Y;D40P;G41Y;V54M,4,"[39,40,41,54]",,False,False,
fitness_direct,1,1,fitness_direct-s42-f01-al96-fitness_direct-20260820T103518212856Z,5,sha256:e01d342407bf3c69a33ed6b0425891e1871d5754481f34b464b63e35fd3a4bc7,FPIR,V39F;D40P;G41I;V54R,4,"[39,40,41,54]",,False,False,
fitness_direct,1,1,fitness_direct-s42-f01-al96-fitness_direct-20260820T103518212856Z,6,sha256:2f6594fb369260143a0e103ad7821f088ff06e7f0fcd378ad9f618bd8ef6eb1b,HLET,V39H;D40L;G41E;V54T,4,"[39,40,41,54]",,False,False,
fitness_direct,1,1,fitness_direct-s42-f01-al96-fitness_direct-20260820T103518212856Z,7,sha256:290abea0a031851a27354ab740b18540d1857d994c92a0ec240a7bb0a5fa2a92,KSAK,V39K;D40S;G41A;V54K,4,"[39,40,41,54]",,False,False,
fitness_direct,1,1,fitness_direct-s42-f01-al96-fitness_direct-20260820T103518212856Z,8,sha256:5d340b108f25fed241b7713eb42e920588b5e0e2fa3bfac1b2af264de734e6fa,NWWH,V39N;D40W;G41W;V54H,4,"[39,40,41,54]",,False,True,2
fitness_direct,1,1,fitness_direct-s42-f01-al96-fitness_direct-20260820T103518212856Z,9,sha256:90c8d316fca57d6044da159b3f5621298047a46ef3a80c3b774d66bb121c42c6,HMWA,V39H;D40M;G41W;V54A,4,"[39,40,41,54]",,False,True,9
fitness_direct,1,1,fitness_direct-s42-f01-al96-fitness_direct-20260820T103518212856Z,10,sha256:478b9df742a5e4b57eccb683187a84d2728177a660e9561475ddeb4de7e39cf7,PWDI,V39P;D40W;G41D;V54I,4,"[39,40,41,54]",,False,True,10
fitness_direct,1,1,fitness_direct-s42-f01-al96-fitness_direct-20260820T103518212856Z,11,sha256:5d4ed73980c3cf75e4f9af28fc13b07fa0d66f52d1907539aa148efc7d1fd930,EDPN,V39E;G41P;V54N,3,"[39,41,54]",,False,False,
fitness_direct,1,1,fitness_direct-s42-f01-al96-fitness_direct-20260820T103518212856Z,12,sha256:1c5ca42e9febdffeb5b0162009bfced5add5603e5b7115056de3ce2d0d604e60,NDHI,V39N;G41H;V54I,3,"[39,41,54]",,False,False,
fitness_direct,1,1,fitness_direct-s42-f01-al96-fitness_direct-20260820T103518212856Z,13,sha256:da72afdb06da2e9c5dafdf79b8808108e9b04911f44601a6999ab013a0ee3ccc,FINH,V39F;D40I;G41N;V54H,4,"[39,40,41,54]",,False,True,11
fitness_direct,1,1,fitness_direct-s42-f01-al96-fitness_direct-20260820T103518212856Z,14,sha256:2f2f0ffee36b76c8933aec1d3fdef1c683236660bd7676cabae53b8e2ee376ef,IGQV,V39I;D40G;G41Q,3,"[39,40,41]",,False,True,8
fitness_direct,1,1,fitness_direct-s42-f01-al96-fitness_direct-20260820T103518212856Z,15,sha256:ff4c409de533e0f227a3dc72d0539fd1c1957c70d7804502f8fd7c9b5d1a6022,IQAN,V39I;D40Q;G41A;V54N,4,"[39,40,41,54]",,False,True,3
fitness_direct,1,1,fitness_direct-s42-f01-al96-fitness_direct-20260820T103518212856Z,16,sha256:29723d8930a4c03517d5b024ba1dde5bae39fda5b48bc199d2a487fac7066501,MAWH,V39M;D40A;G41W;V54H,4,"[39,40,41,54]",,False,True,4
fitness_direct,1,1,fitness_direct-s42-f01-al96-fitness_direct-20260820T103518212856Z,17,sha256:cd649cbbef84a324a45a222e2c41b8aebb241c80caf41105224cee421a37534d,AESV,V39A;D40E;G41S,3,"[39,40,41]",,False,False,
fitness_direct,1,1,fitness_direct-s42-f01-al96-fitness_direct-20260820T103518212856Z,18,sha256:2fb10723bf99dd1efb116bd1e77629b68f8eede704dffafa1a2380ad0f1859b8,WHMF,V39W;D40H;G41M;V54F,4,"[39,40,41,54]",,False,False,
fitness_direct,1,1,fitness_direct-s42-f01-al96-fitness_direct-20260820T103518212856Z,19,sha256:066fa3e6b880e8a9c49bc7da5f7d0c633c0f8bc51e09cb008bc4014421afefd5,HTEN,V39H;D40T;G41E;V54N,4,"[39,40,41,54]",,False,False,
fitness_direct,1,1,fitness_direct-s42-f01-al96-fitness_direct-20260820T103518212856Z,20,sha256:99abfa80bc068cd03a86e754f8010b45a34a651f5614d41368b307b5302eae9b,IDLR,V39I;G41L;V54R,3,"[39,41,54]",,False,True,14
fitness_direct,1,1,fitness_direct-s42-f01-al96-fitness_direct-20260820T103518212856Z,21,sha256:6e8974e214bdaf8d63176cfb4830c2411c548274997f2cd16b82ea5e03b9845f,QHVG,V39Q;D40H;G41V;V54G,4,"[39,40,41,54]",,False,True,7
fitness_direct,1,1,fitness_direct-s42-f01-al96-fitness_direct-20260820T103518212856Z,22,sha256:f794643183488d9e0e6321e9f2e08baebab4bbe0ee615084bd93e4e4cf71c080,HQYR,V39H;D40Q;G41Y;V54R,4,"[39,40,41,54]",,False,False,
fitness_direct,1,1,fitness_direct-s42-f01-al96-fitness_direct-20260820T103518212856Z,23,sha256:af4c9b585070e101e18a7f4fc6867928d78895220397a2d73d678dec78909602,HLHI,V39H;D40L;G41H;V54I,4,"[39,40,41,54]",,False,False,
fitness_direct,1,1,fitness_direct-s42-f01-al96-fitness_direct-20260820T103518212856Z,24,sha256:16affddf16524d97134a88dc1ab5334d806c1dde57ae21a580393d99f0daeac2,PKWM,V39P;D40K;G41W;V54M,4,"[39,40,41,54]",,False,True,12
fitness_direct,1,1,fitness_direct-s42-f01-al96-fitness_direct-20260820T103518212856Z,25,sha256:08d648f40b040b8b4ca72018b9c6400be7f4740c1ee8b6a81f4db31b853106fd,QGAM,V39Q;D40G;G41A;V54M,4,"[39,40,41,54]",,False,False,
fitness_direct,1,1,fitness_direct-s42-f01-al96-fitness_direct-20260820T103518212856Z,26,sha256:a9606bb6f0cfc103a079076fd448e2835c565aeda6b7322b03fc8f2a7f93f11a,IMIT,V39I;D40M;G41I;V54T,4,"[39,40,41,54]",,False,True,5
fitness_direct,1,1,fitness_direct-s42-f01-al96-fitness_direct-20260820T103518212856Z,27,sha256:d4bb47837342a1b4868b421361948d0de126f43b4d7bd34cd5d5dc3b64fa62d6,DAEV,V39D;D40A;G41E,3,"[39,40,41]",,False,False,
fitness_direct,1,1,fitness_direct-s42-f01-al96-fitness_direct-20260820T103518212856Z,28,sha256:f6c6928bf8ecc071fc600e5b6266ae0ec32d7c7b9b3638c9870cc74e27504ae2,CPRH,V39C;D40P;G41R;V54H,4,"[39,40,41,54]",,False,True,15
fitness_direct,1,1,fitness_direct-s42-f01-al96-fitness_direct-20260820T103518212856Z,29,sha256:f75db174c767197209deeafa84817a84342bd0f2e03c6305be8cc1b1e650ba2b,GMTI,V39G;D40M;G41T;V54I,4,"[39,40,41,54]",,False,False,
fitness_direct,1,1,fitness_direct-s42-f01-al96-fitness_direct-20260820T103518212856Z,30,sha256:b2fdae4767b497c157d56c005d28b06930cb54c4db8693fc36e331febfa30491,IWKV,V39I;D40W;G41K,3,"[39,40,41]",,False,True,1
fitness_direct,1,1,fitness_direct-s42-f01-al96-fitness_direct-20260820T103518212856Z,31,sha256:810ae728041be4d6d4bb5fc412a84c9b2a4b9392ae17f6b63c793778a6aa153b,DGVH,V39D;D40G;G41V;V54H,4,"[39,40,41,54]",,False,False,
fitness_direct,1,1,fitness_direct-s42-f01-al96-fitness_direct-20260820T103518212856Z,32,sha256:8348ed7ccafdb091bc214ccbdc69faf8a873806b2f70b24a217780bbdd342268,MRQS,V39M;D40R;G41Q;V54S,4,"[39,40,41,54]",,False,True,16
fitness_direct,1,2,fitness_direct-s42-f01-al96-fitness_direct-20260820T103518212856Z,1,sha256:ee101a5e96de8d9bc8ffad1a245b5d121adb4ac1a554aa50c16bd681ed34f7e8,WYNA,V39W;D40Y;G41N;V54A,4,"[39,40,41,54]",,False,True,12
fitness_direct,1,2,fitness_direct-s42-f01-al96-fitness_direct-20260820T103518212856Z,2,sha256:26b854347b066e52647655f6808705841499b317619deaa39c8a4386f652b10e,WSHC,V39W;D40S;G41H;V54C,4,"[39,40,41,54]",,False,True,10
fitness_direct,1,2,fitness_direct-s42-f01-al96-fitness_direct-20260820T103518212856Z,3,sha256:5e7da529ef89eaaafba93938946189df96f6c2f2ca8032547c56508e058ef98a,IDYA,V39I;G41Y;V54A,3,"[39,41,54]",,False,True,13
fitness_direct,1,2,fitness_direct-s42-f01-al96-fitness_direct-20260820T103518212856Z,4,sha256:604cd3cc00350e0dd33b31271652a5499ac4e4fc77be1ac499e741ea537bd1e9,DQRR,V39D;D40Q;G41R;V54R,4,"[39,40,41,54]",,False,False,
fitness_direct,1,2,fitness_direct-s42-f01-al96-fitness_direct-20260820T103518212856Z,5,sha256:440e5515ec79e79891234b018cdee23edc731d81f6fa67b5a4de0e0a11eafa42,LLKD,V39L;D40L;G41K;V54D,4,"[39,40,41,54]",,False,True,15
fitness_direct,1,2,fitness_direct-s42-f01-al96-fitness_direct-20260820T103518212856Z,6,sha256:9ba81db6232e890456d11bb854176056f39ec8b3074ec81d05b55be3b7e296b7,GPNT,V39G;D40P;G41N;V54T,4,"[39,40,41,54]",,False,False,
fitness_direct,1,2,fitness_direct-s42-f01-al96-fitness_direct-20260820T103518212856Z,7,sha256:256f97daa3475dd18f1884cc8665b8e7e76e04d2691c0f410bc67b15d6adcc9b,LLYS,V39L;D40L;G41Y;V54S,4,"[39,40,41,54]",,False,True,11
fitness_direct,1,2,fitness_direct-s42-f01-al96-fitness_direct-20260820T103518212856Z,8,sha256:7d05b37b022fe7c4aedd69e2cc3798ea9fe4c6956b2ffbfef9f3d77027439348,KCKM,V39K;D40C;G41K;V54M,4,"[39,40,41,54]",,False,False,
fitness_direct,1,2,fitness_direct-s42-f01-al96-fitness_direct-20260820T103518212856Z,9,sha256:e05f5436c1deab6088a0a1868defc8a4e939056bca29b161dc1a9be8dc4d7175,GWHQ,V39G;D40W;G41H;V54Q,4,"[39,40,41,54]",,False,False,
fitness_direct,1,2,fitness_direct-s42-f01-al96-fitness_direct-20260820T103518212856Z,10,sha256:a0eafcee5cb35fed2d867f1334ea09cad3a64abc77cc0a281beaf3ca084db29a,FYDQ,V39F;D40Y;G41D;V54Q,4,"[39,40,41,54]",,False,False,
fitness_direct,1,2,fitness_direct-s42-f01-al96-fitness_direct-20260820T103518212856Z,11,sha256:2ded3841bfac3ca7b2a0396007be8047f1d91ab13482f4bb675b50460f451f28,GDKL,V39G;G41K;V54L,3,"[39,41,54]",,False,False,
fitness_direct,1,2,fitness_direct-s42-f01-al96-fitness_direct-20260820T103518212856Z,12,sha256:469462e4cf8c10adf5c28ee5e087e3d92029771350e46df470114d68f650abf1,QQLY,V39Q;D40Q;G41L;V54Y,4,"[39,40,41,54]",,False,False,
fitness_direct,1,2,fitness_direct-s42-f01-al96-fitness_direct-20260820T103518212856Z,13,sha256:e5c898b1412020ab9e30708d2de8d01638ac7a48b06fce23d1f254199d028a0d,AKVQ,V39A;D40K;G41V;V54Q,4,"[39,40,41,54]",,False,False,
fitness_direct,1,2,fitness_direct-s42-f01-al96-fitness_direct-20260820T103518212856Z,14,sha256:f575594a54eac8907b3bb44f38a1c0470d7df5bb3ce780751cd00734b67bd0d2,RKAK,V39R;D40K;G41A;V54K,4,"[39,40,41,54]",,False,False,
fitness_direct,1,2,fitness_direct-s42-f01-al96-fitness_direct-20260820T103518212856Z,15,sha256:0ba756a32eb852c219abde1e346159d6782fafb764145a054b0552c7c7e514be,EWAC,V39E;D40W;G41A;V54C,4,"[39,40,41,54]",,False,True,6
fitness_direct,1,2,fitness_direct-s42-f01-al96-fitness_direct-20260820T103518212856Z,16,sha256:6fef52fa3952975c074a4ce4573ca9ab5d0d867f0b048ae02637638dff51eabb,LRGF,V39L;D40R;V54F,3,"[39,40,54]",,False,True,1
fitness_direct,1,2,fitness_direct-s42-f01-al96-fitness_direct-20260820T103518212856Z,17,sha256:ee1da8809745526c4eba209ec772ebf7ec2b29fcb4efe6b6a2cc14f724e87c4c,FTAK,V39F;D40T;G41A;V54K,4,"[39,40,41,54]",,False,False,
fitness_direct,1,2,fitness_direct-s42-f01-al96-fitness_direct-20260820T103518212856Z,18,sha256:1f3a905f4de905cf4fe636ad9ec3945cc9d15953118154f6817e080d5770cb1b,IETY,V39I;D40E;G41T;V54Y,4,"[39,40,41,54]",,False,True,8
fitness_direct,1,2,fitness_direct-s42-f01-al96-fitness_direct-20260820T103518212856Z,19,sha256:11221c6ee0cae6aad8624c4506b77c18356f0b54898daa8504209aed910ffe0b,INAC,V39I;D40N;G41A;V54C,4,"[39,40,41,54]",,False,True,4
fitness_direct,1,2,fitness_direct-s42-f01-al96-fitness_direct-20260820T103518212856Z,20,sha256:18437d2eaf9494f8cf78e1f079b62d4d884812eb5ed827480f04b509a372e4df,RSDY,V39R;D40S;G41D;V54Y,4,"[39,40,41,54]",,False,True,16
fitness_direct,1,2,fitness_direct-s42-f01-al96-fitness_direct-20260820T103518212856Z,21,sha256:82fbc7b85207fc12953972446e0b49f6b006b852b2a8cdddadf139a792ccfa2b,QWWV,V39Q;D40W;G41W,3,"[39,40,41]",,False,True,2
fitness_direct,1,2,fitness_direct-s42-f01-al96-fitness_direct-20260820T103518212856Z,22,sha256:d352aa7ef5bfb842089848e5c2401506dfd6f0b1bd26d295db05ce6a3611d18f,IMNT,V39I;D40M;G41N;V54T,4,"[39,40,41,54]",,False,True,5
fitness_direct,1,2,fitness_direct-s42-f01-al96-fitness_direct-20260820T103518212856Z,23,sha256:f67ac794bea11926aca980416167583717c46a72f11f613bc994c5bd3713dff7,YLFS,V39Y;D40L;G41F;V54S,4,"[39,40,41,54]",,False,False,
fitness_direct,1,2,fitness_direct-s42-f01-al96-fitness_direct-20260820T103518212856Z,24,sha256:7d750b4c35e7854a3546fa806c0d6701e333bec5741afa7f7da9bdb5e9ba7c3e,DLKF,V39D;D40L;G41K;V54F,4,"[39,40,41,54]",,False,False,
fitness_direct,1,2,fitness_direct-s42-f01-al96-fitness_direct-20260820T103518212856Z,25,sha256:1353ba12d74cfb5602f498ba34c33024364ae07726f44a95639642b08ac7a40e,TMER,V39T;D40M;G41E;V54R,4,"[39,40,41,54]",,False,False,
fitness_direct,1,2,fitness_direct-s42-f01-al96-fitness_direct-20260820T103518212856Z,26,sha256:ea0081596f8d1ff49f70488f3aa01353fa5b98de47c7ff98dd5fecae321e0823,TNTQ,V39T;D40N;G41T;V54Q,4,"[39,40,41,54]",,False,False,
fitness_direct,1,2,fitness_direct-s42-f01-al96-fitness_direct-20260820T103518212856Z,27,sha256:2a4f4cd7b5c1f1cd3005265dc74e38bd42cddc5cbff8b13966d9e0795f5a2546,IHKI,V39I;D40H;G41K;V54I,4,"[39,40,41,54]",,False,True,7
fitness_direct,1,2,fitness_direct-s42-f01-al96-fitness_direct-20260820T103518212856Z,28,sha256:c066a7a1450595611b424f80a99f3c452df8840867031eb2adf4133b4918e410,RWGW,V39R;D40W;V54W,3,"[39,40,54]",,False,True,3
fitness_direct,1,2,fitness_direct-s42-f01-al96-fitness_direct-20260820T103518212856Z,29,sha256:7299460a5ec47e9b71d775c52e3cd8a0d3b160efd7963d34e37a1d676fcae4ef,LQWT,V39L;D40Q;G41W;V54T,4,"[39,40,41,54]",,False,True,9
fitness_direct,1,2,fitness_direct-s42-f01-al96-fitness_direct-20260820T103518212856Z,30,sha256:301c81a606f3ab8c045f74fa6972d337076b75abc966040689c831e31268092e,QNTH,V39Q;D40N;G41T;V54H,4,"[39,40,41,54]",,False,True,14
fitness_direct,1,2,fitness_direct-s42-f01-al96-fitness_direct-20260820T103518212856Z,31,sha256:25fe24f20b22fe93f188c95a4d30375c6a6a4fbb8154a6542990aa887426a043,QEKT,V39Q;D40E;G41K;V54T,4,"[39,40,41,54]",,False,False,
fitness_direct,1,2,fitness_direct-s42-f01-al96-fitness_direct-20260820T103518212856Z,32,sha256:4db58521860c964f88ea84636a537cf48afc15bf48d7ad6a4784815d3228f92c,QRYS,V39Q;D40R;G41Y;V54S,4,"[39,40,41,54]",,False,False,
fitness_direct,1,3,fitness_direct-s42-f01-al96-fitness_direct-20260820T103518212856Z,1,sha256:194e76581925caf5b89af93a707589332c06794a56676da49a9b35e5db7b180e,SAAS,V39S;D40A;G41A;V54S,4,"[39,40,41,54]",,False,False,
fitness_direct,1,3,fitness_direct-s42-f01-al96-fitness_direct-20260820T103518212856Z,2,sha256:5ef047c85a5f246bc4fe4bc5995c18a426e07e272006015ba1bbcf9cd66ca48e,GTPI,V39G;D40T;G41P;V54I,4,"[39,40,41,54]",,False,False,
fitness_direct,1,3,fitness_direct-s42-f01-al96-fitness_direct-20260820T103518212856Z,3,sha256:d375115bbf6c0780569ffb2b3c0b1a4a89e80eca81650f1882c5622c8eb0c893,TWGG,V39T;D40W;V54G,3,"[39,40,54]",,False,True,3
fitness_direct,1,3,fitness_direct-s42-f01-al96-fitness_direct-20260820T103518212856Z,4,sha256:91066a6148dd1934ebadf0a9b1ff4eddb4687cc5077a555cdef484b9f992973b,QLRQ,V39Q;D40L;G41R;V54Q,4,"[39,40,41,54]",,False,False,
fitness_direct,1,3,fitness_direct-s42-f01-al96-fitness_direct-20260820T103518212856Z,5,sha256:d342b8eef08282f220b8954c6a94b07a857043297b991e2bb2776e21befcc6a6,VGLL,D40G;G41L;V54L,3,"[40,41,54]",,False,False,
fitness_direct,1,3,fitness_direct-s42-f01-al96-fitness_direct-20260820T103518212856Z,6,sha256:ce4fb1ee39d11ead1aca55d3b1366f0ea0351c4f1cc5cef83284c2fa9239ff31,NENH,V39N;D40E;G41N;V54H,4,"[39,40,41,54]",,False,True,16
fitness_direct,1,3,fitness_direct-s42-f01-al96-fitness_direct-20260820T103518212856Z,7,sha256:1343e5a89016628f9d5fcd5db76f370f6911582c20bc85bc4e5a91df389218eb,YLKV,V39Y;D40L;G41K,3,"[39,40,41]",,False,True,4
fitness_direct,1,3,fitness_direct-s42-f01-al96-fitness_direct-20260820T103518212856Z,8,sha256:470a82aac44f6316e51eeb91d156e5fd3087d673c0bbeb9a497af8f8f9fbe62b,FCTL,V39F;D40C;G41T;V54L,4,"[39,40,41,54]",,False,True,12
fitness_direct,1,3,fitness_direct-s42-f01-al96-fitness_direct-20260820T103518212856Z,9,sha256:cbf16f778940e6dbc7cc943154d0c39823912a6e5c8cde9f847f37d50e600ed0,LWMR,V39L;D40W;G41M;V54R,4,"[39,40,41,54]",,False,True,7
fitness_direct,1,3,fitness_direct-s42-f01-al96-fitness_direct-20260820T103518212856Z,10,sha256:665e8fb7413a7d75a24e2fd4a9516e8a30f960af1777f2c48e392eeef74011f0,TWYY,V39T;D40W;G41Y;V54Y,4,"[39,40,41,54]",,False,True,11
fitness_direct,1,3,fitness_direct-s42-f01-al96-fitness_direct-20260820T103518212856Z,11,sha256:2da1aba0f48276e552f24b979d9fbd67f047185a04bdef8414206d55850ec2e2,SEPY,V39S;D40E;G41P;V54Y,4,"[39,40,41,54]",,False,False,
fitness_direct,1,3,fitness_direct-s42-f01-al96-fitness_direct-20260820T103518212856Z,12,sha256:84d65aa6d05da6a5b148c03e22465f8aed2ca4953860802253a3ee9d6933c13e,VICL,D40I;G41C;V54L,3,"[40,41,54]",,False,True,13
fitness_direct,1,3,fitness_direct-s42-f01-al96-fitness_direct-20260820T103518212856Z,13,sha256:f669ffa529e4370401300ea476b4b5e0ae26cfed3a810213d9b7ecf89274e172,QDIP,V39Q;G41I;V54P,3,"[39,41,54]",,False,False,
fitness_direct,1,3,fitness_direct-s42-f01-al96-fitness_direct-20260820T103518212856Z,14,sha256:f5846ef0f1186f08e9e30efc25b58b070a358369f671baf9b30ab9564ea479df,WRRM,V39W;D40R;G41R;V54M,4,"[39,40,41,54]",,False,False,
fitness_direct,1,3,fitness_direct-s42-f01-al96-fitness_direct-20260820T103518212856Z,15,sha256:dd7c1ee4dcfbda8b7cdb9811763911a9d6472ce28c8fdc65cce7a18dc01f29d3,DRSH,V39D;D40R;G41S;V54H,4,"[39,40,41,54]",,False,False,
fitness_direct,1,3,fitness_direct-s42-f01-al96-fitness_direct-20260820T103518212856Z,16,sha256:bef631d7260abd0874b12f3e63e9287df63df30db5f78c423a8c298e9559921f,PCAH,V39P;D40C;G41A;V54H,4,"[39,40,41,54]",,False,False,
fitness_direct,1,3,fitness_direct-s42-f01-al96-fitness_direct-20260820T103518212856Z,17,sha256:b9e5657ca5a63556128fc85cac76f6535b461cc17d59f39ccef6ddad94c8ad5d,MMIM,V39M;D40M;G41I;V54M,4,"[39,40,41,54]",,False,True,15
fitness_direct,1,3,fitness_direct-s42-f01-al96-fitness_direct-20260820T103518212856Z,18,sha256:660558e689a2b945e29d073e41cbebcb10c796f2781863069fe699e5075655e2,PVHC,V39P;D40V;G41H;V54C,4,"[39,40,41,54]",,False,True,10
fitness_direct,1,3,fitness_direct-s42-f01-al96-fitness_direct-20260820T103518212856Z,19,sha256:08928d842ff94540463a3beceeca07b11a7b8e672990f5c14e018bb9c6849823,WAEH,V39W;D40A;G41E;V54H,4,"[39,40,41,54]",,False,False,
fitness_direct,1,3,fitness_direct-s42-f01-al96-fitness_direct-20260820T103518212856Z,20,sha256:edfaa54ad8a555cd593e0af6ff220362e3b6dc2febd15b12ecc6ff1a0a7e1044,DNWC,V39D;D40N;G41W;V54C,4,"[39,40,41,54]",,False,True,2
fitness_direct,1,3,fitness_direct-s42-f01-al96-fitness_direct-20260820T103518212856Z,21,sha256:dde79e7cc2be36539aec146aa8c6ef8b6be5f32dc0fa61f15d9de5dc3935efa2,YEVV,V39Y;D40E;G41V,3,"[39,40,41]",,False,False,
fitness_direct,1,3,fitness_direct-s42-f01-al96-fitness_direct-20260820T103518212856Z,22,sha256:1c1b9944d8e1a698a79cee0ba16db9a80c62183b5131bb11f87a0c62e88c2d13,KYIA,V39K;D40Y;G41I;V54A,4,"[39,40,41,54]",,False,False,
fitness_direct,1,3,fitness_direct-s42-f01-al96-fitness_direct-20260820T103518212856Z,23,sha256:a62a1d2e3d1b5fc7d94a5d8edc24860507d6e70f4e21d9fee8037b08b7bd10a3,LDTM,V39L;G41T;V54M,3,"[39,41,54]",,False,True,6
fitness_direct,1,3,fitness_direct-s42-f01-al96-fitness_direct-20260820T103518212856Z,24,sha256:c315593739330fd9d008cea814e10be153dd1779a2169a08f48e4852f1f88f23,ITMA,V39I;D40T;G41M;V54A,4,"[39,40,41,54]",,False,True,5
fitness_direct,1,3,fitness_direct-s42-f01-al96-fitness_direct-20260820T103518212856Z,25,sha256:33012c6fe4a7f0f5f3a6f41b265944ddcfeac470938ed048241f55664a543906,CENY,V39C;D40E;G41N;V54Y,4,"[39,40,41,54]",,False,True,9
fitness_direct,1,3,fitness_direct-s42-f01-al96-fitness_direct-20260820T103518212856Z,26,sha256:41ff04bef74e6c32a777ad31779337313f1820cdfef24e10636bd0f49a2eb7bd,CTNN,V39C;D40T;G41N;V54N,4,"[39,40,41,54]",,False,True,8
fitness_direct,1,3,fitness_direct-s42-f01-al96-fitness_direct-20260820T103518212856Z,27,sha256:a8c876c384c534112fef221ae55f791f70d0e3247f71ffa0aaa95fb6f621b0a4,TTHE,V39T;D40T;G41H;V54E,4,"[39,40,41,54]",,False,False,
fitness_direct,1,3,fitness_direct-s42-f01-al96-fitness_direct-20260820T103518212856Z,28,sha256:2bc4ea938ac9450619b9d61de706810cfd412de5b506310ed297e1e69263fd22,QRKC,V39Q;D40R;G41K;V54C,4,"[39,40,41,54]",,False,False,
fitness_direct,1,3,fitness_direct-s42-f01-al96-fitness_direct-20260820T103518212856Z,29,sha256:6db4a144d079543571bbb2d0c6f57d60867b88c66fe1f4f8ce80090b141ab6e2,YYAI,V39Y;D40Y;G41A;V54I,4,"[39,40,41,54]",,False,False,
fitness_direct,1,3,fitness_direct-s42-f01-al96-fitness_direct-20260820T103518212856Z,30,sha256:bb37d2a47fce96519def198f506f112d9a78928ce7022a423604cedb9005f41c,LNHA,V39L;D40N;G41H;V54A,4,"[39,40,41,54]",,False,True,1
fitness_direct,1,3,fitness_direct-s42-f01-al96-fitness_direct-20260820T103518212856Z,31,sha256:e15c069c077bc27583981c1cab69f6d573c3d93c1cd0fe86f448175188d4be12,EQIQ,V39E;D40Q;G41I;V54Q,4,"[39,40,41,54]",,False,False,
fitness_direct,1,3,fitness_direct-s42-f01-al96-fitness_direct-20260820T103518212856Z,32,sha256:90f63e726f1744ec10d9be2b36a4f8ce18f1bc1c639366ee046f83272bec7b0d,ANSE,V39A;D40N;G41S;V54E,4,"[39,40,41,54]",,False,True,14
fitness_direct,2,1,fitness_direct-s42-f02-al96-fitness_direct-20260820T103739865434Z,1,sha256:088a9783c0517975a81c75911e0154bc58375ad68c080d93436934be6a27c871,MVPP,V39M;D40V;G41P;V54P,4,"[39,40,41,54]",,False,False,
fitness_direct,2,1,fitness_direct-s42-f02-al96-fitness_direct-20260820T103739865434Z,2,sha256:e76156105f62d11580a88ab35704ff0fe35fb3160e80b03b539792a42f1f9c89,SLYH,V39S;D40L;G41Y;V54H,4,"[39,40,41,54]",,False,False,
fitness_direct,2,1,fitness_direct-s42-f02-al96-fitness_direct-20260820T103739865434Z,3,sha256:c7b2c5385932eb6fec2974f229ea4cb33538d6f8406eb37ef09024c0d4249a4a,VWEL,D40W;G41E;V54L,3,"[40,41,54]",,False,True,7
fitness_direct,2,1,fitness_direct-s42-f02-al96-fitness_direct-20260820T103739865434Z,4,sha256:5f60a7c4c6a4330939fba704c9df2aba3077bc55a1d520bacb0bda35ecb2d2d9,DHLV,V39D;D40H;G41L,3,"[39,40,41]",,False,True,15
fitness_direct,2,1,fitness_direct-s42-f02-al96-fitness_direct-20260820T103739865434Z,5,sha256:ac7b718408413d50d119cec1a02b27fdfbfdeeec5e4c31ae8c91ecd445e732e7,VDAM,G41A;V54M,2,"[41,54]",,False,True,11
fitness_direct,2,1,fitness_direct-s42-f02-al96-fitness_direct-20260820T103739865434Z,6,sha256:49c308e307a1f8fb5595fa6d1fc1fb6ca9670f86b792bcfd168fbc74be122888,TAPT,V39T;D40A;G41P;V54T,4,"[39,40,41,54]",,False,True,14
fitness_direct,2,1,fitness_direct-s42-f02-al96-fitness_direct-20260820T103739865434Z,7,sha256:0d88d057da2d4d83855f7d088bb7bca83737034d99a03e6162c761cd6f358562,YEFW,V39Y;D40E;G41F;V54W,4,"[39,40,41,54]",,False,False,
fitness_direct,2,1,fitness_direct-s42-f02-al96-fitness_direct-20260820T103739865434Z,8,sha256:dc9c934c42f018330843afa6bc548cf48131153833443e5dbc32e136aa342bcc,NTRS,V39N;D40T;G41R;V54S,4,"[39,40,41,54]",,False,False,
fitness_direct,2,1,fitness_direct-s42-f02-al96-fitness_direct-20260820T103739865434Z,9,sha256:169d21d9253c181c1d1f069c0540df0fb0f0d05b0c89b998c2016672d6a82ab5,LGKS,V39L;D40G;G41K;V54S,4,"[39,40,41,54]",,False,False,
fitness_direct,2,1,fitness_direct-s42-f02-al96-fitness_direct-20260820T103739865434Z,10,sha256:6d58e4c87030c110c85672bf142d6a704db836417bdcdd434f75e03f784d73d9,IMMP,V39I;D40M;G41M;V54P,4,"[39,40,41,54]",,False,True,6
fitness_direct,2,1,fitness_direct-s42-f02-al96-fitness_direct-20260820T103739865434Z,11,sha256:be0b0e620e979993e4bbea4adbc1e68f3e79d3e9d040d3c1c50efca29781ce03,KTPH,V39K;D40T;G41P;V54H,4,"[39,40,41,54]",,False,False,
fitness_direct,2,1,fitness_direct-s42-f02-al96-fitness_direct-20260820T103739865434Z,12,sha256:6a669327c32331277320d04b3a45e066b2edf395a6f97441ee131ba99d2c679c,LTAK,V39L;D40T;G41A;V54K,4,"[39,40,41,54]",,False,True,9
fitness_direct,2,1,fitness_direct-s42-f02-al96-fitness_direct-20260820T103739865434Z,13,sha256:c02c563e5f58e0724044b9855ac7172071ecb7423f3a615392b7c7edd8399e99,WLKG,V39W;D40L;G41K;V54G,4,"[39,40,41,54]",,False,False,
fitness_direct,2,1,fitness_direct-s42-f02-al96-fitness_direct-20260820T103739865434Z,14,sha256:6ef020fa5b3eb4270a4744d10a11899ef5bdb99a6e4f1ac5923794a09c1d5189,VMYM,D40M;G41Y;V54M,3,"[40,41,54]",,False,True,10
fitness_direct,2,1,fitness_direct-s42-f02-al96-fitness_direct-20260820T103739865434Z,15,sha256:3a7dfa55f3d8264b5d3da22199df7de83c53b10e288a6a99225237f8466f3c84,MSFS,V39M;D40S;G41F;V54S,4,"[39,40,41,54]",,False,True,13
fitness_direct,2,1,fitness_direct-s42-f02-al96-fitness_direct-20260820T103739865434Z,16,sha256:7d38f6e7f9fe0e36b5958f483dea7d45a250fe48742b64b2debb4bc40dea6fd8,EIDH,V39E;D40I;G41D;V54H,4,"[39,40,41,54]",,False,False,
fitness_direct,2,1,fitness_direct-s42-f02-al96-fitness_direct-20260820T103739865434Z,17,sha256:33eb973245367311a0d5ffa3c4cc6b6825efc15200a9fa05ad5935d810a89d6f,IGTI,V39I;D40G;G41T;V54I,4,"[39,40,41,54]",,False,False,
fitness_direct,2,1,fitness_direct-s42-f02-al96-fitness_direct-20260820T103739865434Z,18,sha256:3c5a4eee18569d896e8647d0bd4517e4224242c7328b6b4147deed207eed08d9,DSAT,V39D;D40S;G41A;V54T,4,"[39,40,41,54]",,False,False,
fitness_direct,2,1,fitness_direct-s42-f02-al96-fitness_direct-20260820T103739865434Z,19,sha256:a3c3085c32a581dd53f813940322a12cf4030a2225ee7a66c8744e7690efa72b,KDTE,V39K;G41T;V54E,3,"[39,41,54]",,False,False,
fitness_direct,2,1,fitness_direct-s42-f02-al96-fitness_direct-20260820T103739865434Z,20,sha256:e9403e4fc4370fd639612d3fbab9343601105f61c0d46c3cc6f88a8a9e34b991,TGGK,V39T;D40G;V54K,3,"[39,40,54]",,False,False,
fitness_direct,2,1,fitness_direct-s42-f02-al96-fitness_direct-20260820T103739865434Z,21,sha256:97cd4b0d6a787599b6ebe18923c54c2003bf1143308e9e866ac767920802a91f,IAMK,V39I;D40A;G41M;V54K,4,"[39,40,41,54]",,False,True,2
fitness_direct,2,1,fitness_direct-s42-f02-al96-fitness_direct-20260820T103739865434Z,22,sha256:a75cb5696c2f7350812f463e5a65f55924189deb804911458430bbbc2f206413,MQAA,V39M;D40Q;G41A;V54A,4,"[39,40,41,54]",,False,True,8
fitness_direct,2,1,fitness_direct-s42-f02-al96-fitness_direct-20260820T103739865434Z,23,sha256:e6fd26ae541f95fe525394bda005210b6742c5af75fceb375e88e474094b30fb,VKDF,D40K;G41D;V54F,3,"[40,41,54]",,False,True,12
fitness_direct,2,1,fitness_direct-s42-f02-al96-fitness_direct-20260820T103739865434Z,24,sha256:a250256fafbd56253ac166cba482a901cdfc3b640f2f4ba94872f27fae092490,EMPE,V39E;D40M;G41P;V54E,4,"[39,40,41,54]",,False,False,
fitness_direct,2,1,fitness_direct-s42-f02-al96-fitness_direct-20260820T103739865434Z,25,sha256:859639bab6b263c086c715a8796b114ed3a456f2f50ee21885074fb9cb1163ca,RYGP,V39R;D40Y;V54P,3,"[39,40,54]",,False,True,1
fitness_direct,2,1,fitness_direct-s42-f02-al96-fitness_direct-20260820T103739865434Z,26,sha256:be0be9d55c6044d3cb9cc4353f43dbeefe1499ef0a2172c6055f2e85107e678b,EAPN,V39E;D40A;G41P;V54N,4,"[39,40,41,54]",,False,False,
fitness_direct,2,1,fitness_direct-s42-f02-al96-fitness_direct-20260820T103739865434Z,27,sha256:15a8af75df4082010a8ac128326834c9618aa776efd16766bf11637c934671a3,MHCS,V39M;D40H;G41C;V54S,4,"[39,40,41,54]",,False,True,3
fitness_direct,2,1,fitness_direct-s42-f02-al96-fitness_direct-20260820T103739865434Z,28,sha256:fdd4c9a1a0039fec000bf2a6be08a9acb1bdf899324693319132451e85dbe40d,MMAF,V39M;D40M;G41A;V54F,4,"[39,40,41,54]",,False,False,
fitness_direct,2,1,fitness_direct-s42-f02-al96-fitness_direct-20260820T103739865434Z,29,sha256:c32cc53dbd110c71cc09534602eaf75cf708f34330aef62e43cff7273a57ddc9,VFLT,D40F;G41L;V54T,3,"[40,41,54]",,False,True,4
fitness_direct,2,1,fitness_direct-s42-f02-al96-fitness_direct-20260820T103739865434Z,30,sha256:aa50472aa25c063a6acdf14e2d7df872f710158dc4b30d811c4360cd101d2b94,VKCQ,D40K;G41C;V54Q,3,"[40,41,54]",,False,True,5
fitness_direct,2,1,fitness_direct-s42-f02-al96-fitness_direct-20260820T103739865434Z,31,sha256:01a1a42038d39adeeafc8828b602ecd224bc115378a569df8b0a09f8acc80ec5,PRGR,V39P;D40R;V54R,3,"[39,40,54]",,False,False,
fitness_direct,2,1,fitness_direct-s42-f02-al96-fitness_direct-20260820T103739865434Z,32,sha256:f589c27f6189bab4558efeaf0335015228bd7ee65104d7e466540632202aaee5,QNKE,V39Q;D40N;G41K;V54E,4,"[39,40,41,54]",,False,True,16
fitness_direct,2,2,fitness_direct-s42-f02-al96-fitness_direct-20260820T103739865434Z,1,sha256:9009a594fa3cf2667da232a96701b5bd0588f4d74f68119aa12f28a18c66b545,PLHR,V39P;D40L;G41H;V54R,4,"[39,40,41,54]",,False,False,
fitness_direct,2,2,fitness_direct-s42-f02-al96-fitness_direct-20260820T103739865434Z,2,sha256:cedf3d45e50cbcac5aa46a2222d9e90297086016f1832bfa5cf8b3866a013bb3,RTMR,V39R;D40T;G41M;V54R,4,"[39,40,41,54]",,False,False,
fitness_direct,2,2,fitness_direct-s42-f02-al96-fitness_direct-20260820T103739865434Z,3,sha256:739d3ad7af27b57d40fa178d43e6bf881ddefdb86548382c23c4876a533e94bc,LSYY,V39L;D40S;G41Y;V54Y,4,"[39,40,41,54]",,False,True,2
fitness_direct,2,2,fitness_direct-s42-f02-al96-fitness_direct-20260820T103739865434Z,4,sha256:74f03179be7cc0ca3c62d5c29825aab3de13b19a9ac7321e568a2a097794c13a,NDEM,V39N;G41E;V54M,3,"[39,41,54]",,False,True,7
fitness_direct,2,2,fitness_direct-s42-f02-al96-fitness_direct-20260820T103739865434Z,5,sha256:a2bba898893e3866d7e4ce42ed39847ffcc64ce73f64cf042e6cf562daa90447,EELG,V39E;D40E;G41L;V54G,4,"[39,40,41,54]",,False,False,
fitness_direct,2,2,fitness_direct-s42-f02-al96-fitness_direct-20260820T103739865434Z,6,sha256:2da2feae13da93dd916c119be25b8b5572f67e6328052332a7da2780701c4937,YRVG,V39Y;D40R;G41V;V54G,4,"[39,40,41,54]",,False,False,
fitness_direct,2,2,fitness_direct-s42-f02-al96-fitness_direct-20260820T103739865434Z,7,sha256:98ad145fcb86d113dbb537a864feb3f36e1b49ffae5749363a4c3a8de934de25,SRYL,V39S;D40R;G41Y;V54L,4,"[39,40,41,54]",,False,False,
fitness_direct,2,2,fitness_direct-s42-f02-al96-fitness_direct-20260820T103739865434Z,8,sha256:63b0db755901a5e2c44cb2694d37512c1eca81641b399c19a376d92d81ff6c93,KGQM,V39K;D40G;G41Q;V54M,4,"[39,40,41,54]",,False,False,
fitness_direct,2,2,fitness_direct-s42-f02-al96-fitness_direct-20260820T103739865434Z,9,sha256:b820868ff09c2036651f973c2b5917ff97c91f9ba608aaf22e2b756693310b42,KNGT,V39K;D40N;V54T,3,"[39,40,54]",,False,True,12
fitness_direct,2,2,fitness_direct-s42-f02-al96-fitness_direct-20260820T103739865434Z,10,sha256:18273477cb2e1fcb14ffe00299e30ec4fed1e9c309873fbaf6f99283d773bbe5,TIQG,V39T;D40I;G41Q;V54G,4,"[39,40,41,54]",,False,True,10
fitness_direct,2,2,fitness_direct-s42-f02-al96-fitness_direct-20260820T103739865434Z,11,sha256:6dff09854603dc9a23b2d54b5aa97d688139e67e9fd54bae2a704ebd6a79b4c5,CYKE,V39C;D40Y;G41K;V54E,4,"[39,40,41,54]",,False,True,3
fitness_direct,2,2,fitness_direct-s42-f02-al96-fitness_direct-20260820T103739865434Z,12,sha256:e8548f9b83e374c1b55c8e2b91bf36f60e6d107749a40ea8d5dd8197a858d66b,TGLE,V39T;D40G;G41L;V54E,4,"[39,40,41,54]",,False,False,
fitness_direct,2,2,fitness_direct-s42-f02-al96-fitness_direct-20260820T103739865434Z,13,sha256:a76c3cb7b0715e3c83c77cf54c2ea5565635b1f4fa9e579a5c0bf04d55bdf4ea,WTCP,V39W;D40T;G41C;V54P,4,"[39,40,41,54]",,False,False,
fitness_direct,2,2,fitness_direct-s42-f02-al96-fitness_direct-20260820T103739865434Z,14,sha256:0c87d00a851d49f716e519d1a994c9783c3be19e2f6d2922a2997f718526e9c4,ANAL,V39A;D40N;G41A;V54L,4,"[39,40,41,54]",,False,True,9
fitness_direct,2,2,fitness_direct-s42-f02-al96-fitness_direct-20260820T103739865434Z,15,sha256:6becf1bda9ff4c1cb3430e2923f6e90c37cec3de11c0c4f26b2b5f523018bc79,DAIV,V39D;D40A;G41I,3,"[39,40,41]",,False,False,
fitness_direct,2,2,fitness_direct-s42-f02-al96-fitness_direct-20260820T103739865434Z,16,sha256:3c79577d010038226f2669bb516689f57ac3e6e0724a4d426f63fd95b470c974,DRRC,V39D;D40R;G41R;V54C,4,"[39,40,41,54]",,False,True,16
fitness_direct,2,2,fitness_direct-s42-f02-al96-fitness_direct-20260820T103739865434Z,17,sha256:4567c6cf39a1ba3621715c5012673755075de83bef20caecd9eb3282a8edf77a,KTDF,V39K;D40T;G41D;V54F,4,"[39,40,41,54]",,False,False,
fitness_direct,2,2,fitness_direct-s42-f02-al96-fitness_direct-20260820T103739865434Z,18,sha256:a1d43fca639ad9c3f628ef3e5c2468750bfdca94c41989719e4a82095d527627,NYEN,V39N;D40Y;G41E;V54N,4,"[39,40,41,54]",,False,True,5
fitness_direct,2,2,fitness_direct-s42-f02-al96-fitness_direct-20260820T103739865434Z,19,sha256:1c89ffa4749014e1cf3cafd9d850fdc672fd3e0421bed0d0e130298cbb93fa59,EDRE,V39E;G41R;V54E,3,"[39,41,54]",,False,False,
fitness_direct,2,2,fitness_direct-s42-f02-al96-fitness_direct-20260820T103739865434Z,20,sha256:6252207acd9ec28c5d260467ad8a6f70bb275ee776636b910a859d46ddbc4595,FFMT,V39F;D40F;G41M;V54T,4,"[39,40,41,54]",,False,True,14
fitness_direct,2,2,fitness_direct-s42-f02-al96-fitness_direct-20260820T103739865434Z,21,sha256:20d65b6ec735ada645c849757894066039f41a978790625c12302833c7d731fb,HMFR,V39H;D40M;G41F;V54R,4,"[39,40,41,54]",,False,False,
fitness_direct,2,2,fitness_direct-s42-f02-al96-fitness_direct-20260820T103739865434Z,22,sha256:95bd1da421a398340fc3605cb13977ad0b4db12de623fae741e6eef6d61c43bb,GQNS,V39G;D40Q;G41N;V54S,4,"[39,40,41,54]",,False,True,13
fitness_direct,2,2,fitness_direct-s42-f02-al96-fitness_direct-20260820T103739865434Z,23,sha256:a141e28dc5778526ee7882927c1a1cc4065c230eba9dbf569d00e330e2665c99,QCYW,V39Q;D40C;G41Y;V54W,4,"[39,40,41,54]",,False,True,4
fitness_direct,2,2,fitness_direct-s42-f02-al96-fitness_direct-20260820T103739865434Z,24,sha256:e78610e38dff9aaf829228c7121773421b19dd53173c7564837200d530c21723,RQWS,V39R;D40Q;G41W;V54S,4,"[39,40,41,54]",,False,True,11
fitness_direct,2,2,fitness_direct-s42-f02-al96-fitness_direct-20260820T103739865434Z,25,sha256:3221e55de0121c02a48f3bdcbbf40a29c69f697a8354b1d2cd93a5b4298900d1,PANN,V39P;D40A;G41N;V54N,4,"[39,40,41,54]",,False,True,15
fitness_direct,2,2,fitness_direct-s42-f02-al96-fitness_direct-20260820T103739865434Z,26,sha256:103a67f0306ac1d4b3003918bf7a1328bb51e6882cc25d5e3076902cbd8fef33,LYFM,V39L;D40Y;G41F;V54M,4,"[39,40,41,54]",,False,True,1
fitness_direct,2,2,fitness_direct-s42-f02-al96-fitness_direct-20260820T103739865434Z,27,sha256:3ef026377206bc39800680eb9175fc407e58be12f4f361f5c53af9b2abfbcf02,IAQI,V39I;D40A;G41Q;V54I,4,"[39,40,41,54]",,False,True,6
fitness_direct,2,2,fitness_direct-s42-f02-al96-fitness_direct-20260820T103739865434Z,28,sha256:83be1328765e831e6625c30370a61089657f420349024505ef557931fa743864,WSSG,V39W;D40S;G41S;V54G,4,"[39,40,41,54]",,False,False,
fitness_direct,2,2,fitness_direct-s42-f02-al96-fitness_direct-20260820T103739865434Z,29,sha256:75c8a0b7a1d3509a9afcf8f7b378c5e64c3f829da43a0fb5355629d8cdb6744e,DWKT,V39D;D40W;G41K;V54T,4,"[39,40,41,54]",,False,False,
fitness_direct,2,2,fitness_direct-s42-f02-al96-fitness_direct-20260820T103739865434Z,30,sha256:ab5ca580922568edbb9feb76cfdc6c2450e74948074ccbb59d1044ee2e97b3a6,CNTG,V39C;D40N;G41T;V54G,4,"[39,40,41,54]",,False,True,8
fitness_direct,2,2,fitness_direct-s42-f02-al96-fitness_direct-20260820T103739865434Z,31,sha256:a5965dbb8819b8d751ba4fdea04e28c9190dc199f8ab2197c8b7537b9cc6221e,YKAP,V39Y;D40K;G41A;V54P,4,"[39,40,41,54]",,False,False,
fitness_direct,2,2,fitness_direct-s42-f02-al96-fitness_direct-20260820T103739865434Z,32,sha256:9be02a22df67763c261380f4752b6533ad7d5b0e720f86ac54bf02c3259928d7,ETYW,V39E;D40T;G41Y;V54W,4,"[39,40,41,54]",,False,False,
fitness_direct,2,3,fitness_direct-s42-f02-al96-fitness_direct-20260820T103739865434Z,1,sha256:afa200c6de81ec17ec4f87ae60a1e4cac699f2fef20b0da6c301ff048e4a0bf9,YECI,V39Y;D40E;G41C;V54I,4,"[39,40,41,54]",,False,False,
fitness_direct,2,3,fitness_direct-s42-f02-al96-fitness_direct-20260820T103739865434Z,2,sha256:6dac7f1d660d524a16ce4dd031eb096c2f95808df65cf45af678e5f487b65417,EIEH,V39E;D40I;G41E;V54H,4,"[39,40,41,54]",,False,False,
fitness_direct,2,3,fitness_direct-s42-f02-al96-fitness_direct-20260820T103739865434Z,3,sha256:aef8979c38137b7d6e039f901f60b87a218b69c461ce7f77567751c97b4e2568,ICMA,V39I;D40C;G41M;V54A,4,"[39,40,41,54]",,False,True,3
fitness_direct,2,3,fitness_direct-s42-f02-al96-fitness_direct-20260820T103739865434Z,4,sha256:c2815591d4845a50cf5f5a89e9d3a85dad5b80aa1c2496f12807846b63cdfa8e,HQNG,V39H;D40Q;G41N;V54G,4,"[39,40,41,54]",,False,False,
fitness_direct,2,3,fitness_direct-s42-f02-al96-fitness_direct-20260820T103739865434Z,5,sha256:79196911bc2bac8633b51149087b2a7979489dad8ff54267eefb66c266e8564b,CDPT,V39C;G41P;V54T,3,"[39,41,54]",,False,False,
fitness_direct,2,3,fitness_direct-s42-f02-al96-fitness_direct-20260820T103739865434Z,6,sha256:2077b30cb1810c20503b1ae40cc5ef711cdeb1fd1fa10c8fd02c3626a7e08694,LKIE,V39L;D40K;G41I;V54E,4,"[39,40,41,54]",,False,True,16
fitness_direct,2,3,fitness_direct-s42-f02-al96-fitness_direct-20260820T103739865434Z,7,sha256:98d17e50c5ee91b364e2d2290531d5807aa2e9fecc1c01accc0cad15d8b82948,FRVE,V39F;D40R;G41V;V54E,4,"[39,40,41,54]",,False,False,
fitness_direct,2,3,fitness_direct-s42-f02-al96-fitness_direct-20260820T103739865434Z,8,sha256:7a782c811e6c5d66451c885b1b09ed3fd80c9aabea6e1131bedfd868278744c5,IHLL,V39I;D40H;G41L;V54L,4,"[39,40,41,54]",,False,True,15
fitness_direct,2,3,fitness_direct-s42-f02-al96-fitness_direct-20260820T103739865434Z,9,sha256:44130cba7028e771801590e6b8a6f1fd98dae8714bd6062f8da6fcb76b4e1b7a,ANDN,V39A;D40N;G41D;V54N,4,"[39,40,41,54]",,False,False,
fitness_direct,2,3,fitness_direct-s42-f02-al96-fitness_direct-20260820T103739865434Z,10,sha256:8d3e744b363d08f2a4034079e5c12acda10f383f76e35be59c992e38b8e89d7b,VFNF,D40F;G41N;V54F,3,"[40,41,54]",,False,True,1
fitness_direct,2,3,fitness_direct-s42-f02-al96-fitness_direct-20260820T103739865434Z,11,sha256:f8bf3c89c77cf6b95e9bdf9adb25a027aee59392edb100efb0b6c189894804ac,LWYK,V39L;D40W;G41Y;V54K,4,"[39,40,41,54]",,False,True,7
fitness_direct,2,3,fitness_direct-s42-f02-al96-fitness_direct-20260820T103739865434Z,12,sha256:4f143547e49662aaf580e49494e2213be0fe3e52ede31f47da8f313ef5dd570e,WWRW,V39W;D40W;G41R;V54W,4,"[39,40,41,54]",,False,True,12
fitness_direct,2,3,fitness_direct-s42-f02-al96-fitness_direct-20260820T103739865434Z,13,sha256:df25605f4ed9530ebf0c86485902ec10f42692a7601367c4c61ade707012c0b1,GDEV,V39G;G41E,2,"[39,41]",,False,False,
fitness_direct,2,3,fitness_direct-s42-f02-al96-fitness_direct-20260820T103739865434Z,14,sha256:d6065c63f32718b3cff0e27976c4b4d2c895af767ac220e4b836f439fc4077c9,INTT,V39I;D40N;G41T;V54T,4,"[39,40,41,54]",,False,True,6
fitness_direct,2,3,fitness_direct-s42-f02-al96-fitness_direct-20260820T103739865434Z,15,sha256:256f97daa3475dd18f1884cc8665b8e7e76e04d2691c0f410bc67b15d6adcc9b,LLYS,V39L;D40L;G41Y;V54S,4,"[39,40,41,54]",,False,True,9
fitness_direct,2,3,fitness_direct-s42-f02-al96-fitness_direct-20260820T103739865434Z,16,sha256:e7b4154a9d9bdd237aebf79ea2bb5daa790055d8fb2d2f3c7f37cb94db1bb84a,QHTF,V39Q;D40H;G41T;V54F,4,"[39,40,41,54]",,False,True,5
fitness_direct,2,3,fitness_direct-s42-f02-al96-fitness_direct-20260820T103739865434Z,17,sha256:f0632dab633d595de1f91dc662c635bd65c27755c8d8c6842e5bf8b7862ade80,METL,V39M;D40E;G41T;V54L,4,"[39,40,41,54]",,False,False,
fitness_direct,2,3,fitness_direct-s42-f02-al96-fitness_direct-20260820T103739865434Z,18,sha256:5c80b99494fda55736fb668552fcadcb1a19c583d462fb363c5ae521d4eadd6b,RLPW,V39R;D40L;G41P;V54W,4,"[39,40,41,54]",,False,False,
fitness_direct,2,3,fitness_direct-s42-f02-al96-fitness_direct-20260820T103739865434Z,19,sha256:60e8d45cd6df86a8629e89e392ca887813570307579328de22c83d6ccea8f7f9,YMPT,V39Y;D40M;G41P;V54T,4,"[39,40,41,54]",,False,False,
fitness_direct,2,3,fitness_direct-s42-f02-al96-fitness_direct-20260820T103739865434Z,20,sha256:ef48dfaddba776091b6b88fe47a15f5ba52547ae736000b98bf4f62b9de8e161,RHHH,V39R;D40H;G41H;V54H,4,"[39,40,41,54]",,False,True,11
fitness_direct,2,3,fitness_direct-s42-f02-al96-fitness_direct-20260820T103739865434Z,21,sha256:232449a633d33283fa0004161cdea506d026a78ead10e1ad2479c6deeed9f1da,CQLI,V39C;D40Q;G41L;V54I,4,"[39,40,41,54]",,False,False,
fitness_direct,2,3,fitness_direct-s42-f02-al96-fitness_direct-20260820T103739865434Z,22,sha256:131aa50701017c9f032b803806f4c1d5d5ae1bc64fd46a0d2458af89ab0ec00d,MSTT,V39M;D40S;G41T;V54T,4,"[39,40,41,54]",,False,True,14
fitness_direct,2,3,fitness_direct-s42-f02-al96-fitness_direct-20260820T103739865434Z,23,sha256:23ccb75ad9825b6b00a6e3f30f76227d69afcb4319ea36e1cb1161925f80994c,WIGA,V39W;D40I;V54A,3,"[39,40,54]",,False,True,2
fitness_direct,2,3,fitness_direct-s42-f02-al96-fitness_direct-20260820T103739865434Z,24,sha256:92554f6929e6db3c96f496c5220349f58cb251bf664f7f8d722f496f4cadd1f7,TTNV,V39T;D40T;G41N,3,"[39,40,41]",,False,True,8
fitness_direct,2,3,fitness_direct-s42-f02-al96-fitness_direct-20260820T103739865434Z,25,sha256:2d4ae435612f728ae6cfa919c3b7fd7e6ac250d71944118a9ee9d97d796fa52c,IIMF,V39I;D40I;G41M;V54F,4,"[39,40,41,54]",,False,True,13
fitness_direct,2,3,fitness_direct-s42-f02-al96-fitness_direct-20260820T103739865434Z,26,sha256:234a637a6dcf778ab33f4a14f933f88fcd422ea8b0598f02c089148e2a1463c7,TEVP,V39T;D40E;G41V;V54P,4,"[39,40,41,54]",,False,False,
fitness_direct,2,3,fitness_direct-s42-f02-al96-fitness_direct-20260820T103739865434Z,27,sha256:f42b5e11eae4787fccd4ab67f1d0c04c8120a0a5ca602f6ff1840a0131d9a46d,SWHY,V39S;D40W;G41H;V54Y,4,"[39,40,41,54]",,False,True,4
fitness_direct,2,3,fitness_direct-s42-f02-al96-fitness_direct-20260820T103739865434Z,28,sha256:5722268f7932dac4782a6baa8028248b438fbb010e3dfebf92b2aeac1c134382,EYCP,V39E;D40Y;G41C;V54P,4,"[39,40,41,54]",,False,False,
fitness_direct,2,3,fitness_direct-s42-f02-al96-fitness_direct-20260820T103739865434Z,29,sha256:89ce0a79930f4279fc421240ef7dd771569df740f0bc95a2b427d5527bf4300f,AVSR,V39A;D40V;G41S;V54R,4,"[39,40,41,54]",,False,False,
fitness_direct,2,3,fitness_direct-s42-f02-al96-fitness_direct-20260820T103739865434Z,30,sha256:c1ec7018222409886c5f1fb70da46ef17ce731b55446301066ec6ab08f7ede5b,LSPP,V39L;D40S;G41P;V54P,4,"[39,40,41,54]",,False,False,
fitness_direct,2,3,fitness_direct-s42-f02-al96-fitness_direct-20260820T103739865434Z,31,sha256:981d3b139fb81903c299710130d020458c83f7f34b6a10505e31eea6f83d04f8,SKQN,V39S;D40K;G41Q;V54N,4,"[39,40,41,54]",,False,False,
fitness_direct,2,3,fitness_direct-s42-f02-al96-fitness_direct-20260820T103739865434Z,32,sha256:0935ed592bbcb46cf806b4a93e9f8e294562dc738a9079f4a87f1502c26ec444,QEFA,V39Q;D40E;G41F;V54A,4,"[39,40,41,54]",,False,True,10
kg_base,0,1,knowledge_agent-s11-f00-GB1-hierarchical-kg_base-f00-20260820T215844671400Z,1,sha256:84edffd46cf58545dc887d21540771c0ef3b7db438daa8c07f982f06c3d41b58,IWGA,V39I;D40W;V54A,3,"[39,40,54]",4,True,True,1
kg_base,0,1,knowledge_agent-s11-f00-GB1-hierarchical-kg_base-f00-20260820T215844671400Z,2,sha256:0c27d24d79ae24742317846eba6b5fb65a951dee9c18a8ea61dff190fff050a8,LYGA,V39L;D40Y;V54A,3,"[39,40,54]",4,True,True,4
kg_base,0,1,knowledge_agent-s11-f00-GB1-hierarchical-kg_base-f00-20260820T215844671400Z,3,sha256:3a7adba769d374f88cba01eb4686cb18884a40cfb15f1b9189d5b5e582f22637,LWGC,V39L;D40W;V54C,3,"[39,40,54]",4,True,True,15
kg_base,0,1,knowledge_agent-s11-f00-GB1-hierarchical-kg_base-f00-20260820T215844671400Z,4,sha256:c1b4e800f07cdf1f0c008b456d7c71348718002fd42ac0988da415e8d203ea12,IFGA,V39I;D40F;V54A,3,"[39,40,54]",4,True,True,5
kg_base,0,1,knowledge_agent-s11-f00-GB1-hierarchical-kg_base-f00-20260820T215844671400Z,5,sha256:6f8721d4e6354c82389a55d5622c66c0af2e220b627e5a2befb5318c2406bb87,LAGC,V39L;D40A;V54C,3,"[39,40,54]",4,True,True,16
kg_base,0,1,knowledge_agent-s11-f00-GB1-hierarchical-kg_base-f00-20260820T215844671400Z,6,sha256:99527d4c0968c0e8e932b939fe6e1c9a52f5bd2e408da081d403cf6bbf0f1bef,LFGC,V39L;D40F;V54C,3,"[39,40,54]",4,True,False,
kg_base,0,1,knowledge_agent-s11-f00-GB1-hierarchical-kg_base-f00-20260820T215844671400Z,7,sha256:187bf4a7ad8ca6e9e3015ba357922df3b0b56fca4736d3a0e952e2d8ada21030,IHGA,V39I;D40H;V54A,3,"[39,40,54]",4,True,True,13
kg_base,0,1,knowledge_agent-s11-f00-GB1-hierarchical-kg_base-f00-20260820T215844671400Z,8,sha256:c6f7241c5baf429461d4155ada401c1e6713aba10862f39416bf438c68893b1e,LHGA,V39L;D40H;V54A,3,"[39,40,54]",4,True,False,
kg_base,0,1,knowledge_agent-s11-f00-GB1-hierarchical-kg_base-f00-20260820T215844671400Z,9,sha256:22a7cd8d7b4178f7f9703976d32303e1a1d46b6b7fc3184ae1a72f783a4b9b39,IHGC,V39I;D40H;V54C,3,"[39,40,54]",4,True,False,
kg_base,0,1,knowledge_agent-s11-f00-GB1-hierarchical-kg_base-f00-20260820T215844671400Z,10,sha256:6426d92a5e51c3ecccddd0f5343ffaead003713e620db4591cc01d0c82cc0796,LYGC,V39L;D40Y;V54C,3,"[39,40,54]",4,True,True,7
kg_base,0,1,knowledge_agent-s11-f00-GB1-hierarchical-kg_base-f00-20260820T215844671400Z,11,sha256:8dfd510cc5d833fdae80ec4190fa236a9a06f4dd1b5b6ae5585230b15db28328,IAGA,V39I;D40A;V54A,3,"[39,40,54]",4,True,True,3
kg_base,0,1,knowledge_agent-s11-f00-GB1-hierarchical-kg_base-f00-20260820T215844671400Z,12,sha256:45302fd2336c6f0c849be772b66c0a97eda8cb186cc1ecd62d3bdb256da12568,IWGC,V39I;D40W;V54C,3,"[39,40,54]",4,True,True,14
kg_base,0,1,knowledge_agent-s11-f00-GB1-hierarchical-kg_base-f00-20260820T215844671400Z,13,sha256:cad29236742d162b31dab9d4587a36b7578ea8c4a2ed7c7ce6832b41dd8696a0,IYGC,V39I;D40Y;V54C,3,"[39,40,54]",4,True,True,6
kg_base,0,1,knowledge_agent-s11-f00-GB1-hierarchical-kg_base-f00-20260820T215844671400Z,14,sha256:8287e39d0cef852c01bf15c9447ec202121712f870911d9d5b16cd8d917834bc,IFGC,V39I;D40F;V54C,3,"[39,40,54]",4,True,False,
kg_base,0,1,knowledge_agent-s11-f00-GB1-hierarchical-kg_base-f00-20260820T215844671400Z,15,sha256:146f994851540dcf3fe10fcaf46e6423e3756b7291483e7288dfdd7a7e393fad,IYGA,V39I;D40Y;V54A,3,"[39,40,54]",4,True,True,2
kg_base,0,1,knowledge_agent-s11-f00-GB1-hierarchical-kg_base-f00-20260820T215844671400Z,16,sha256:f29319bd9b1f1b29d6d352a4dc41d743325221a955714a2de3104dd4d3df0337,LAGA,V39L;D40A;V54A,3,"[39,40,54]",4,True,True,8
kg_base,0,1,knowledge_agent-s11-f00-GB1-hierarchical-kg_base-f00-20260820T215844671400Z,17,sha256:7426224e5b72b3ed239efd30dc5baf8a27836c30c4ff0cb5ed7893eb0a866b00,LHGC,V39L;D40H;V54C,3,"[39,40,54]",4,True,False,
kg_base,0,1,knowledge_agent-s11-f00-GB1-hierarchical-kg_base-f00-20260820T215844671400Z,18,sha256:a119c2adb354ec1ce719bfe99089c75a441fbce7800ddd7d47a5f58be954b898,LDGA,V39L;V54A,2,"[39,54]",3,False,False,
kg_base,0,1,knowledge_agent-s11-f00-GB1-hierarchical-kg_base-f00-20260820T215844671400Z,19,sha256:d1939f1deaa36f634734b7327a9bbd68528f6f6337337fcd6b5d0515c599057e,LYDA,V39L;D40Y;G41D;V54A,4,"[39,40,41,54]",3,False,True,12
kg_base,0,1,knowledge_agent-s11-f00-GB1-hierarchical-kg_base-f00-20260820T215844671400Z,20,sha256:fdd89d46b031d4ee94ce8c12429fbbd524d0db574af388c0d9a2f8e006a5b2d4,IWGH,V39I;D40W;V54H,3,"[39,40,54]",3,False,False,
kg_base,0,1,knowledge_agent-s11-f00-GB1-hierarchical-kg_base-f00-20260820T215844671400Z,21,sha256:63320dd8ecfbd1e5499ad587ae487dd999eaf473d6fa037710403489e3a39fe6,LFVA,V39L;D40F;G41V;V54A,4,"[39,40,41,54]",3,False,False,
kg_base,0,1,knowledge_agent-s11-f00-GB1-hierarchical-kg_base-f00-20260820T215844671400Z,22,sha256:13865e131d25e8db51d4c07787c6cd750092475cb5bdd96e5e65ddb21c36c866,IYRA,V39I;D40Y;G41R;V54A,4,"[39,40,41,54]",3,False,True,11
kg_base,0,1,knowledge_agent-s11-f00-GB1-hierarchical-kg_base-f00-20260820T215844671400Z,23,sha256:7cbfbe8ca00f017ba37d18b3ab35114357d007f82208ac3313cf32b568d34402,IHLA,V39I;D40H;G41L;V54A,4,"[39,40,41,54]",3,False,False,
kg_base,0,1,knowledge_agent-s11-f00-GB1-hierarchical-kg_base-f00-20260820T215844671400Z,24,sha256:333ec6a2aa8901afb36c9f5ae978a12e0fcbf06a4ef70132a0cc5acdbd0112a9,IANC,V39I;D40A;G41N;V54C,4,"[39,40,41,54]",3,False,False,
kg_base,0,1,knowledge_agent-s11-f00-GB1-hierarchical-kg_base-f00-20260820T215844671400Z,25,sha256:18a99032c5e1eb41365d9f6368501a92f3a30e3170713c2c8d32ac7e3720bdca,IHIC,V39I;D40H;G41I;V54C,4,"[39,40,41,54]",3,False,False,
kg_base,0,1,knowledge_agent-s11-f00-GB1-hierarchical-kg_base-f00-20260820T215844671400Z,26,sha256:dcead220149f37a6ceb9985d828ea8198dcbb884c3996a40a4190ae25d8421c1,VHGA,D40H;V54A,2,"[40,54]",3,False,False,
kg_base,0,1,knowledge_agent-s11-f00-GB1-hierarchical-kg_base-f00-20260820T215844671400Z,27,sha256:0ac662fa9c06a9251db82cd07b84ee87ef1be17dfaec85ce3f0e9481f52425d0,INGA,V39I;D40N;V54A,3,"[39,40,54]",3,False,False,
kg_base,0,1,knowledge_agent-s11-f00-GB1-hierarchical-kg_base-f00-20260820T215844671400Z,28,sha256:ad9cd555848e552926ddab58605c4fa47291d3c27ea8cb1373ec0a53733c1842,LSGC,V39L;D40S;V54C,3,"[39,40,54]",3,False,False,
kg_base,0,1,knowledge_agent-s11-f00-GB1-hierarchical-kg_base-f00-20260820T215844671400Z,29,sha256:fff852d3ac5458028b0e0313a1b6ff68f167bd1141879c64b047253985bb97bd,LFVK,V39L;D40F;G41V;V54K,4,"[39,40,41,54]",2,False,False,
kg_base,0,1,knowledge_agent-s11-f00-GB1-hierarchical-kg_base-f00-20260820T215844671400Z,30,sha256:ffb63aafbcb99c01cb876e4cedcd7cf6513fca83a295440c17e6c21c83dab5d5,IANP,V39I;D40A;G41N;V54P,4,"[39,40,41,54]",2,False,True,10
kg_base,0,1,knowledge_agent-s11-f00-GB1-hierarchical-kg_base-f00-20260820T215844671400Z,31,sha256:ff268f17f96ac33bcad51a90b49191f47b3dc0d022827446a7efdecdaf5a247f,ILIC,V39I;D40L;G41I;V54C,4,"[39,40,41,54]",2,False,False,
kg_base,0,1,knowledge_agent-s11-f00-GB1-hierarchical-kg_base-f00-20260820T215844671400Z,32,sha256:ff1ba21bc8cd6fd89b65866ba76e24e50049ad301ac1cb0f52ec2c1c2544349f,IQGH,V39I;D40Q;V54H,3,"[39,40,54]",2,False,True,9
kg_base,0,2,knowledge_agent-s11-f00-GB1-hierarchical-kg_base-f00-20260820T215844671400Z,1,sha256:22a7cd8d7b4178f7f9703976d32303e1a1d46b6b7fc3184ae1a72f783a4b9b39,IHGC,V39I;D40H;V54C,3,"[39,40,54]",4,True,True,3
kg_base,0,2,knowledge_agent-s11-f00-GB1-hierarchical-kg_base-f00-20260820T215844671400Z,2,sha256:99527d4c0968c0e8e932b939fe6e1c9a52f5bd2e408da081d403cf6bbf0f1bef,LFGC,V39L;D40F;V54C,3,"[39,40,54]",4,True,True,2
kg_base,0,2,knowledge_agent-s11-f00-GB1-hierarchical-kg_base-f00-20260820T215844671400Z,3,sha256:7426224e5b72b3ed239efd30dc5baf8a27836c30c4ff0cb5ed7893eb0a866b00,LHGC,V39L;D40H;V54C,3,"[39,40,54]",4,True,True,1
kg_base,0,2,knowledge_agent-s11-f00-GB1-hierarchical-kg_base-f00-20260820T215844671400Z,4,sha256:8287e39d0cef852c01bf15c9447ec202121712f870911d9d5b16cd8d917834bc,IFGC,V39I;D40F;V54C,3,"[39,40,54]",4,True,True,4
kg_base,0,2,knowledge_agent-s11-f00-GB1-hierarchical-kg_base-f00-20260820T215844671400Z,5,sha256:c6f7241c5baf429461d4155ada401c1e6713aba10862f39416bf438c68893b1e,LHGA,V39L;D40H;V54A,3,"[39,40,54]",4,True,True,5
kg_base,0,2,knowledge_agent-s11-f00-GB1-hierarchical-kg_base-f00-20260820T215844671400Z,6,sha256:be335ee3d7f7384668c2465f1c4b46ff6cdfffc42c7a067d6534cde9ab150b09,GFGA,V39G;D40F;V54A,3,"[39,40,54]",3,False,False,
kg_base,0,2,knowledge_agent-s11-f00-GB1-hierarchical-kg_base-f00-20260820T215844671400Z,7,sha256:b3f9cfa155dc0f3beae23fa6c6806d0f9f67dea068487f230f3337696bf3ec2d,NHGA,V39N;D40H;V54A,3,"[39,40,54]",3,False,True,6
kg_base,0,2,knowledge_agent-s11-f00-GB1-hierarchical-kg_base-f00-20260820T215844671400Z,8,sha256:62a67680271648f9fcda7a644465021ef43c61743ddab9a658e54f536459dd99,LFHC,V39L;D40F;G41H;V54C,4,"[39,40,41,54]",3,False,True,13
kg_base,0,2,knowledge_agent-s11-f00-GB1-hierarchical-kg_base-f00-20260820T215844671400Z,9,sha256:788697cdf7a733a185433fc9deb43541d4f9750da333ceeaa00dece46ce2182c,CHGA,V39C;D40H;V54A,3,"[39,40,54]",3,False,False,
kg_base,0,2,knowledge_agent-s11-f00-GB1-hierarchical-kg_base-f00-20260820T215844671400Z,10,sha256:743f66c5f1831a854fc2fcda10017e6eceefbfb57ad10e90de694f2435fdf684,LWGF,V39L;D40W;V54F,3,"[39,40,54]",3,False,True,14
kg_base,0,2,knowledge_agent-s11-f00-GB1-hierarchical-kg_base-f00-20260820T215844671400Z,11,sha256:0f7d4dabac7f82b33231df7f24f50e42a07bc03115822072a70c81b56d99e8de,IWIA,V39I;D40W;G41I;V54A,4,"[39,40,41,54]",3,False,False,
kg_base,0,2,knowledge_agent-s11-f00-GB1-hierarchical-kg_base-f00-20260820T215844671400Z,12,sha256:9883eff88d4b3dfff36f8e127440097bb9a703077b094b766e96fd7f8ab4deac,LMGA,V39L;D40M;V54A,3,"[39,40,54]",3,False,True,7
kg_base,0,2,knowledge_agent-s11-f00-GB1-hierarchical-kg_base-f00-20260820T215844671400Z,13,sha256:951e0225a95d07059d422fec39fc521b3f2811c6abf23599810617d5f127ce51,LHSA,V39L;D40H;G41S;V54A,4,"[39,40,41,54]",3,False,False,
kg_base,0,2,knowledge_agent-s11-f00-GB1-hierarchical-kg_base-f00-20260820T215844671400Z,14,sha256:36438722dbee44ec7b4b4d0fda73c6298c2265ee5330b789d4061cbcc997388e,IHGR,V39I;D40H;V54R,3,"[39,40,54]",3,False,False,
kg_base,0,2,knowledge_agent-s11-f00-GB1-hierarchical-kg_base-f00-20260820T215844671400Z,15,sha256:8fda2fb5dda8fdf98f70cc9b6685f196ea9c0bbcd383f58656037d71eec2c1f6,IYAA,V39I;D40Y;G41A;V54A,4,"[39,40,41,54]",3,False,False,
kg_base,0,2,knowledge_agent-s11-f00-GB1-hierarchical-kg_base-f00-20260820T215844671400Z,16,sha256:933241c7d95eca421de0f44b2dcf64daba251b1e22b0ecd3e54ce7f321820bc4,IQGC,V39I;D40Q;V54C,3,"[39,40,54]",3,False,False,
kg_base,0,2,knowledge_agent-s11-f00-GB1-hierarchical-kg_base-f00-20260820T215844671400Z,17,sha256:4908a440699346f3bc636839c68bc6defe773c3d4189c58f219dd20237d7bee7,ILGC,V39I;D40L;V54C,3,"[39,40,54]",3,False,False,
kg_base,0,2,knowledge_agent-s11-f00-GB1-hierarchical-kg_base-f00-20260820T215844671400Z,18,sha256:24eb72233cf4b49273d0ee0041d0c259d1cfcfe95c3eb5d837b58902a140e577,IFGH,V39I;D40F;V54H,3,"[39,40,54]",3,False,False,
kg_base,0,2,knowledge_agent-s11-f00-GB1-hierarchical-kg_base-f00-20260820T215844671400Z,19,sha256:1fd9f7d7a0c10b1ab3e7c38cb32913f5b0adbd569181e9aba29452ee6f852ae5,LHEC,V39L;D40H;G41E;V54C,4,"[39,40,41,54]",3,False,True,15
kg_base,0,2,knowledge_agent-s11-f00-GB1-hierarchical-kg_base-f00-20260820T215844671400Z,20,sha256:a8be52f006414ed18894c70689f97d1db37dab990d8e4f10a879b911558177dc,IWYC,V39I;D40W;G41Y;V54C,4,"[39,40,41,54]",3,False,True,12
kg_base,0,2,knowledge_agent-s11-f00-GB1-hierarchical-kg_base-f00-20260820T215844671400Z,21,sha256:db6b15689bf8bcdeb55d036c7c6612a4477e61e4d12df2dcf68b7e5a9c5c92e6,IDGC,V39I;V54C,2,"[39,54]",3,False,False,
kg_base,0,2,knowledge_agent-s11-f00-GB1-hierarchical-kg_base-f00-20260820T215844671400Z,22,sha256:a119c2adb354ec1ce719bfe99089c75a441fbce7800ddd7d47a5f58be954b898,LDGA,V39L;V54A,2,"[39,54]",3,False,False,
kg_base,0,2,knowledge_agent-s11-f00-GB1-hierarchical-kg_base-f00-20260820T215844671400Z,23,sha256:31b9e06658d7302943c19dcbb6dc40fc5ba31a466b60d62250d83dfcba726c7d,IWFA,V39I;D40W;G41F;V54A,4,"[39,40,41,54]",3,False,False,
kg_base,0,2,knowledge_agent-s11-f00-GB1-hierarchical-kg_base-f00-20260820T215844671400Z,24,sha256:d4cb9cde8f0c73b1bfef523e541d0bfeffede0f6db06fea85364b597da4192ea,TWGC,V39T;D40W;V54C,3,"[39,40,54]",3,False,True,10
kg_base,0,2,knowledge_agent-s11-f00-GB1-hierarchical-kg_base-f00-20260820T215844671400Z,25,sha256:f9594941cf5eb228ef7c530f1a9c6b13ebf10492c3a639970ca48254a7cde920,IFQA,V39I;D40F;G41Q;V54A,4,"[39,40,41,54]",3,False,False,
kg_base,0,2,knowledge_agent-s11-f00-GB1-hierarchical-kg_base-f00-20260820T215844671400Z,26,sha256:a3d1a4cfc9211acb8f33f7a8ed510d3671819525edb5efa805fa26e0b7f72c15,IHMC,V39I;D40H;G41M;V54C,4,"[39,40,41,54]",3,False,True,16
kg_base,0,2,knowledge_agent-s11-f00-GB1-hierarchical-kg_base-f00-20260820T215844671400Z,27,sha256:9ff3018d89e72453dbc47c60c4ec94d3d9ae001ce30d8ae01643e50d73762cba,IHQA,V39I;D40H;G41Q;V54A,4,"[39,40,41,54]",3,False,False,
kg_base,0,2,knowledge_agent-s11-f00-GB1-hierarchical-kg_base-f00-20260820T215844671400Z,28,sha256:d2d594d35403556433317b73abecb4de407a8697160cd2de0d679cfddb2d6a26,LYGM,V39L;D40Y;V54M,3,"[39,40,54]",3,False,False,
kg_base,0,2,knowledge_agent-s11-f00-GB1-hierarchical-kg_base-f00-20260820T215844671400Z,29,sha256:fff607ea9dd6927b4c6ff950296fa4e1c212e2dbc698e2243e4a2dfada7aacee,LHSV,V39L;D40H;G41S,3,"[39,40,41]",2,False,False,
kg_base,0,2,knowledge_agent-s11-f00-GB1-hierarchical-kg_base-f00-20260820T215844671400Z,30,sha256:ff6cbf2619f7f5cfd0b853dba5623e84a87a3f14933812605c926511bcdb21c6,TPGC,V39T;D40P;V54C,3,"[39,40,54]",2,False,True,9
kg_base,0,2,knowledge_agent-s11-f00-GB1-hierarchical-kg_base-f00-20260820T215844671400Z,31,sha256:ff268f17f96ac33bcad51a90b49191f47b3dc0d022827446a7efdecdaf5a247f,ILIC,V39I;D40L;G41I;V54C,4,"[39,40,41,54]",2,False,True,11
kg_base,0,2,knowledge_agent-s11-f00-GB1-hierarchical-kg_base-f00-20260820T215844671400Z,32,sha256:feeec82d01cdb9c614848db18b9ffe8075a086c2b12339d48a043e1927d1644b,HLGC,V39H;D40L;V54C,3,"[39,40,54]",2,False,True,8
kg_base,0,3,knowledge_agent-s11-f00-GB1-hierarchical-kg_base-f00-20260820T215844671400Z,1,sha256:562796b9b00630502689bdd13500208b098fc540e4217516bc4a7bf31a661baf,NYGC,V39N;D40Y;V54C,3,"[39,40,54]",3,False,False,
kg_base,0,3,knowledge_agent-s11-f00-GB1-hierarchical-kg_base-f00-20260820T215844671400Z,2,sha256:43f3905589e7fe2c618043888ff403ba5485640ca8ef2a837fd9070d0b114796,PWGC,V39P;D40W;V54C,3,"[39,40,54]",3,False,True,4
kg_base,0,3,knowledge_agent-s11-f00-GB1-hierarchical-kg_base-f00-20260820T215844671400Z,3,sha256:0b6dc62bbeb00e28b5fc586d799aee37291345f958ee5b8aea9d63a4e6780033,IYGT,V39I;D40Y;V54T,3,"[39,40,54]",3,False,True,12
kg_base,0,3,knowledge_agent-s11-f00-GB1-hierarchical-kg_base-f00-20260820T215844671400Z,4,sha256:e0477ad2c87c6e412daf8d4e26ce1f9e2ea52df35130d4e577ea5c876ae3341a,PFGC,V39P;D40F;V54C,3,"[39,40,54]",3,False,False,
kg_base,0,3,knowledge_agent-s11-f00-GB1-hierarchical-kg_base-f00-20260820T215844671400Z,5,sha256:44239fa9354df25d778d1afca17a2e3a2f6d5769622aaf8c6834fb000bf32727,LHCC,V39L;D40H;G41C;V54C,4,"[39,40,41,54]",3,False,True,8
kg_base,0,3,knowledge_agent-s11-f00-GB1-hierarchical-kg_base-f00-20260820T215844671400Z,6,sha256:7ea9741838808c38e381d941fb53935037dbebaaa9a962606b62beec86af645f,IYHC,V39I;D40Y;G41H;V54C,4,"[39,40,41,54]",3,False,False,
kg_base,0,3,knowledge_agent-s11-f00-GB1-hierarchical-kg_base-f00-20260820T215844671400Z,7,sha256:b2f6d1a8ccc3c297949f3b980bcef864e7cdaae74cce3ec4b0350c941ee86d5c,IWKA,V39I;D40W;G41K;V54A,4,"[39,40,41,54]",3,False,True,5
kg_base,0,3,knowledge_agent-s11-f00-GB1-hierarchical-kg_base-f00-20260820T215844671400Z,8,sha256:a99dd68c2a78a39df23531f52ef6e3d0d0df77c174722a7a56d625640b4c5ce0,LWAA,V39L;D40W;G41A;V54A,4,"[39,40,41,54]",3,False,True,1
kg_base,0,3,knowledge_agent-s11-f00-GB1-hierarchical-kg_base-f00-20260820T215844671400Z,9,sha256:3222ea016158af60bfa806f6e033defed0c2a12f89c02c9ca640507aa0566ebe,LHPA,V39L;D40H;G41P;V54A,4,"[39,40,41,54]",3,False,False,
kg_base,0,3,knowledge_agent-s11-f00-GB1-hierarchical-kg_base-f00-20260820T215844671400Z,10,sha256:6409c8f89f4cfaeee33797bfd83b220f53fad38a4a7256a7a2a64506fabd087e,IFDA,V39I;D40F;G41D;V54A,4,"[39,40,41,54]",3,False,False,
kg_base,0,3,knowledge_agent-s11-f00-GB1-hierarchical-kg_base-f00-20260820T215844671400Z,11,sha256:f4627814a2db6f9d74b85e2df24d46c4b29216ef616f7df30c849f0e7e9589b1,IFTA,V39I;D40F;G41T;V54A,4,"[39,40,41,54]",3,False,False,
kg_base,0,3,knowledge_agent-s11-f00-GB1-hierarchical-kg_base-f00-20260820T215844671400Z,12,sha256:23f9603379d848f55db79ce5d940ffbdadd8a70efc155219f4b5536f7598600f,LHYC,V39L;D40H;G41Y;V54C,4,"[39,40,41,54]",3,False,False,
kg_base,0,3,knowledge_agent-s11-f00-GB1-hierarchical-kg_base-f00-20260820T215844671400Z,13,sha256:558ab5e5355f2498667f9d97e25b05bbf6f5e7d4bb1decdba6fe03515b85303b,IWPA,V39I;D40W;G41P;V54A,4,"[39,40,41,54]",3,False,True,6
kg_base,0,3,knowledge_agent-s11-f00-GB1-hierarchical-kg_base-f00-20260820T215844671400Z,14,sha256:167b9d602662a6c6fa3c5c8c7690e6601db7662907434e15f9c41fd87d75466f,IWYA,V39I;D40W;G41Y;V54A,4,"[39,40,41,54]",3,False,True,14
kg_base,0,3,knowledge_agent-s11-f00-GB1-hierarchical-kg_base-f00-20260820T215844671400Z,15,sha256:d58667eb6c38e83a387834bf687cf3a2cb3a77c2f11219010a18c2e921fde64d,IHKC,V39I;D40H;G41K;V54C,4,"[39,40,41,54]",3,False,False,
kg_base,0,3,knowledge_agent-s11-f00-GB1-hierarchical-kg_base-f00-20260820T215844671400Z,16,sha256:36438722dbee44ec7b4b4d0fda73c6298c2265ee5330b789d4061cbcc997388e,IHGR,V39I;D40H;V54R,3,"[39,40,54]",3,False,False,
kg_base,0,3,knowledge_agent-s11-f00-GB1-hierarchical-kg_base-f00-20260820T215844671400Z,17,sha256:1b1132ef3ece66679243f697d4fd58bb2914fa90d022ea2277a61d1dd6390408,IWPC,V39I;D40W;G41P;V54C,4,"[39,40,41,54]",3,False,True,3
kg_base,0,3,knowledge_agent-s11-f00-GB1-hierarchical-kg_base-f00-20260820T215844671400Z,18,sha256:3f14cb2a594a91b19c15cf9b74aa0773bb9246f92911c7a87f442461f8ab81af,LHGL,V39L;D40H;V54L,3,"[39,40,54]",3,False,False,
kg_base,0,3,knowledge_agent-s11-f00-GB1-hierarchical-kg_base-f00-20260820T215844671400Z,19,sha256:abfe8f0a533f9929003b696a9c1241645e5f868bd876de2ece9365662ccb140c,IFYC,V39I;D40F;G41Y;V54C,4,"[39,40,41,54]",3,False,False,
kg_base,0,3,knowledge_agent-s11-f00-GB1-hierarchical-kg_base-f00-20260820T215844671400Z,20,sha256:4908a440699346f3bc636839c68bc6defe773c3d4189c58f219dd20237d7bee7,ILGC,V39I;D40L;V54C,3,"[39,40,54]",3,False,False,
kg_base,0,3,knowledge_agent-s11-f00-GB1-hierarchical-kg_base-f00-20260820T215844671400Z,21,sha256:1bf8ea045c6e84f153728886d69f231ecc44efe81e1436fae319897d1e781d6a,LHLC,V39L;D40H;G41L;V54C,4,"[39,40,41,54]",3,False,False,
kg_base,0,3,knowledge_agent-s11-f00-GB1-hierarchical-kg_base-f00-20260820T215844671400Z,22,sha256:3d4a4ad48c1127cd89cea4811a14fe3dfddb680bd8a7056e48c8eb31febaa6bd,LYGQ,V39L;D40Y;V54Q,3,"[39,40,54]",3,False,True,7
kg_base,0,3,knowledge_agent-s11-f00-GB1-hierarchical-kg_base-f00-20260820T215844671400Z,23,sha256:361311ddeb1c15af473aa6958a70380667fbbaeb6ce2a6946ae64cc55a2a8fa2,IYCC,V39I;D40Y;G41C;V54C,4,"[39,40,41,54]",3,False,True,11
kg_base,0,3,knowledge_agent-s11-f00-GB1-hierarchical-kg_base-f00-20260820T215844671400Z,24,sha256:234fae72c8e1228f6b0796f15f2bbde6a4690a5b26596e7e81ef6b54cf55ef82,MYGA,V39M;D40Y;V54A,3,"[39,40,54]",3,False,True,13
kg_base,0,3,knowledge_agent-s11-f00-GB1-hierarchical-kg_base-f00-20260820T215844671400Z,25,sha256:5ed518276a355670a7b264c2a37c035f0335b1c133388a389d9a51439b7a773b,FWGC,V39F;D40W;V54C,3,"[39,40,54]",3,False,True,2
kg_base,0,3,knowledge_agent-s11-f00-GB1-hierarchical-kg_base-f00-20260820T215844671400Z,26,sha256:7cbfbe8ca00f017ba37d18b3ab35114357d007f82208ac3313cf32b568d34402,IHLA,V39I;D40H;G41L;V54A,4,"[39,40,41,54]",3,False,False,
kg_base,0,3,knowledge_agent-s11-f00-GB1-hierarchical-kg_base-f00-20260820T215844671400Z,27,sha256:a955926120d26e502001ebbd842035c119b47894b9a4ea4bfdfc43ddc616cceb,LHKA,V39L;D40H;G41K;V54A,4,"[39,40,41,54]",3,False,False,
kg_base,0,3,knowledge_agent-s11-f00-GB1-hierarchical-kg_base-f00-20260820T215844671400Z,28,sha256:b4e2093dc6d1bad48bf8e42867277c7b050a9d21544d0bd9cf0cb1b56823400f,IFMC,V39I;D40F;G41M;V54C,4,"[39,40,41,54]",3,False,False,
kg_base,0,3,knowledge_agent-s11-f00-GB1-hierarchical-kg_base-f00-20260820T215844671400Z,29,sha256:fff607ea9dd6927b4c6ff950296fa4e1c212e2dbc698e2243e4a2dfada7aacee,LHSV,V39L;D40H;G41S,3,"[39,40,41]",2,False,True,10
kg_base,0,3,knowledge_agent-s11-f00-GB1-hierarchical-kg_base-f00-20260820T215844671400Z,30,sha256:ffc0d5ba000054ae905d45867dcf4f764b94f8952af7bff4ee21d145f30a7868,SWPA,V39S;D40W;G41P;V54A,4,"[39,40,41,54]",2,False,True,9
kg_base,0,3,knowledge_agent-s11-f00-GB1-hierarchical-kg_base-f00-20260820T215844671400Z,31,sha256:ff9dd4e16dc61713b8716b3cc8fabea5978524efe4cadcd8f950420373ad4ed6,LYIH,V39L;D40Y;G41I;V54H,4,"[39,40,41,54]",2,False,True,16
kg_base,0,3,knowledge_agent-s11-f00-GB1-hierarchical-kg_base-f00-20260820T215844671400Z,32,sha256:ff37fdbf5069fd29fe3896c7cf8b226257e32b514b490b89ab7abae1b40890f7,IFDQ,V39I;D40F;G41D;V54Q,4,"[39,40,41,54]",2,False,True,15
kg_base,1,1,knowledge_agent-s11-f01-GB1-hierarchical-kg_base-f01-20260820T220557763461Z,1,sha256:307461a373aba288eae2e692ff51a5cdcd8f0cc721d0b3cdaa367bbee3bd9852,MAGC,V39M;D40A;V54C,3,"[39,40,54]",4,True,False,
kg_base,1,1,knowledge_agent-s11-f01-GB1-hierarchical-kg_base-f01-20260820T220557763461Z,2,sha256:e0516f662de2309be8567e123afaf198b79c6b8394e54810de198803d97926b9,MWGC,V39M;D40W;V54C,3,"[39,40,54]",4,True,True,15
kg_base,1,1,knowledge_agent-s11-f01-GB1-hierarchical-kg_base-f01-20260820T220557763461Z,3,sha256:6163e69087b0262025a4795b907548d84c094d7c214ae0cdd177c7d056efadc8,LIGC,V39L;D40I;V54C,3,"[39,40,54]",4,True,False,
kg_base,1,1,knowledge_agent-s11-f01-GB1-hierarchical-kg_base-f01-20260820T220557763461Z,4,sha256:6f8721d4e6354c82389a55d5622c66c0af2e220b627e5a2befb5318c2406bb87,LAGC,V39L;D40A;V54C,3,"[39,40,54]",4,True,False,
kg_base,1,1,knowledge_agent-s11-f01-GB1-hierarchical-kg_base-f01-20260820T220557763461Z,5,sha256:c6f7241c5baf429461d4155ada401c1e6713aba10862f39416bf438c68893b1e,LHGA,V39L;D40H;V54A,3,"[39,40,54]",4,True,True,13
kg_base,1,1,knowledge_agent-s11-f01-GB1-hierarchical-kg_base-f01-20260820T220557763461Z,6,sha256:4689bff2e5c4ea794349cec7c41643840d874d43bb602bb8949742c5d373c65f,MHGC,V39M;D40H;V54C,3,"[39,40,54]",4,True,False,
kg_base,1,1,knowledge_agent-s11-f01-GB1-hierarchical-kg_base-f01-20260820T220557763461Z,7,sha256:3a7adba769d374f88cba01eb4686cb18884a40cfb15f1b9189d5b5e582f22637,LWGC,V39L;D40W;V54C,3,"[39,40,54]",4,True,True,14
kg_base,1,1,knowledge_agent-s11-f01-GB1-hierarchical-kg_base-f01-20260820T220557763461Z,8,sha256:2586a33b8e4f0455b11f05a7aa324fea114d5ba5a3f74c65b4e92d55dc532959,MYGC,V39M;D40Y;V54C,3,"[39,40,54]",4,True,True,11
kg_base,1,1,knowledge_agent-s11-f01-GB1-hierarchical-kg_base-f01-20260820T220557763461Z,9,sha256:0ac662fa9c06a9251db82cd07b84ee87ef1be17dfaec85ce3f0e9481f52425d0,INGA,V39I;D40N;V54A,3,"[39,40,54]",4,True,True,7
kg_base,1,1,knowledge_agent-s11-f01-GB1-hierarchical-kg_base-f01-20260820T220557763461Z,10,sha256:62c43a0066426f20595f95f1c3dff95db89208067051af079267668478f29a1c,INGC,V39I;D40N;V54C,3,"[39,40,54]",4,True,False,
kg_base,1,1,knowledge_agent-s11-f01-GB1-hierarchical-kg_base-f01-20260820T220557763461Z,11,sha256:89aa1f69fc838be5d6509323dbf709dfb447f5c27a08c7f09bc0332706d035dc,MVGC,V39M;D40V;V54C,3,"[39,40,54]",4,True,False,
kg_base,1,1,knowledge_agent-s11-f01-GB1-hierarchical-kg_base-f01-20260820T220557763461Z,12,sha256:234fae72c8e1228f6b0796f15f2bbde6a4690a5b26596e7e81ef6b54cf55ef82,MYGA,V39M;D40Y;V54A,3,"[39,40,54]",4,True,True,4
kg_base,1,1,knowledge_agent-s11-f01-GB1-hierarchical-kg_base-f01-20260820T220557763461Z,13,sha256:04e5002382df677e21429b11103944cfab2115e58f22d0264def41cfd8372ddf,IIGA,V39I;D40I;V54A,3,"[39,40,54]",4,True,True,8
kg_base,1,1,knowledge_agent-s11-f01-GB1-hierarchical-kg_base-f01-20260820T220557763461Z,14,sha256:6426d92a5e51c3ecccddd0f5343ffaead003713e620db4591cc01d0c82cc0796,LYGC,V39L;D40Y;V54C,3,"[39,40,54]",4,True,True,5
kg_base,1,1,knowledge_agent-s11-f01-GB1-hierarchical-kg_base-f01-20260820T220557763461Z,15,sha256:e06971acc654cd6cef7b7fcc9c3e31020579ef7de2d111b0811091b0936549e5,MIGA,V39M;D40I;V54A,3,"[39,40,54]",4,True,False,
kg_base,1,1,knowledge_agent-s11-f01-GB1-hierarchical-kg_base-f01-20260820T220557763461Z,16,sha256:8cb6b7ff31c0b2b46054d659d140cd4b027c8c761b86aaada4e19478d97a77d0,LFGA,V39L;D40F;V54A,3,"[39,40,54]",4,True,True,12
kg_base,1,1,knowledge_agent-s11-f01-GB1-hierarchical-kg_base-f01-20260820T220557763461Z,17,sha256:d7c27c41cdb6d7f881201a1a061499fcb8342a7e44ef11046ab1bcc4cff924bd,LVGC,V39L;D40V;V54C,3,"[39,40,54]",4,True,False,
kg_base,1,1,knowledge_agent-s11-f01-GB1-hierarchical-kg_base-f01-20260820T220557763461Z,18,sha256:8dfd510cc5d833fdae80ec4190fa236a9a06f4dd1b5b6ae5585230b15db28328,IAGA,V39I;D40A;V54A,3,"[39,40,54]",4,True,True,2
kg_base,1,1,knowledge_agent-s11-f01-GB1-hierarchical-kg_base-f01-20260820T220557763461Z,19,sha256:0a3d5c21147c969ca8592e4becd1bff3d3b08f0c755b56266b973a55e60ef393,LNGA,V39L;D40N;V54A,3,"[39,40,54]",4,True,False,
kg_base,1,1,knowledge_agent-s11-f01-GB1-hierarchical-kg_base-f01-20260820T220557763461Z,20,sha256:cad29236742d162b31dab9d4587a36b7578ea8c4a2ed7c7ce6832b41dd8696a0,IYGC,V39I;D40Y;V54C,3,"[39,40,54]",4,True,True,6
kg_base,1,1,knowledge_agent-s11-f01-GB1-hierarchical-kg_base-f01-20260820T220557763461Z,21,sha256:e3ab284a409b588750aac3bece55e16de6918837884ce6237673f048298102e6,MIGC,V39M;D40I;V54C,3,"[39,40,54]",4,True,False,
kg_base,1,1,knowledge_agent-s11-f01-GB1-hierarchical-kg_base-f01-20260820T220557763461Z,22,sha256:1341a97d7217e64b2fc2aa592a9f0ef2de2578d49262200771967d460d350384,IAGC,V39I;D40A;V54C,3,"[39,40,54]",4,True,True,16
kg_base,1,1,knowledge_agent-s11-f01-GB1-hierarchical-kg_base-f01-20260820T220557763461Z,23,sha256:146f994851540dcf3fe10fcaf46e6423e3756b7291483e7288dfdd7a7e393fad,IYGA,V39I;D40Y;V54A,3,"[39,40,54]",4,True,True,1
kg_base,1,1,knowledge_agent-s11-f01-GB1-hierarchical-kg_base-f01-20260820T220557763461Z,24,sha256:59488ea569020138b2105a7948facde06b39833e578a866d9199651106250e45,IVGC,V39I;D40V;V54C,3,"[39,40,54]",4,True,False,
kg_base,1,1,knowledge_agent-s11-f01-GB1-hierarchical-kg_base-f01-20260820T220557763461Z,25,sha256:e8a0a97e61041b6705f119ba5a440c5c280f4f00f167f938934e791b4e602e56,LVGA,V39L;D40V;V54A,3,"[39,40,54]",4,True,False,
kg_base,1,1,knowledge_agent-s11-f01-GB1-hierarchical-kg_base-f01-20260820T220557763461Z,26,sha256:22a7cd8d7b4178f7f9703976d32303e1a1d46b6b7fc3184ae1a72f783a4b9b39,IHGC,V39I;D40H;V54C,3,"[39,40,54]",4,True,False,
kg_base,1,1,knowledge_agent-s11-f01-GB1-hierarchical-kg_base-f01-20260820T220557763461Z,27,sha256:c004108080543f240c5cde5d7aab4cf985d8e8daf2178d547dd5d31573e78c0c,LWGA,V39L;D40W;V54A,3,"[39,40,54]",4,True,True,3
kg_base,1,1,knowledge_agent-s11-f01-GB1-hierarchical-kg_base-f01-20260820T220557763461Z,28,sha256:8e657d0fd47cdf40288b579d2c122e8346ae90787d76e537355e4caa3e6a6fd9,MFGC,V39M;D40F;V54C,3,"[39,40,54]",4,True,False,
kg_base,1,1,knowledge_agent-s11-f01-GB1-hierarchical-kg_base-f01-20260820T220557763461Z,29,sha256:ffe88b36d5c1c6f272173d73871b6635e025145b3bfc6a6677d53f34b1a472df,GGGC,V39G;D40G;V54C,3,"[39,40,54]",2,False,True,9
kg_base,1,1,knowledge_agent-s11-f01-GB1-hierarchical-kg_base-f01-20260820T220557763461Z,30,sha256:ffd0b779798cfab44054c754b3241cef064cd2c86a026c342c950a5a3dca6ba0,LWFV,V39L;D40W;G41F,3,"[39,40,41]",2,False,True,10
kg_base,1,1,knowledge_agent-s11-f01-GB1-hierarchical-kg_base-f01-20260820T220557763461Z,31,sha256:ffd0640c87dfcda7fd02d5f67629c0913edac1a999ce4c3f6902286e360361c1,LNLV,V39L;D40N;G41L,3,"[39,40,41]",2,False,False,
kg_base,1,1,knowledge_agent-s11-f01-GB1-hierarchical-kg_base-f01-20260820T220557763461Z,32,sha256:ffba39f4c9c3f5db3dece4b6abc7de2411392e2b9fb73de2b101dff2f9145ccc,QFGM,V39Q;D40F;V54M,3,"[39,40,54]",2,False,False,
kg_base,1,2,knowledge_agent-s11-f01-GB1-hierarchical-kg_base-f01-20260820T220557763461Z,1,sha256:d50b7e55910b0a89b394d501d08d9e767efa644790aac1f72b5026f79c9dfc78,MWGV,V39M;D40W,2,"[39,40]",4,True,True,6
kg_base,1,2,knowledge_agent-s11-f01-GB1-hierarchical-kg_base-f01-20260820T220557763461Z,2,sha256:f76dde0b09a70424006fc41e57e7585914152be6586fbe95e7f63f7dde771b00,LWGV,V39L;D40W,2,"[39,40]",4,True,True,7
kg_base,1,2,knowledge_agent-s11-f01-GB1-hierarchical-kg_base-f01-20260820T220557763461Z,3,sha256:58db15f5f6e207865de082faa5d9241d2d78b00a2dc808b9d0b85fb6271e1861,VWGA,D40W;V54A,2,"[40,54]",4,True,True,8
kg_base,1,2,knowledge_agent-s11-f01-GB1-hierarchical-kg_base-f01-20260820T220557763461Z,4,sha256:3fa07c46e7d0259ba56a74c1533d1f8bf13e298dd9bced0e748419291bc4eed0,IFGV,V39I;D40F,2,"[39,40]",4,True,False,
kg_base,1,2,knowledge_agent-s11-f01-GB1-hierarchical-kg_base-f01-20260820T220557763461Z,5,sha256:4dc134999aaac11cca9963ee105d20891ff7c3e4b12fa27ab24960f98683406e,CHGC,V39C;D40H;V54C,3,"[39,40,54]",4,True,True,5
kg_base,1,2,knowledge_agent-s11-f01-GB1-hierarchical-kg_base-f01-20260820T220557763461Z,6,sha256:335a9f68d105e1b2c741b6ced91d700d8ae50342735fa341a98379ae87245479,IWGV,V39I;D40W,2,"[39,40]",4,True,True,1
kg_base,1,2,knowledge_agent-s11-f01-GB1-hierarchical-kg_base-f01-20260820T220557763461Z,7,sha256:788697cdf7a733a185433fc9deb43541d4f9750da333ceeaa00dece46ce2182c,CHGA,V39C;D40H;V54A,3,"[39,40,54]",4,True,False,
kg_base,1,2,knowledge_agent-s11-f01-GB1-hierarchical-kg_base-f01-20260820T220557763461Z,8,sha256:dd63966b253acc832fc7f9c13bb134d06080e91bbab94c62bd2d80ffadf70bde,CYGC,V39C;D40Y;V54C,3,"[39,40,54]",4,True,True,3
kg_base,1,2,knowledge_agent-s11-f01-GB1-hierarchical-kg_base-f01-20260820T220557763461Z,9,sha256:d05664b827f5087265ff8d7edbd02000546e8538f72270fc9585a4974800db7d,CWGC,V39C;D40W;V54C,3,"[39,40,54]",4,True,False,
kg_base,1,2,knowledge_agent-s11-f01-GB1-hierarchical-kg_base-f01-20260820T220557763461Z,10,sha256:675833a4680f9493d436732befe433d271af4af210a0374668e56d15e8823200,MHGV,V39M;D40H,2,"[39,40]",4,True,False,
kg_base,1,2,knowledge_agent-s11-f01-GB1-hierarchical-kg_base-f01-20260820T220557763461Z,11,sha256:6d8e0cdef006c0c23a734adb9e7c45f89b3af32d1ca32da46584df83134c67f0,IHGV,V39I;D40H,2,"[39,40]",4,True,False,
kg_base,1,2,knowledge_agent-s11-f01-GB1-hierarchical-kg_base-f01-20260820T220557763461Z,12,sha256:f8ee04236ace863a6c1cf3e75d51c85514b655dd0f5db101c63a33f4488a70f1,IYGV,V39I;D40Y,2,"[39,40]",4,True,True,13
kg_base,1,2,knowledge_agent-s11-f01-GB1-hierarchical-kg_base-f01-20260820T220557763461Z,13,sha256:8287e39d0cef852c01bf15c9447ec202121712f870911d9d5b16cd8d917834bc,IFGC,V39I;D40F;V54C,3,"[39,40,54]",4,True,True,4
kg_base,1,2,knowledge_agent-s11-f01-GB1-hierarchical-kg_base-f01-20260820T220557763461Z,14,sha256:7a80cd1cbe614fad028abe3adc42c62d7a051465459091413f5e6da653e9f6b6,MFGA,V39M;D40F;V54A,3,"[39,40,54]",4,True,False,
kg_base,1,2,knowledge_agent-s11-f01-GB1-hierarchical-kg_base-f01-20260820T220557763461Z,15,sha256:f1273a6eea037de3f26ca61247407617ca9068f09217dc03497dbc042d26c3b7,CHGV,V39C;D40H,2,"[39,40]",4,True,False,
kg_base,1,2,knowledge_agent-s11-f01-GB1-hierarchical-kg_base-f01-20260820T220557763461Z,16,sha256:7426224e5b72b3ed239efd30dc5baf8a27836c30c4ff0cb5ed7893eb0a866b00,LHGC,V39L;D40H;V54C,3,"[39,40,54]",4,True,False,
kg_base,1,2,knowledge_agent-s11-f01-GB1-hierarchical-kg_base-f01-20260820T220557763461Z,17,sha256:915b881aa31bfe7ff503bb05e5df8400a43f987aa10d7e4d9451afc5c689b47a,LHGV,V39L;D40H,2,"[39,40]",4,True,False,
kg_base,1,2,knowledge_agent-s11-f01-GB1-hierarchical-kg_base-f01-20260820T220557763461Z,18,sha256:076b4b3416b01a0e84275c5cf27de37691b5179fe54adffecbad2c79f2a7f9ee,VWGC,D40W;V54C,2,"[40,54]",4,True,False,
kg_base,1,2,knowledge_agent-s11-f01-GB1-hierarchical-kg_base-f01-20260820T220557763461Z,19,sha256:9118a42e0189eb5c2e6387cd11974e91add4b2cbdf22c180fb6fccea22475fc2,CFGV,V39C;D40F,2,"[39,40]",4,True,False,
kg_base,1,2,knowledge_agent-s11-f01-GB1-hierarchical-kg_base-f01-20260820T220557763461Z,20,sha256:d49a8559c59eb0823bd1742beb73d24c31314a897e5197cf6f9823dae6d39341,VFGC,D40F;V54C,2,"[40,54]",4,True,False,
kg_base,1,2,knowledge_agent-s11-f01-GB1-hierarchical-kg_base-f01-20260820T220557763461Z,21,sha256:8adcc9749599afd1dcad3ef9086feca9afaac8e0654ab85131de9e30f5b67919,LYGV,V39L;D40Y,2,"[39,40]",4,True,True,11
kg_base,1,2,knowledge_agent-s11-f01-GB1-hierarchical-kg_base-f01-20260820T220557763461Z,22,sha256:8fc0755de9cdab91faf47b2acd1f7b0e95c20c28539871fa6f56ac8e6299a167,CFGA,V39C;D40F;V54A,3,"[39,40,54]",4,True,False,
kg_base,1,2,knowledge_agent-s11-f01-GB1-hierarchical-kg_base-f01-20260820T220557763461Z,23,sha256:dcead220149f37a6ceb9985d828ea8198dcbb884c3996a40a4190ae25d8421c1,VHGA,D40H;V54A,2,"[40,54]",4,True,False,
kg_base,1,2,knowledge_agent-s11-f01-GB1-hierarchical-kg_base-f01-20260820T220557763461Z,24,sha256:20195b5b78c30e852e2060f39f94012e49a3bff99fb5d7110689058ff28e15f2,VYGC,D40Y;V54C,2,"[40,54]",4,True,True,12
kg_base,1,2,knowledge_agent-s11-f01-GB1-hierarchical-kg_base-f01-20260820T220557763461Z,25,sha256:9e6bbd4f6124c6f03b94ef7116ed62eb83b01136ff4517648fb376946f7cccca,CWGV,V39C;D40W,2,"[39,40]",4,True,True,14
kg_base,1,2,knowledge_agent-s11-f01-GB1-hierarchical-kg_base-f01-20260820T220557763461Z,26,sha256:427e4211b9b2014e5a3646c1577ef9c56327b0527bc516f4bc16e9a10c49fe72,VFGA,D40F;V54A,2,"[40,54]",4,True,False,
kg_base,1,2,knowledge_agent-s11-f01-GB1-hierarchical-kg_base-f01-20260820T220557763461Z,27,sha256:44a636657855b95504090d15d1c1c314fc037458aedfdad6d298ed4dfeabf3e9,CWGA,V39C;D40W;V54A,3,"[39,40,54]",4,True,False,
kg_base,1,2,knowledge_agent-s11-f01-GB1-hierarchical-kg_base-f01-20260820T220557763461Z,28,sha256:22a7cd8d7b4178f7f9703976d32303e1a1d46b6b7fc3184ae1a72f783a4b9b39,IHGC,V39I;D40H;V54C,3,"[39,40,54]",4,True,True,2
kg_base,1,2,knowledge_agent-s11-f01-GB1-hierarchical-kg_base-f01-20260820T220557763461Z,29,sha256:ffe027299d2d1590e98494180041a3cc7ea6ea347ab50808b91a35dd041fd8b9,VHYT,D40H;G41Y;V54T,3,"[40,41,54]",2,False,True,10
kg_base,1,2,knowledge_agent-s11-f01-GB1-hierarchical-kg_base-f01-20260820T220557763461Z,30,sha256:ffd38c1c8b2533acf8cd3a56d13bf9eee1542235fd6142e1732a9c65147887e6,CPDV,V39C;D40P;G41D,3,"[39,40,41]",2,False,True,16
kg_base,1,2,knowledge_agent-s11-f01-GB1-hierarchical-kg_base-f01-20260820T220557763461Z,31,sha256:ffd0640c87dfcda7fd02d5f67629c0913edac1a999ce4c3f6902286e360361c1,LNLV,V39L;D40N;G41L,3,"[39,40,41]",2,False,True,9
kg_base,1,2,knowledge_agent-s11-f01-GB1-hierarchical-kg_base-f01-20260820T220557763461Z,32,sha256:ffc40d197ec8f5fcee86570cfa4a5c89f8245f984f649a1403a28e4c1e57785b,CNAV,V39C;D40N;G41A,3,"[39,40,41]",2,False,True,15
kg_base,1,3,knowledge_agent-s11-f01-GB1-hierarchical-kg_base-f01-20260820T220557763461Z,1,sha256:84edffd46cf58545dc887d21540771c0ef3b7db438daa8c07f982f06c3d41b58,IWGA,V39I;D40W;V54A,3,"[39,40,54]",4,True,True,5
kg_base,1,3,knowledge_agent-s11-f01-GB1-hierarchical-kg_base-f01-20260820T220557763461Z,2,sha256:45302fd2336c6f0c849be772b66c0a97eda8cb186cc1ecd62d3bdb256da12568,IWGC,V39I;D40W;V54C,3,"[39,40,54]",4,True,True,1
kg_base,1,3,knowledge_agent-s11-f01-GB1-hierarchical-kg_base-f01-20260820T220557763461Z,3,sha256:8e657d0fd47cdf40288b579d2c122e8346ae90787d76e537355e4caa3e6a6fd9,MFGC,V39M;D40F;V54C,3,"[39,40,54]",4,True,True,6
kg_base,1,3,knowledge_agent-s11-f01-GB1-hierarchical-kg_base-f01-20260820T220557763461Z,4,sha256:7426224e5b72b3ed239efd30dc5baf8a27836c30c4ff0cb5ed7893eb0a866b00,LHGC,V39L;D40H;V54C,3,"[39,40,54]",4,True,True,4
kg_base,1,3,knowledge_agent-s11-f01-GB1-hierarchical-kg_base-f01-20260820T220557763461Z,5,sha256:7a80cd1cbe614fad028abe3adc42c62d7a051465459091413f5e6da653e9f6b6,MFGA,V39M;D40F;V54A,3,"[39,40,54]",4,True,True,3
kg_base,1,3,knowledge_agent-s11-f01-GB1-hierarchical-kg_base-f01-20260820T220557763461Z,6,sha256:4689bff2e5c4ea794349cec7c41643840d874d43bb602bb8949742c5d373c65f,MHGC,V39M;D40H;V54C,3,"[39,40,54]",4,True,False,
kg_base,1,3,knowledge_agent-s11-f01-GB1-hierarchical-kg_base-f01-20260820T220557763461Z,7,sha256:4a1b5335343bd946afdb539b6ef3a721219f8a7cf39b5222b2ff7bde7359fbf1,MWDA,V39M;D40W;G41D;V54A,4,"[39,40,41,54]",3,False,False,
kg_base,1,3,knowledge_agent-s11-f01-GB1-hierarchical-kg_base-f01-20260820T220557763461Z,8,sha256:1d78cfa888c9b1b694934bb500d83764d9f6899f0d1c8119f6728d16fac47511,IWHA,V39I;D40W;G41H;V54A,4,"[39,40,41,54]",3,False,False,
kg_base,1,3,knowledge_agent-s11-f01-GB1-hierarchical-kg_base-f01-20260820T220557763461Z,9,sha256:32a87a3875d350c59fd04378515e800b614b43704d3b6118cc768ea10d84bc51,MFYA,V39M;D40F;G41Y;V54A,4,"[39,40,41,54]",3,False,False,
kg_base,1,3,knowledge_agent-s11-f01-GB1-hierarchical-kg_base-f01-20260820T220557763461Z,10,sha256:7d30111adafda764d6fddbf458a6f9bdfff433278dd54255648f23cb06923764,MWHA,V39M;D40W;G41H;V54A,4,"[39,40,41,54]",3,False,False,
kg_base,1,3,knowledge_agent-s11-f01-GB1-hierarchical-kg_base-f01-20260820T220557763461Z,11,sha256:918529445a596903cc5689b8fbda10df99bc665d6f3f9564d19744d2215c1d99,LWTA,V39L;D40W;G41T;V54A,4,"[39,40,41,54]",3,False,True,12
kg_base,1,3,knowledge_agent-s11-f01-GB1-hierarchical-kg_base-f01-20260820T220557763461Z,12,sha256:0f31af4d3c4b6a3dd2551ef2628f5eb05d053ebd7395ec6f1dab05e111639c1b,MYGS,V39M;D40Y;V54S,3,"[39,40,54]",3,False,True,7
kg_base,1,3,knowledge_agent-s11-f01-GB1-hierarchical-kg_base-f01-20260820T220557763461Z,13,sha256:578334d4d66157df5a2d3c325ef9dfbb2a0055a78dee46a2be09aac03cb1788e,LHAC,V39L;D40H;G41A;V54C,4,"[39,40,41,54]",3,False,False,
kg_base,1,3,knowledge_agent-s11-f01-GB1-hierarchical-kg_base-f01-20260820T220557763461Z,14,sha256:191bd88d28cf4a094f9b5ea24eefddaf1940b321b8deb1d5fff87a6dbb841971,WWGC,V39W;D40W;V54C,3,"[39,40,54]",3,False,False,
kg_base,1,3,knowledge_agent-s11-f01-GB1-hierarchical-kg_base-f01-20260820T220557763461Z,15,sha256:0461235df0122fbabf92b8ddb5cc01d62676e4b7856449c46b7208415ef26754,IWRA,V39I;D40W;G41R;V54A,4,"[39,40,41,54]",3,False,True,13
kg_base,1,3,knowledge_agent-s11-f01-GB1-hierarchical-kg_base-f01-20260820T220557763461Z,16,sha256:53e4d1d1a55e1fbeb4ce40372342b197f7ac2d746dc3c7fb419f10d548b23fe0,SWGA,V39S;D40W;V54A,3,"[39,40,54]",3,False,False,
kg_base,1,3,knowledge_agent-s11-f01-GB1-hierarchical-kg_base-f01-20260820T220557763461Z,17,sha256:3cff1ab1b454d306870f5191f9e7037202ea456da1872ba6b7ed0583765a0219,IYSA,V39I;D40Y;G41S;V54A,4,"[39,40,41,54]",3,False,True,2
kg_base,1,3,knowledge_agent-s11-f01-GB1-hierarchical-kg_base-f01-20260820T220557763461Z,18,sha256:6ad4c076017f04a021cca671ff6bd503c6b00ac777d26011cfb1356819af4f0a,MFTA,V39M;D40F;G41T;V54A,4,"[39,40,41,54]",3,False,True,16
kg_base,1,3,knowledge_agent-s11-f01-GB1-hierarchical-kg_base-f01-20260820T220557763461Z,19,sha256:75ce9e5da8d030b175c69b4920106c46d2fce77c7df92e88d1b5b3214fa68fd8,MFNA,V39M;D40F;G41N;V54A,4,"[39,40,41,54]",3,False,True,15
kg_base,1,3,knowledge_agent-s11-f01-GB1-hierarchical-kg_base-f01-20260820T220557763461Z,20,sha256:b4e2093dc6d1bad48bf8e42867277c7b050a9d21544d0bd9cf0cb1b56823400f,IFMC,V39I;D40F;G41M;V54C,4,"[39,40,41,54]",3,False,False,
kg_base,1,3,knowledge_agent-s11-f01-GB1-hierarchical-kg_base-f01-20260820T220557763461Z,21,sha256:141ea3eae7dc8bca6baeee95f63cd97f1e789d6148b6cf433789bc80894f2fa7,MHKA,V39M;D40H;G41K;V54A,4,"[39,40,41,54]",3,False,True,14
kg_base,1,3,knowledge_agent-s11-f01-GB1-hierarchical-kg_base-f01-20260820T220557763461Z,22,sha256:e4f8255b6156f0a398a35c73c84fe19e8182cc2214c20df2a88724195f2270a1,IHKA,V39I;D40H;G41K;V54A,4,"[39,40,41,54]",3,False,False,
kg_base,1,3,knowledge_agent-s11-f01-GB1-hierarchical-kg_base-f01-20260820T220557763461Z,23,sha256:58736985c0cb25258834ac507a9a030d2315b8c18d67fd626c4796d7f3ff7962,MHLC,V39M;D40H;G41L;V54C,4,"[39,40,41,54]",3,False,False,
kg_base,1,3,knowledge_agent-s11-f01-GB1-hierarchical-kg_base-f01-20260820T220557763461Z,24,sha256:2ee72cbaf98d2ad879026bd44d8d2cdafa6e182e7ca75d811e2a8fb1f3cdb11d,IFWC,V39I;D40F;G41W;V54C,4,"[39,40,41,54]",3,False,True,11
kg_base,1,3,knowledge_agent-s11-f01-GB1-hierarchical-kg_base-f01-20260820T220557763461Z,25,sha256:d4e1ff5027d7a78c138b4687838387325b5eea2ec653badb62d4bb14dc49ee7a,MYGG,V39M;D40Y;V54G,3,"[39,40,54]",3,False,True,8
kg_base,1,3,knowledge_agent-s11-f01-GB1-hierarchical-kg_base-f01-20260820T220557763461Z,26,sha256:d4fab61c5cfff247a9cfeb9d6861e5aed22c315ba650863f38c8d87ef951b1f7,LWQA,V39L;D40W;G41Q;V54A,4,"[39,40,41,54]",3,False,False,
kg_base,1,3,knowledge_agent-s11-f01-GB1-hierarchical-kg_base-f01-20260820T220557763461Z,27,sha256:9dec2dc110ef9944779d15c195ddfcb7deee08ef9f7cd8fc2e07c517a8165107,IHPC,V39I;D40H;G41P;V54C,4,"[39,40,41,54]",3,False,False,
kg_base,1,3,knowledge_agent-s11-f01-GB1-hierarchical-kg_base-f01-20260820T220557763461Z,28,sha256:37ce99748bc3e933299c3ab428a5af03c6da1234a496a59964b65714e7f2f889,IFYA,V39I;D40F;G41Y;V54A,4,"[39,40,41,54]",3,False,False,
kg_base,1,3,knowledge_agent-s11-f01-GB1-hierarchical-kg_base-f01-20260820T220557763461Z,29,sha256:ffe85fa09f79a3dc062fdb8e0723b46cd574a4b6cf121bd30d50a9dfd3e9c5e7,IYDL,V39I;D40Y;G41D;V54L,4,"[39,40,41,54]",2,False,True,10
kg_base,1,3,knowledge_agent-s11-f01-GB1-hierarchical-kg_base-f01-20260820T220557763461Z,30,sha256:ff74bc20d81d45d43ece3e1d637c68cff690b18af12a4b121fed4d2cecb9ef61,HYGS,V39H;D40Y;V54S,3,"[39,40,54]",2,False,True,9
kg_base,1,3,knowledge_agent-s11-f01-GB1-hierarchical-kg_base-f01-20260820T220557763461Z,31,sha256:ff28283ebbac12d2f47f1877fa747137928b185365b86719dd61ca0b5fa7de5f,MLGD,V39M;D40L;V54D,3,"[39,40,54]",2,False,False,
kg_base,1,3,knowledge_agent-s11-f01-GB1-hierarchical-kg_base-f01-20260820T220557763461Z,32,sha256:feeec82d01cdb9c614848db18b9ffe8075a086c2b12339d48a043e1927d1644b,HLGC,V39H;D40L;V54C,3,"[39,40,54]",2,False,False,
kg_base,2,1,knowledge_agent-s11-f02-GB1-hierarchical-kg_base-f02-20260820T222047896228Z,1,sha256:99527d4c0968c0e8e932b939fe6e1c9a52f5bd2e408da081d403cf6bbf0f1bef,LFGC,V39L;D40F;V54C,3,"[39,40,54]",4,True,False,
kg_base,2,1,knowledge_agent-s11-f02-GB1-hierarchical-kg_base-f02-20260820T222047896228Z,2,sha256:d05664b827f5087265ff8d7edbd02000546e8538f72270fc9585a4974800db7d,CWGC,V39C;D40W;V54C,3,"[39,40,54]",4,True,False,
kg_base,2,1,knowledge_agent-s11-f02-GB1-hierarchical-kg_base-f02-20260820T222047896228Z,3,sha256:3a7adba769d374f88cba01eb4686cb18884a40cfb15f1b9189d5b5e582f22637,LWGC,V39L;D40W;V54C,3,"[39,40,54]",4,True,False,
kg_base,2,1,knowledge_agent-s11-f02-GB1-hierarchical-kg_base-f02-20260820T222047896228Z,4,sha256:84edffd46cf58545dc887d21540771c0ef3b7db438daa8c07f982f06c3d41b58,IWGA,V39I;D40W;V54A,3,"[39,40,54]",4,True,True,5
kg_base,2,1,knowledge_agent-s11-f02-GB1-hierarchical-kg_base-f02-20260820T222047896228Z,5,sha256:3fa07c46e7d0259ba56a74c1533d1f8bf13e298dd9bced0e748419291bc4eed0,IFGV,V39I;D40F,2,"[39,40]",4,True,False,
kg_base,2,1,knowledge_agent-s11-f02-GB1-hierarchical-kg_base-f02-20260820T222047896228Z,6,sha256:f8ee04236ace863a6c1cf3e75d51c85514b655dd0f5db101c63a33f4488a70f1,IYGV,V39I;D40Y,2,"[39,40]",4,True,True,11
kg_base,2,1,knowledge_agent-s11-f02-GB1-hierarchical-kg_base-f02-20260820T222047896228Z,7,sha256:9e6bbd4f6124c6f03b94ef7116ed62eb83b01136ff4517648fb376946f7cccca,CWGV,V39C;D40W,2,"[39,40]",4,True,True,1
kg_base,2,1,knowledge_agent-s11-f02-GB1-hierarchical-kg_base-f02-20260820T222047896228Z,8,sha256:6426d92a5e51c3ecccddd0f5343ffaead003713e620db4591cc01d0c82cc0796,LYGC,V39L;D40Y;V54C,3,"[39,40,54]",4,True,False,
kg_base,2,1,knowledge_agent-s11-f02-GB1-hierarchical-kg_base-f02-20260820T222047896228Z,9,sha256:8cb6b7ff31c0b2b46054d659d140cd4b027c8c761b86aaada4e19478d97a77d0,LFGA,V39L;D40F;V54A,3,"[39,40,54]",4,True,False,
kg_base,2,1,knowledge_agent-s11-f02-GB1-hierarchical-kg_base-f02-20260820T222047896228Z,10,sha256:8adcc9749599afd1dcad3ef9086feca9afaac8e0654ab85131de9e30f5b67919,LYGV,V39L;D40Y,2,"[39,40]",4,True,True,12
kg_base,2,1,knowledge_agent-s11-f02-GB1-hierarchical-kg_base-f02-20260820T222047896228Z,11,sha256:ec5ad5d2f7e6d270f12f94668c7314840a00bf7e54f3c2b66f55b5bead4c6f06,CFGC,V39C;D40F;V54C,3,"[39,40,54]",4,True,False,
kg_base,2,1,knowledge_agent-s11-f02-GB1-hierarchical-kg_base-f02-20260820T222047896228Z,12,sha256:0c27d24d79ae24742317846eba6b5fb65a951dee9c18a8ea61dff190fff050a8,LYGA,V39L;D40Y;V54A,3,"[39,40,54]",4,True,True,7
kg_base,2,1,knowledge_agent-s11-f02-GB1-hierarchical-kg_base-f02-20260820T222047896228Z,13,sha256:9118a42e0189eb5c2e6387cd11974e91add4b2cbdf22c180fb6fccea22475fc2,CFGV,V39C;D40F,2,"[39,40]",4,True,False,
kg_base,2,1,knowledge_agent-s11-f02-GB1-hierarchical-kg_base-f02-20260820T222047896228Z,14,sha256:648a58c1136e58ad2f1666370f4a11707df38a2f596407bb78af38ed9d142ad0,LFGV,V39L;D40F,2,"[39,40]",4,True,False,
kg_base,2,1,knowledge_agent-s11-f02-GB1-hierarchical-kg_base-f02-20260820T222047896228Z,15,sha256:c1b4e800f07cdf1f0c008b456d7c71348718002fd42ac0988da415e8d203ea12,IFGA,V39I;D40F;V54A,3,"[39,40,54]",4,True,True,16
kg_base,2,1,knowledge_agent-s11-f02-GB1-hierarchical-kg_base-f02-20260820T222047896228Z,16,sha256:f76dde0b09a70424006fc41e57e7585914152be6586fbe95e7f63f7dde771b00,LWGV,V39L;D40W,2,"[39,40]",4,True,True,3
kg_base,2,1,knowledge_agent-s11-f02-GB1-hierarchical-kg_base-f02-20260820T222047896228Z,17,sha256:8fc0755de9cdab91faf47b2acd1f7b0e95c20c28539871fa6f56ac8e6299a167,CFGA,V39C;D40F;V54A,3,"[39,40,54]",4,True,False,
kg_base,2,1,knowledge_agent-s11-f02-GB1-hierarchical-kg_base-f02-20260820T222047896228Z,18,sha256:44a636657855b95504090d15d1c1c314fc037458aedfdad6d298ed4dfeabf3e9,CWGA,V39C;D40W;V54A,3,"[39,40,54]",4,True,True,6
kg_base,2,1,knowledge_agent-s11-f02-GB1-hierarchical-kg_base-f02-20260820T222047896228Z,19,sha256:335a9f68d105e1b2c741b6ced91d700d8ae50342735fa341a98379ae87245479,IWGV,V39I;D40W,2,"[39,40]",4,True,True,2
kg_base,2,1,knowledge_agent-s11-f02-GB1-hierarchical-kg_base-f02-20260820T222047896228Z,20,sha256:45302fd2336c6f0c849be772b66c0a97eda8cb186cc1ecd62d3bdb256da12568,IWGC,V39I;D40W;V54C,3,"[39,40,54]",4,True,False,
kg_base,2,1,knowledge_agent-s11-f02-GB1-hierarchical-kg_base-f02-20260820T222047896228Z,21,sha256:1ef3828bd26a9404c98efbe68c2daf51c8d051c9d251c5689b4ae3856796b6c5,CYGA,V39C;D40Y;V54A,3,"[39,40,54]",4,True,True,4
kg_base,2,1,knowledge_agent-s11-f02-GB1-hierarchical-kg_base-f02-20260820T222047896228Z,22,sha256:c004108080543f240c5cde5d7aab4cf985d8e8daf2178d547dd5d31573e78c0c,LWGA,V39L;D40W;V54A,3,"[39,40,54]",4,True,True,8
kg_base,2,1,knowledge_agent-s11-f02-GB1-hierarchical-kg_base-f02-20260820T222047896228Z,23,sha256:cf449dbb455b9543d6bffd87d2cd22f6b390f3058c5170b6318e5040caf50085,CYFV,V39C;D40Y;G41F,3,"[39,40,41]",3,False,True,13
kg_base,2,1,knowledge_agent-s11-f02-GB1-hierarchical-kg_base-f02-20260820T222047896228Z,24,sha256:6f8721d4e6354c82389a55d5622c66c0af2e220b627e5a2befb5318c2406bb87,LAGC,V39L;D40A;V54C,3,"[39,40,54]",3,False,True,15
kg_base,2,1,knowledge_agent-s11-f02-GB1-hierarchical-kg_base-f02-20260820T222047896228Z,25,sha256:8fd34a22afb4468af9b4f41b820a0022a640b93d490681e088f0014122cb010a,LWLC,V39L;D40W;G41L;V54C,4,"[39,40,41,54]",3,False,False,
kg_base,2,1,knowledge_agent-s11-f02-GB1-hierarchical-kg_base-f02-20260820T222047896228Z,26,sha256:5ed518276a355670a7b264c2a37c035f0335b1c133388a389d9a51439b7a773b,FWGC,V39F;D40W;V54C,3,"[39,40,54]",3,False,True,14
kg_base,2,1,knowledge_agent-s11-f02-GB1-hierarchical-kg_base-f02-20260820T222047896228Z,27,sha256:d684f383d5551070e1c7161fbeeefebb4164ed8323cdba0d0eb1be59cbac5c1d,CYVC,V39C;D40Y;G41V;V54C,4,"[39,40,41,54]",3,False,False,
kg_base,2,1,knowledge_agent-s11-f02-GB1-hierarchical-kg_base-f02-20260820T222047896228Z,28,sha256:2555c7af2a12ff81c14ce49c3fa8550bb2960d21061bb08d041a8691eb972a86,CWDC,V39C;D40W;G41D;V54C,4,"[39,40,41,54]",3,False,False,
kg_base,2,1,knowledge_agent-s11-f02-GB1-hierarchical-kg_base-f02-20260820T222047896228Z,29,sha256:ff8d5b51366087aed1b5659407ba2519bcbb957d60d1dd1e4dc6dcd8dcf6ca7e,LFAY,V39L;D40F;G41A;V54Y,4,"[39,40,41,54]",2,False,False,
kg_base,2,1,knowledge_agent-s11-f02-GB1-hierarchical-kg_base-f02-20260820T222047896228Z,30,sha256:ff332a70cfb23592555052dfd33c60fec92acd691a3fc8c8f3cc9c4e38bccb0e,LCGK,V39L;D40C;V54K,3,"[39,40,54]",2,False,True,9
kg_base,2,1,knowledge_agent-s11-f02-GB1-hierarchical-kg_base-f02-20260820T222047896228Z,31,sha256:fe857096e715a90794d1e6c29e073b02f699e147c4f37f4365cac3279d11ed8a,FWGE,V39F;D40W;V54E,3,"[39,40,54]",2,False,True,10
kg_base,2,1,knowledge_agent-s11-f02-GB1-hierarchical-kg_base-f02-20260820T222047896228Z,32,sha256:fe75d89ae22a1a05ae269d2cb7c9a689e5b4091b580b7655e388ec6b9346a3eb,QYGT,V39Q;D40Y;V54T,3,"[39,40,54]",2,False,False,
kg_base,2,2,knowledge_agent-s11-f02-GB1-hierarchical-kg_base-f02-20260820T222047896228Z,1,sha256:9118a42e0189eb5c2e6387cd11974e91add4b2cbdf22c180fb6fccea22475fc2,CFGV,V39C;D40F,2,"[39,40]",4,True,True,3
kg_base,2,2,knowledge_agent-s11-f02-GB1-hierarchical-kg_base-f02-20260820T222047896228Z,2,sha256:648a58c1136e58ad2f1666370f4a11707df38a2f596407bb78af38ed9d142ad0,LFGV,V39L;D40F,2,"[39,40]",4,True,True,1
kg_base,2,2,knowledge_agent-s11-f02-GB1-hierarchical-kg_base-f02-20260820T222047896228Z,3,sha256:3fa07c46e7d0259ba56a74c1533d1f8bf13e298dd9bced0e748419291bc4eed0,IFGV,V39I;D40F,2,"[39,40]",4,True,True,2
kg_base,2,2,knowledge_agent-s11-f02-GB1-hierarchical-kg_base-f02-20260820T222047896228Z,4,sha256:45258a5cea66b4f3981c05796398ff6d3d0b3b05209b3facc2913c93689acb7c,LVGV,V39L;D40V,2,"[39,40]",3,False,False,
kg_base,2,2,knowledge_agent-s11-f02-GB1-hierarchical-kg_base-f02-20260820T222047896228Z,5,sha256:a0abbadaf6001f408fe2ce8b23189184a1f56d52248c1c7be97fd8201a689b08,IFHV,V39I;D40F;G41H,3,"[39,40,41]",3,False,False,
kg_base,2,2,knowledge_agent-s11-f02-GB1-hierarchical-kg_base-f02-20260820T222047896228Z,6,sha256:e0b957711d8b859291d50a56f306d756b90c3370d4a2c4fd1ae9024f5da7563d,IFGR,V39I;D40F;V54R,3,"[39,40,54]",3,False,False,
kg_base,2,2,knowledge_agent-s11-f02-GB1-hierarchical-kg_base-f02-20260820T222047896228Z,7,sha256:6ee45368fec90692cb9877fc64bbe83b22d14897876517b7e891b5cd968ae7c6,LFQV,V39L;D40F;G41Q,3,"[39,40,41]",3,False,False,
kg_base,2,2,knowledge_agent-s11-f02-GB1-hierarchical-kg_base-f02-20260820T222047896228Z,8,sha256:9711c4bd33ab7894b3efe3fd7a4fa057ceff8c6fe92916e3db00bc89271813d1,IYDV,V39I;D40Y;G41D,3,"[39,40,41]",3,False,True,8
kg_base,2,2,knowledge_agent-s11-f02-GB1-hierarchical-kg_base-f02-20260820T222047896228Z,9,sha256:2d395c49a18615f638c916a7cac268b0bc071890ac52f425bfef2161b9dc4c88,CYGK,V39C;D40Y;V54K,3,"[39,40,54]",3,False,False,
kg_base,2,2,knowledge_agent-s11-f02-GB1-hierarchical-kg_base-f02-20260820T222047896228Z,10,sha256:915b881aa31bfe7ff503bb05e5df8400a43f987aa10d7e4d9451afc5c689b47a,LHGV,V39L;D40H,2,"[39,40]",3,False,False,
kg_base,2,2,knowledge_agent-s11-f02-GB1-hierarchical-kg_base-f02-20260820T222047896228Z,11,sha256:b56189660c2a01b1f4ab36313dbcae9b9b683f18faeb04e46c326f913309d7c6,LYWV,V39L;D40Y;G41W,3,"[39,40,41]",3,False,True,7
kg_base,2,2,knowledge_agent-s11-f02-GB1-hierarchical-kg_base-f02-20260820T222047896228Z,12,sha256:779e441d067cb6b1cd201cc3eb4947ef5510df8f1ce9a410d8c4ad94e5e5686c,CFFV,V39C;D40F;G41F,3,"[39,40,41]",3,False,False,
kg_base,2,2,knowledge_agent-s11-f02-GB1-hierarchical-kg_base-f02-20260820T222047896228Z,13,sha256:aa178289abb7f6a7df6a67f63bd7fc0a90fa0cd5a02795d973c0fd1a18311a74,FWGV,V39F;D40W,2,"[39,40]",3,False,False,
kg_base,2,2,knowledge_agent-s11-f02-GB1-hierarchical-kg_base-f02-20260820T222047896228Z,14,sha256:d6bea110e6c30f4b0c26d77df52ab0dd5bc61e1dfd1c8cc5aa89a4dd8553eff9,CFGI,V39C;D40F;V54I,3,"[39,40,54]",3,False,False,
kg_base,2,2,knowledge_agent-s11-f02-GB1-hierarchical-kg_base-f02-20260820T222047896228Z,15,sha256:590c5c3b2febf6206498a88a90bbe599e4babb96881628377b1b4520bc55b510,CYGL,V39C;D40Y;V54L,3,"[39,40,54]",3,False,False,
kg_base,2,2,knowledge_agent-s11-f02-GB1-hierarchical-kg_base-f02-20260820T222047896228Z,16,sha256:8230b841f31db40c5378ad34483ad651326b2e8098f4f55715f673618a674278,IWPV,V39I;D40W;G41P,3,"[39,40,41]",3,False,True,12
kg_base,2,2,knowledge_agent-s11-f02-GB1-hierarchical-kg_base-f02-20260820T222047896228Z,17,sha256:93e94599dfdf97205ade8126285335f43662189b1a98a64b6279304c17b923ed,IRGV,V39I;D40R,2,"[39,40]",3,False,False,
kg_base,2,2,knowledge_agent-s11-f02-GB1-hierarchical-kg_base-f02-20260820T222047896228Z,18,sha256:d57fd542da92930bd3a4e4bf9bb36823680114fa325134c4f4466106c22cd49b,CSGV,V39C;D40S,2,"[39,40]",3,False,True,5
kg_base,2,2,knowledge_agent-s11-f02-GB1-hierarchical-kg_base-f02-20260820T222047896228Z,19,sha256:f1d05ee42fef7dc3b750bc9731cf020880e507727575cd8edcfceed6eae15a54,KFGV,V39K;D40F,2,"[39,40]",3,False,True,4
kg_base,2,2,knowledge_agent-s11-f02-GB1-hierarchical-kg_base-f02-20260820T222047896228Z,20,sha256:ac91e7e5fe54a29722131bc14bce61663a7ba93ddb0aa876aca693d3311c69e4,CQGV,V39C;D40Q,2,"[39,40]",3,False,False,
kg_base,2,2,knowledge_agent-s11-f02-GB1-hierarchical-kg_base-f02-20260820T222047896228Z,21,sha256:55a12a2bdb2ab00224b0f953a4c162df29c7ff08ae38afdc562836a91bd1e10b,CWGS,V39C;D40W;V54S,3,"[39,40,54]",3,False,False,
kg_base,2,2,knowledge_agent-s11-f02-GB1-hierarchical-kg_base-f02-20260820T222047896228Z,22,sha256:44272b4fe33241e227bbcae386dffa273789ba509339273dd4e19075448fe3d2,IWGS,V39I;D40W;V54S,3,"[39,40,54]",3,False,True,16
kg_base,2,2,knowledge_agent-s11-f02-GB1-hierarchical-kg_base-f02-20260820T222047896228Z,23,sha256:6755832c22572f3b20035ad531595a7adce4e4656483fefed2779ebc57a351a5,LWGP,V39L;D40W;V54P,3,"[39,40,54]",3,False,True,15
kg_base,2,2,knowledge_agent-s11-f02-GB1-hierarchical-kg_base-f02-20260820T222047896228Z,24,sha256:25103835259c38e2f75d26c301313e57b0043a8c2d0e4fa4d59a7d6da49f408e,LYIV,V39L;D40Y;G41I,3,"[39,40,41]",3,False,True,6
kg_base,2,2,knowledge_agent-s11-f02-GB1-hierarchical-kg_base-f02-20260820T222047896228Z,25,sha256:7bb858e2eb1df9ab33ea8e1519d7687b917c2efe74fd99acf9d1a646acc8bd16,PWGV,V39P;D40W,2,"[39,40]",3,False,False,
kg_base,2,2,knowledge_agent-s11-f02-GB1-hierarchical-kg_base-f02-20260820T222047896228Z,26,sha256:70a070b79623b27f0173b763b524d3ac2d494e67135f253668a6e15b3f7e994f,IYIV,V39I;D40Y;G41I,3,"[39,40,41]",3,False,True,14
kg_base,2,2,knowledge_agent-s11-f02-GB1-hierarchical-kg_base-f02-20260820T222047896228Z,27,sha256:861fd8a9e488a126c312f27a4b4520f4efd25716d3b19913a7403c7e6f4f87b5,CYTV,V39C;D40Y;G41T,3,"[39,40,41]",3,False,False,
kg_base,2,2,knowledge_agent-s11-f02-GB1-hierarchical-kg_base-f02-20260820T222047896228Z,28,sha256:9ba6a2e8b98ee71c7863bb9f4ce33af2e5edf2e838bcc429500bc79dd204a84c,IWIV,V39I;D40W;G41I,3,"[39,40,41]",3,False,True,13
kg_base,2,2,knowledge_agent-s11-f02-GB1-hierarchical-kg_base-f02-20260820T222047896228Z,29,sha256:fff607ea9dd6927b4c6ff950296fa4e1c212e2dbc698e2243e4a2dfada7aacee,LHSV,V39L;D40H;G41S,3,"[39,40,41]",2,False,True,9
kg_base,2,2,knowledge_agent-s11-f02-GB1-hierarchical-kg_base-f02-20260820T222047896228Z,30,sha256:ffb567e3d3b5edfa3e8e73313f9a15226022a65e310693cf3730eaead266a527,ISGK,V39I;D40S;V54K,3,"[39,40,54]",2,False,False,
kg_base,2,2,knowledge_agent-s11-f02-GB1-hierarchical-kg_base-f02-20260820T222047896228Z,31,sha256:ff690d50bf8655ff170a4f5541e74ada7999fc3cc8be371c7b8e276c3b2ce928,LGIV,V39L;D40G;G41I,3,"[39,40,41]",2,False,True,11
kg_base,2,2,knowledge_agent-s11-f02-GB1-hierarchical-kg_base-f02-20260820T222047896228Z,32,sha256:ff4cc59423154b195d41c230b43d1dbcbbe5f922877712c62e7fd59bb6863a55,LHGT,V39L;D40H;V54T,3,"[39,40,54]",2,False,True,10
kg_base,2,3,knowledge_agent-s11-f02-GB1-hierarchical-kg_base-f02-20260820T222047896228Z,1,sha256:477cd042694d7d7e00eee829a3a4d2d9717610c2a1744c480b019f40c6bab941,IYHV,V39I;D40Y;G41H,3,"[39,40,41]",3,False,False,
kg_base,2,3,knowledge_agent-s11-f02-GB1-hierarchical-kg_base-f02-20260820T222047896228Z,2,sha256:d6e96606053307faa1ba6405d996e751c9c9915acffd95490f1d1c7de2faa1ed,IVGV,V39I;D40V,2,"[39,40]",3,False,False,
kg_base,2,3,knowledge_agent-s11-f02-GB1-hierarchical-kg_base-f02-20260820T222047896228Z,3,sha256:5ced828601d4510c2dd674643c0f61065c7dfaeecf12a79e359f0a60a809b356,IFGY,V39I;D40F;V54Y,3,"[39,40,54]",3,False,True,6
kg_base,2,3,knowledge_agent-s11-f02-GB1-hierarchical-kg_base-f02-20260820T222047896228Z,4,sha256:4cd023359e77c93ecc5f350bbd97bba64d0696a04d8b6eca86cba02058bdd18d,LAGV,V39L;D40A,2,"[39,40]",3,False,True,8
kg_base,2,3,knowledge_agent-s11-f02-GB1-hierarchical-kg_base-f02-20260820T222047896228Z,5,sha256:b92012bd34728ba8589360c6714bc212041c2bc13c1b768951444b080a788bc9,WYGV,V39W;D40Y,2,"[39,40]",3,False,False,
kg_base,2,3,knowledge_agent-s11-f02-GB1-hierarchical-kg_base-f02-20260820T222047896228Z,6,sha256:bdbaf4e8b4f621f2211ac9c7291e0a37f068c94de70c60741e882f8b7595f8a5,YYGV,V39Y;D40Y,2,"[39,40]",3,False,False,
kg_base,2,3,knowledge_agent-s11-f02-GB1-hierarchical-kg_base-f02-20260820T222047896228Z,7,sha256:bfdaf8efaeec23dcc134fb950a20bf9257ca83735cc9e39f25583100b3f6dce9,IFGN,V39I;D40F;V54N,3,"[39,40,54]",3,False,True,4
kg_base,2,3,knowledge_agent-s11-f02-GB1-hierarchical-kg_base-f02-20260820T222047896228Z,8,sha256:eb650b444c34efb401c361735c5b0ce18233ec83d917809287bc8aea68c861ea,IYKV,V39I;D40Y;G41K,3,"[39,40,41]",3,False,False,
kg_base,2,3,knowledge_agent-s11-f02-GB1-hierarchical-kg_base-f02-20260820T222047896228Z,9,sha256:31d936142404b3e9bc64b4d9cdf36c16101ddf33d5f7600521989974b9b7b86d,LEGV,V39L;D40E,2,"[39,40]",3,False,False,
kg_base,2,3,knowledge_agent-s11-f02-GB1-hierarchical-kg_base-f02-20260820T222047896228Z,10,sha256:da90615b708f5dfc9b52528fa0ec40d0d0382d95b7dce3ba6b0f2d601a211f5a,LYGS,V39L;D40Y;V54S,3,"[39,40,54]",3,False,False,
kg_base,2,3,knowledge_agent-s11-f02-GB1-hierarchical-kg_base-f02-20260820T222047896228Z,11,sha256:f45a5f59b249c555de73e7f010aa55da45f515ec4727c8aa5fd72c0dbd9e9acf,LKGV,V39L;D40K,2,"[39,40]",3,False,False,
kg_base,2,3,knowledge_agent-s11-f02-GB1-hierarchical-kg_base-f02-20260820T222047896228Z,12,sha256:e44579c1e3dd2d295780613ec0c4eba3db32362277dc5c07ecd7231f50af221e,DYGV,V39D;D40Y,2,"[39,40]",3,False,False,
kg_base,2,3,knowledge_agent-s11-f02-GB1-hierarchical-kg_base-f02-20260820T222047896228Z,13,sha256:ce737f45c1b6afeb7050e368d357c266cd768a90bc74a427c38899728c9d0207,HFGV,V39H;D40F,2,"[39,40]",3,False,True,12
kg_base,2,3,knowledge_agent-s11-f02-GB1-hierarchical-kg_base-f02-20260820T222047896228Z,14,sha256:7dfe0680e27855ab0756ac81a83218158fe4c0af71ac7cb36f21c3e951ec0571,IFNV,V39I;D40F;G41N,3,"[39,40,41]",3,False,True,7
kg_base,2,3,knowledge_agent-s11-f02-GB1-hierarchical-kg_base-f02-20260820T222047896228Z,15,sha256:604d7f649e7a214e58c9113603a43c012683c81fff593b66b52815588e455e7c,SFGV,V39S;D40F,2,"[39,40]",3,False,True,13
kg_base,2,3,knowledge_agent-s11-f02-GB1-hierarchical-kg_base-f02-20260820T222047896228Z,16,sha256:3f6c77ac3e88af3107f2c3b3075ed633cd4522bd6dab8ec100dab25c2a50e27f,LFLV,V39L;D40F;G41L,3,"[39,40,41]",3,False,True,1
kg_base,2,3,knowledge_agent-s11-f02-GB1-hierarchical-kg_base-f02-20260820T222047896228Z,17,sha256:bfdd5e96b59a6d8b8c113580be3219036e0c0a03f995753569ae00f5298cea12,IQGV,V39I;D40Q,2,"[39,40]",3,False,False,
kg_base,2,3,knowledge_agent-s11-f02-GB1-hierarchical-kg_base-f02-20260820T222047896228Z,18,sha256:6cc7e7bc80ceb74ef44f0e9a870d748761997d1716b5b259a44e5526ca97b39c,QYGV,V39Q;D40Y,2,"[39,40]",3,False,False,
kg_base,2,3,knowledge_agent-s11-f02-GB1-hierarchical-kg_base-f02-20260820T222047896228Z,19,sha256:bb78013acd56daaf86c39b790160c72f48675075716fcc3f1bdd74a8ddbb5deb,LYGI,V39L;D40Y;V54I,3,"[39,40,54]",3,False,False,
kg_base,2,3,knowledge_agent-s11-f02-GB1-hierarchical-kg_base-f02-20260820T222047896228Z,20,sha256:41f9338df9cb015caebad4802606627b924e8faa57f639990fad7d16a4a86bcf,FFGV,V39F;D40F,2,"[39,40]",3,False,True,2
kg_base,2,3,knowledge_agent-s11-f02-GB1-hierarchical-kg_base-f02-20260820T222047896228Z,21,sha256:3cf8c054a3f4dfb11b9c1c274a6690bfe9c4fe7abb3e6c7c46cc9758ede070ad,IFIV,V39I;D40F;G41I,3,"[39,40,41]",3,False,False,
kg_base,2,3,knowledge_agent-s11-f02-GB1-hierarchical-kg_base-f02-20260820T222047896228Z,22,sha256:73d7258a40e7f172418e11b69428d110619d7be7952c701bf3057454a7d74a3f,IYGR,V39I;D40Y;V54R,3,"[39,40,54]",3,False,True,3
kg_base,2,3,knowledge_agent-s11-f02-GB1-hierarchical-kg_base-f02-20260820T222047896228Z,23,sha256:861a2dc11c46cf766e9afdcad8413f2047ca1639a9c527f8917bd28241dacb1b,LYHV,V39L;D40Y;G41H,3,"[39,40,41]",3,False,False,
kg_base,2,3,knowledge_agent-s11-f02-GB1-hierarchical-kg_base-f02-20260820T222047896228Z,24,sha256:c75304f8bc3e1ee6636efb60f39c185d09f72bf6c38d1c1906356a256f62b565,IFGL,V39I;D40F;V54L,3,"[39,40,54]",3,False,True,5
kg_base,2,3,knowledge_agent-s11-f02-GB1-hierarchical-kg_base-f02-20260820T222047896228Z,25,sha256:f9eef70f0cfb07fc4756638555cdaf1ca282c327b3b6a42cfc7bdea9213863d8,QFGV,V39Q;D40F,2,"[39,40]",3,False,True,11
kg_base,2,3,knowledge_agent-s11-f02-GB1-hierarchical-kg_base-f02-20260820T222047896228Z,26,sha256:e356143463a7a10e4294c8b9aa0f9d1fc233216a3f4c7e07f10711cce632f47a,IYGK,V39I;D40Y;V54K,3,"[39,40,54]",3,False,True,14
kg_base,2,3,knowledge_agent-s11-f02-GB1-hierarchical-kg_base-f02-20260820T222047896228Z,27,sha256:0deea388adf1e6f88449470a6c62597c24183bd445c632363417fe50720a38a3,LQGV,V39L;D40Q,2,"[39,40]",3,False,False,
kg_base,2,3,knowledge_agent-s11-f02-GB1-hierarchical-kg_base-f02-20260820T222047896228Z,28,sha256:ddb89942f8ef27a2d0a27bfcbc8b7cad8cfac8d8b87c7084533c2635b140f690,IFGK,V39I;D40F;V54K,3,"[39,40,54]",3,False,False,
kg_base,2,3,knowledge_agent-s11-f02-GB1-hierarchical-kg_base-f02-20260820T222047896228Z,29,sha256:ffba39f4c9c3f5db3dece4b6abc7de2411392e2b9fb73de2b101dff2f9145ccc,QFGM,V39Q;D40F;V54M,3,"[39,40,54]",2,False,True,9
kg_base,2,3,knowledge_agent-s11-f02-GB1-hierarchical-kg_base-f02-20260820T222047896228Z,30,sha256:ffb567e3d3b5edfa3e8e73313f9a15226022a65e310693cf3730eaead266a527,ISGK,V39I;D40S;V54K,3,"[39,40,54]",2,False,True,10
kg_base,2,3,knowledge_agent-s11-f02-GB1-hierarchical-kg_base-f02-20260820T222047896228Z,31,sha256:ff74bc20d81d45d43ece3e1d637c68cff690b18af12a4b121fed4d2cecb9ef61,HYGS,V39H;D40Y;V54S,3,"[39,40,54]",2,False,True,16
kg_base,2,3,knowledge_agent-s11-f02-GB1-hierarchical-kg_base-f02-20260820T222047896228Z,32,sha256:ff1ba21bc8cd6fd89b65866ba76e24e50049ad301ac1cb0f52ec2c1c2544349f,IQGH,V39I;D40Q;V54H,3,"[39,40,54]",2,False,True,15
kg_base_al,0,1,knowledge_agent-s11-f00-GB1-hierarchical-kg_base_al-f00-20260820T215844624477Z,1,sha256:648a58c1136e58ad2f1666370f4a11707df38a2f596407bb78af38ed9d142ad0,LFGV,V39L;D40F,2,"[39,40]",4,True,True,10
kg_base_al,0,1,knowledge_agent-s11-f00-GB1-hierarchical-kg_base_al-f00-20260820T215844624477Z,2,sha256:44a636657855b95504090d15d1c1c314fc037458aedfdad6d298ed4dfeabf3e9,CWGA,V39C;D40W;V54A,3,"[39,40,54]",4,True,False,
kg_base_al,0,1,knowledge_agent-s11-f00-GB1-hierarchical-kg_base_al-f00-20260820T215844624477Z,3,sha256:4689bff2e5c4ea794349cec7c41643840d874d43bb602bb8949742c5d373c65f,MHGC,V39M;D40H;V54C,3,"[39,40,54]",4,True,False,
kg_base_al,0,1,knowledge_agent-s11-f00-GB1-hierarchical-kg_base_al-f00-20260820T215844624477Z,4,sha256:84edffd46cf58545dc887d21540771c0ef3b7db438daa8c07f982f06c3d41b58,IWGA,V39I;D40W;V54A,3,"[39,40,54]",4,True,True,2
kg_base_al,0,1,knowledge_agent-s11-f00-GB1-hierarchical-kg_base_al-f00-20260820T215844624477Z,5,sha256:2586a33b8e4f0455b11f05a7aa324fea114d5ba5a3f74c65b4e92d55dc532959,MYGC,V39M;D40Y;V54C,3,"[39,40,54]",4,True,False,
kg_base_al,0,1,knowledge_agent-s11-f00-GB1-hierarchical-kg_base_al-f00-20260820T215844624477Z,6,sha256:d05664b827f5087265ff8d7edbd02000546e8538f72270fc9585a4974800db7d,CWGC,V39C;D40W;V54C,3,"[39,40,54]",4,True,True,5
kg_base_al,0,1,knowledge_agent-s11-f00-GB1-hierarchical-kg_base_al-f00-20260820T215844624477Z,7,sha256:6d8e0cdef006c0c23a734adb9e7c45f89b3af32d1ca32da46584df83134c67f0,IHGV,V39I;D40H,2,"[39,40]",4,True,False,
kg_base_al,0,1,knowledge_agent-s11-f00-GB1-hierarchical-kg_base_al-f00-20260820T215844624477Z,8,sha256:0c27d24d79ae24742317846eba6b5fb65a951dee9c18a8ea61dff190fff050a8,LYGA,V39L;D40Y;V54A,3,"[39,40,54]",4,True,True,16
kg_base_al,0,1,knowledge_agent-s11-f00-GB1-hierarchical-kg_base_al-f00-20260820T215844624477Z,9,sha256:915b881aa31bfe7ff503bb05e5df8400a43f987aa10d7e4d9451afc5c689b47a,LHGV,V39L;D40H,2,"[39,40]",4,True,True,15
kg_base_al,0,1,knowledge_agent-s11-f00-GB1-hierarchical-kg_base_al-f00-20260820T215844624477Z,10,sha256:3a7adba769d374f88cba01eb4686cb18884a40cfb15f1b9189d5b5e582f22637,LWGC,V39L;D40W;V54C,3,"[39,40,54]",4,True,False,
kg_base_al,0,1,knowledge_agent-s11-f00-GB1-hierarchical-kg_base_al-f00-20260820T215844624477Z,11,sha256:234fae72c8e1228f6b0796f15f2bbde6a4690a5b26596e7e81ef6b54cf55ef82,MYGA,V39M;D40Y;V54A,3,"[39,40,54]",4,True,False,
kg_base_al,0,1,knowledge_agent-s11-f00-GB1-hierarchical-kg_base_al-f00-20260820T215844624477Z,12,sha256:dd63966b253acc832fc7f9c13bb134d06080e91bbab94c62bd2d80ffadf70bde,CYGC,V39C;D40Y;V54C,3,"[39,40,54]",4,True,True,8
kg_base_al,0,1,knowledge_agent-s11-f00-GB1-hierarchical-kg_base_al-f00-20260820T215844624477Z,13,sha256:c1b4e800f07cdf1f0c008b456d7c71348718002fd42ac0988da415e8d203ea12,IFGA,V39I;D40F;V54A,3,"[39,40,54]",4,True,True,11
kg_base_al,0,1,knowledge_agent-s11-f00-GB1-hierarchical-kg_base_al-f00-20260820T215844624477Z,14,sha256:3fa07c46e7d0259ba56a74c1533d1f8bf13e298dd9bced0e748419291bc4eed0,IFGV,V39I;D40F,2,"[39,40]",4,True,True,14
kg_base_al,0,1,knowledge_agent-s11-f00-GB1-hierarchical-kg_base_al-f00-20260820T215844624477Z,15,sha256:f8ee04236ace863a6c1cf3e75d51c85514b655dd0f5db101c63a33f4488a70f1,IYGV,V39I;D40Y,2,"[39,40]",4,True,True,3
kg_base_al,0,1,knowledge_agent-s11-f00-GB1-hierarchical-kg_base_al-f00-20260820T215844624477Z,16,sha256:8fc0755de9cdab91faf47b2acd1f7b0e95c20c28539871fa6f56ac8e6299a167,CFGA,V39C;D40F;V54A,3,"[39,40,54]",4,True,False,
kg_base_al,0,1,knowledge_agent-s11-f00-GB1-hierarchical-kg_base_al-f00-20260820T215844624477Z,17,sha256:335a9f68d105e1b2c741b6ced91d700d8ae50342735fa341a98379ae87245479,IWGV,V39I;D40W,2,"[39,40]",4,True,True,9
kg_base_al,0,1,knowledge_agent-s11-f00-GB1-hierarchical-kg_base_al-f00-20260820T215844624477Z,18,sha256:f76dde0b09a70424006fc41e57e7585914152be6586fbe95e7f63f7dde771b00,LWGV,V39L;D40W,2,"[39,40]",4,True,True,7
kg_base_al,0,1,knowledge_agent-s11-f00-GB1-hierarchical-kg_base_al-f00-20260820T215844624477Z,19,sha256:8adcc9749599afd1dcad3ef9086feca9afaac8e0654ab85131de9e30f5b67919,LYGV,V39L;D40Y,2,"[39,40]",4,True,True,1
kg_base_al,0,1,knowledge_agent-s11-f00-GB1-hierarchical-kg_base_al-f00-20260820T215844624477Z,20,sha256:3c713612e6e7377b7c72a990db12887dcfb299ecd7d25aa36e686796728b87a3,MYGV,V39M;D40Y,2,"[39,40]",4,True,True,12
kg_base_al,0,1,knowledge_agent-s11-f00-GB1-hierarchical-kg_base_al-f00-20260820T215844624477Z,21,sha256:99527d4c0968c0e8e932b939fe6e1c9a52f5bd2e408da081d403cf6bbf0f1bef,LFGC,V39L;D40F;V54C,3,"[39,40,54]",4,True,True,13
kg_base_al,0,1,knowledge_agent-s11-f00-GB1-hierarchical-kg_base_al-f00-20260820T215844624477Z,22,sha256:187bf4a7ad8ca6e9e3015ba357922df3b0b56fca4736d3a0e952e2d8ada21030,IHGA,V39I;D40H;V54A,3,"[39,40,54]",4,True,False,
kg_base_al,0,1,knowledge_agent-s11-f00-GB1-hierarchical-kg_base_al-f00-20260820T215844624477Z,23,sha256:ec5ad5d2f7e6d270f12f94668c7314840a00bf7e54f3c2b66f55b5bead4c6f06,CFGC,V39C;D40F;V54C,3,"[39,40,54]",4,True,False,
kg_base_al,0,1,knowledge_agent-s11-f00-GB1-hierarchical-kg_base_al-f00-20260820T215844624477Z,24,sha256:c6f7241c5baf429461d4155ada401c1e6713aba10862f39416bf438c68893b1e,LHGA,V39L;D40H;V54A,3,"[39,40,54]",4,True,False,
kg_base_al,0,1,knowledge_agent-s11-f00-GB1-hierarchical-kg_base_al-f00-20260820T215844624477Z,25,sha256:22a7cd8d7b4178f7f9703976d32303e1a1d46b6b7fc3184ae1a72f783a4b9b39,IHGC,V39I;D40H;V54C,3,"[39,40,54]",4,True,False,
kg_base_al,0,1,knowledge_agent-s11-f00-GB1-hierarchical-kg_base_al-f00-20260820T215844624477Z,26,sha256:7f4370d371185a64f6d75d6d538d7688766483ee37b16177c3ed08f4ca918274,MFGV,V39M;D40F,2,"[39,40]",4,True,False,
kg_base_al,0,1,knowledge_agent-s11-f00-GB1-hierarchical-kg_base_al-f00-20260820T215844624477Z,27,sha256:9118a42e0189eb5c2e6387cd11974e91add4b2cbdf22c180fb6fccea22475fc2,CFGV,V39C;D40F,2,"[39,40]",4,True,False,
kg_base_al,0,1,knowledge_agent-s11-f00-GB1-hierarchical-kg_base_al-f00-20260820T215844624477Z,28,sha256:6426d92a5e51c3ecccddd0f5343ffaead003713e620db4591cc01d0c82cc0796,LYGC,V39L;D40Y;V54C,3,"[39,40,54]",4,True,True,4
kg_base_al,0,1,knowledge_agent-s11-f00-GB1-hierarchical-kg_base_al-f00-20260820T215844624477Z,29,sha256:45302fd2336c6f0c849be772b66c0a97eda8cb186cc1ecd62d3bdb256da12568,IWGC,V39I;D40W;V54C,3,"[39,40,54]",4,True,False,
kg_base_al,0,1,knowledge_agent-s11-f00-GB1-hierarchical-kg_base_al-f00-20260820T215844624477Z,30,sha256:e0516f662de2309be8567e123afaf198b79c6b8394e54810de198803d97926b9,MWGC,V39M;D40W;V54C,3,"[39,40,54]",4,True,False,
kg_base_al,0,1,knowledge_agent-s11-f00-GB1-hierarchical-kg_base_al-f00-20260820T215844624477Z,31,sha256:788697cdf7a733a185433fc9deb43541d4f9750da333ceeaa00dece46ce2182c,CHGA,V39C;D40H;V54A,3,"[39,40,54]",4,True,False,
kg_base_al,0,1,knowledge_agent-s11-f00-GB1-hierarchical-kg_base_al-f00-20260820T215844624477Z,32,sha256:cad29236742d162b31dab9d4587a36b7578ea8c4a2ed7c7ce6832b41dd8696a0,IYGC,V39I;D40Y;V54C,3,"[39,40,54]",4,True,True,6
kg_base_al,0,2,knowledge_agent-s11-f00-GB1-hierarchical-kg_base_al-f00-20260820T215844624477Z,1,sha256:44a636657855b95504090d15d1c1c314fc037458aedfdad6d298ed4dfeabf3e9,CWGA,V39C;D40W;V54A,3,"[39,40,54]",4,True,False,
kg_base_al,0,2,knowledge_agent-s11-f00-GB1-hierarchical-kg_base_al-f00-20260820T215844624477Z,2,sha256:8fc0755de9cdab91faf47b2acd1f7b0e95c20c28539871fa6f56ac8e6299a167,CFGA,V39C;D40F;V54A,3,"[39,40,54]",4,True,False,
kg_base_al,0,2,knowledge_agent-s11-f00-GB1-hierarchical-kg_base_al-f00-20260820T215844624477Z,3,sha256:3a7adba769d374f88cba01eb4686cb18884a40cfb15f1b9189d5b5e582f22637,LWGC,V39L;D40W;V54C,3,"[39,40,54]",4,True,True,3
kg_base_al,0,2,knowledge_agent-s11-f00-GB1-hierarchical-kg_base_al-f00-20260820T215844624477Z,4,sha256:187bf4a7ad8ca6e9e3015ba357922df3b0b56fca4736d3a0e952e2d8ada21030,IHGA,V39I;D40H;V54A,3,"[39,40,54]",4,True,False,
kg_base_al,0,2,knowledge_agent-s11-f00-GB1-hierarchical-kg_base_al-f00-20260820T215844624477Z,5,sha256:7426224e5b72b3ed239efd30dc5baf8a27836c30c4ff0cb5ed7893eb0a866b00,LHGC,V39L;D40H;V54C,3,"[39,40,54]",4,True,True,9
kg_base_al,0,2,knowledge_agent-s11-f00-GB1-hierarchical-kg_base_al-f00-20260820T215844624477Z,6,sha256:22a7cd8d7b4178f7f9703976d32303e1a1d46b6b7fc3184ae1a72f783a4b9b39,IHGC,V39I;D40H;V54C,3,"[39,40,54]",4,True,True,13
kg_base_al,0,2,knowledge_agent-s11-f00-GB1-hierarchical-kg_base_al-f00-20260820T215844624477Z,7,sha256:6d8e0cdef006c0c23a734adb9e7c45f89b3af32d1ca32da46584df83134c67f0,IHGV,V39I;D40H,2,"[39,40]",4,True,True,14
kg_base_al,0,2,knowledge_agent-s11-f00-GB1-hierarchical-kg_base_al-f00-20260820T215844624477Z,8,sha256:8287e39d0cef852c01bf15c9447ec202121712f870911d9d5b16cd8d917834bc,IFGC,V39I;D40F;V54C,3,"[39,40,54]",4,True,True,7
kg_base_al,0,2,knowledge_agent-s11-f00-GB1-hierarchical-kg_base_al-f00-20260820T215844624477Z,9,sha256:146f994851540dcf3fe10fcaf46e6423e3756b7291483e7288dfdd7a7e393fad,IYGA,V39I;D40Y;V54A,3,"[39,40,54]",4,True,True,16
kg_base_al,0,2,knowledge_agent-s11-f00-GB1-hierarchical-kg_base_al-f00-20260820T215844624477Z,10,sha256:ec5ad5d2f7e6d270f12f94668c7314840a00bf7e54f3c2b66f55b5bead4c6f06,CFGC,V39C;D40F;V54C,3,"[39,40,54]",4,True,False,
kg_base_al,0,2,knowledge_agent-s11-f00-GB1-hierarchical-kg_base_al-f00-20260820T215844624477Z,11,sha256:f1273a6eea037de3f26ca61247407617ca9068f09217dc03497dbc042d26c3b7,CHGV,V39C;D40H,2,"[39,40]",4,True,False,
kg_base_al,0,2,knowledge_agent-s11-f00-GB1-hierarchical-kg_base_al-f00-20260820T215844624477Z,12,sha256:9118a42e0189eb5c2e6387cd11974e91add4b2cbdf22c180fb6fccea22475fc2,CFGV,V39C;D40F,2,"[39,40]",4,True,True,15
kg_base_al,0,2,knowledge_agent-s11-f00-GB1-hierarchical-kg_base_al-f00-20260820T215844624477Z,13,sha256:45302fd2336c6f0c849be772b66c0a97eda8cb186cc1ecd62d3bdb256da12568,IWGC,V39I;D40W;V54C,3,"[39,40,54]",4,True,True,4
kg_base_al,0,2,knowledge_agent-s11-f00-GB1-hierarchical-kg_base_al-f00-20260820T215844624477Z,14,sha256:788697cdf7a733a185433fc9deb43541d4f9750da333ceeaa00dece46ce2182c,CHGA,V39C;D40H;V54A,3,"[39,40,54]",4,True,False,
kg_base_al,0,2,knowledge_agent-s11-f00-GB1-hierarchical-kg_base_al-f00-20260820T215844624477Z,15,sha256:9e6bbd4f6124c6f03b94ef7116ed62eb83b01136ff4517648fb376946f7cccca,CWGV,V39C;D40W,2,"[39,40]",4,True,True,10
kg_base_al,0,2,knowledge_agent-s11-f00-GB1-hierarchical-kg_base_al-f00-20260820T215844624477Z,16,sha256:c6f7241c5baf429461d4155ada401c1e6713aba10862f39416bf438c68893b1e,LHGA,V39L;D40H;V54A,3,"[39,40,54]",4,True,False,
kg_base_al,0,2,knowledge_agent-s11-f00-GB1-hierarchical-kg_base_al-f00-20260820T215844624477Z,17,sha256:be335ee3d7f7384668c2465f1c4b46ff6cdfffc42c7a067d6534cde9ab150b09,GFGA,V39G;D40F;V54A,3,"[39,40,54]",3,False,False,
kg_base_al,0,2,knowledge_agent-s11-f00-GB1-hierarchical-kg_base_al-f00-20260820T215844624477Z,18,sha256:89ade8279cf3acac27a720da3be4b8d213804c8d2b10f53dbb4d1b4a7e7b140c,CFIV,V39C;D40F;G41I,3,"[39,40,41]",3,False,False,
kg_base_al,0,2,knowledge_agent-s11-f00-GB1-hierarchical-kg_base_al-f00-20260820T215844624477Z,19,sha256:bc2061294f7ef4944465c236f4397184f52adcd0d5b74bcd30a7568f8edca000,CLGV,V39C;D40L,2,"[39,40]",3,False,False,
kg_base_al,0,2,knowledge_agent-s11-f00-GB1-hierarchical-kg_base_al-f00-20260820T215844624477Z,20,sha256:b3f9cfa155dc0f3beae23fa6c6806d0f9f67dea068487f230f3337696bf3ec2d,NHGA,V39N;D40H;V54A,3,"[39,40,54]",3,False,False,
kg_base_al,0,2,knowledge_agent-s11-f00-GB1-hierarchical-kg_base_al-f00-20260820T215844624477Z,21,sha256:b2fdae4767b497c157d56c005d28b06930cb54c4db8693fc36e331febfa30491,IWKV,V39I;D40W;G41K,3,"[39,40,41]",3,False,True,11
kg_base_al,0,2,knowledge_agent-s11-f00-GB1-hierarchical-kg_base_al-f00-20260820T215844624477Z,22,sha256:72cff6227b495e97e8ce70f310cca3fa0ba9deee8449d18234a796cf3e5869af,CYPA,V39C;D40Y;G41P;V54A,4,"[39,40,41,54]",3,False,False,
kg_base_al,0,2,knowledge_agent-s11-f00-GB1-hierarchical-kg_base_al-f00-20260820T215844624477Z,23,sha256:61252bb193d330e7f2ceb011b812a5795fcb0370deabd5d14c0562141aad3184,LYNA,V39L;D40Y;G41N;V54A,4,"[39,40,41,54]",3,False,True,12
kg_base_al,0,2,knowledge_agent-s11-f00-GB1-hierarchical-kg_base_al-f00-20260820T215844624477Z,24,sha256:96ac1d98db22286e49b45717b101f676018dc462ed0d49f74c688f6c7649a853,CWPA,V39C;D40W;G41P;V54A,4,"[39,40,41,54]",3,False,False,
kg_base_al,0,2,knowledge_agent-s11-f00-GB1-hierarchical-kg_base_al-f00-20260820T215844624477Z,25,sha256:f787d88fc6aee1ee49dd2f651f567b0ee9c35e3de681b5a511d8e2700ba38c1f,LFWA,V39L;D40F;G41W;V54A,4,"[39,40,41,54]",3,False,False,
kg_base_al,0,2,knowledge_agent-s11-f00-GB1-hierarchical-kg_base_al-f00-20260820T215844624477Z,26,sha256:0f7d4dabac7f82b33231df7f24f50e42a07bc03115822072a70c81b56d99e8de,IWIA,V39I;D40W;G41I;V54A,4,"[39,40,41,54]",3,False,True,2
kg_base_al,0,2,knowledge_agent-s11-f00-GB1-hierarchical-kg_base_al-f00-20260820T215844624477Z,27,sha256:f52cafbc63f54907fe70c9dca10cdc61e2a00bd2987950932e592feb26c6a1c4,FYGV,V39F;D40Y,2,"[39,40]",3,False,True,1
kg_base_al,0,2,knowledge_agent-s11-f00-GB1-hierarchical-kg_base_al-f00-20260820T215844624477Z,28,sha256:7447249f0bb2d1313d16df27f9f78e2b629fed4b026d38912ffb29796815326d,CWGQ,V39C;D40W;V54Q,3,"[39,40,54]",3,False,True,5
kg_base_al,0,2,knowledge_agent-s11-f00-GB1-hierarchical-kg_base_al-f00-20260820T215844624477Z,29,sha256:751ab0cc88bddeb1ceeeac33dfd0df0a2e75999e6297de62ac0329bab72930d8,CYGP,V39C;D40Y;V54P,3,"[39,40,54]",3,False,True,8
kg_base_al,0,2,knowledge_agent-s11-f00-GB1-hierarchical-kg_base_al-f00-20260820T215844624477Z,30,sha256:d1574746b4a5caf1c89674e7e1a666f1009a705cb02e60221146d7ee2a5857d6,AFGC,V39A;D40F;V54C,3,"[39,40,54]",3,False,False,
kg_base_al,0,2,knowledge_agent-s11-f00-GB1-hierarchical-kg_base_al-f00-20260820T215844624477Z,31,sha256:2c8bce2f5e82c946f3c12aa021ac7b716a5e0b7d0577b73d9c9ce1e1bc07b673,NYGV,V39N;D40Y,2,"[39,40]",3,False,True,6
kg_base_al,0,2,knowledge_agent-s11-f00-GB1-hierarchical-kg_base_al-f00-20260820T215844624477Z,32,sha256:8e20a9dd2fd8a256e84c66902bff6b1f96377632e042dd845adf2f715268f722,GHGC,V39G;D40H;V54C,3,"[39,40,54]",3,False,False,
kg_base_al,0,3,knowledge_agent-s11-f00-GB1-hierarchical-kg_base_al-f00-20260820T215844624477Z,1,sha256:ec5ad5d2f7e6d270f12f94668c7314840a00bf7e54f3c2b66f55b5bead4c6f06,CFGC,V39C;D40F;V54C,3,"[39,40,54]",4,True,True,9
kg_base_al,0,3,knowledge_agent-s11-f00-GB1-hierarchical-kg_base_al-f00-20260820T215844624477Z,2,sha256:788697cdf7a733a185433fc9deb43541d4f9750da333ceeaa00dece46ce2182c,CHGA,V39C;D40H;V54A,3,"[39,40,54]",4,True,False,
kg_base_al,0,3,knowledge_agent-s11-f00-GB1-hierarchical-kg_base_al-f00-20260820T215844624477Z,3,sha256:c6f7241c5baf429461d4155ada401c1e6713aba10862f39416bf438c68893b1e,LHGA,V39L;D40H;V54A,3,"[39,40,54]",4,True,True,1
kg_base_al,0,3,knowledge_agent-s11-f00-GB1-hierarchical-kg_base_al-f00-20260820T215844624477Z,4,sha256:8fc0755de9cdab91faf47b2acd1f7b0e95c20c28539871fa6f56ac8e6299a167,CFGA,V39C;D40F;V54A,3,"[39,40,54]",4,True,False,
kg_base_al,0,3,knowledge_agent-s11-f00-GB1-hierarchical-kg_base_al-f00-20260820T215844624477Z,5,sha256:187bf4a7ad8ca6e9e3015ba357922df3b0b56fca4736d3a0e952e2d8ada21030,IHGA,V39I;D40H;V54A,3,"[39,40,54]",4,True,True,13
kg_base_al,0,3,knowledge_agent-s11-f00-GB1-hierarchical-kg_base_al-f00-20260820T215844624477Z,6,sha256:f1273a6eea037de3f26ca61247407617ca9068f09217dc03497dbc042d26c3b7,CHGV,V39C;D40H,2,"[39,40]",4,True,False,
kg_base_al,0,3,knowledge_agent-s11-f00-GB1-hierarchical-kg_base_al-f00-20260820T215844624477Z,7,sha256:44a636657855b95504090d15d1c1c314fc037458aedfdad6d298ed4dfeabf3e9,CWGA,V39C;D40W;V54A,3,"[39,40,54]",4,True,False,
kg_base_al,0,3,knowledge_agent-s11-f00-GB1-hierarchical-kg_base_al-f00-20260820T215844624477Z,8,sha256:cf852a39243a40c7f1f5b3458abbdd85ea35925c293d9adfb44ce65128c07629,LPGV,V39L;D40P,2,"[39,40]",3,False,False,
kg_base_al,0,3,knowledge_agent-s11-f00-GB1-hierarchical-kg_base_al-f00-20260820T215844624477Z,9,sha256:d684f383d5551070e1c7161fbeeefebb4164ed8323cdba0d0eb1be59cbac5c1d,CYVC,V39C;D40Y;G41V;V54C,4,"[39,40,41,54]",3,False,True,5
kg_base_al,0,3,knowledge_agent-s11-f00-GB1-hierarchical-kg_base_al-f00-20260820T215844624477Z,10,sha256:5e8c607be144c796d1cf41e6515f15d0b6f8d6f076f324eb9447abf1e859eac5,LTGC,V39L;D40T;V54C,3,"[39,40,54]",3,False,True,3
kg_base_al,0,3,knowledge_agent-s11-f00-GB1-hierarchical-kg_base_al-f00-20260820T215844624477Z,11,sha256:7e50210b68f0a108e2a2612a3a4ff84a5cb7c7eb52a6fb7c09d764ff2c890e6a,LFFC,V39L;D40F;G41F;V54C,4,"[39,40,41,54]",3,False,True,8
kg_base_al,0,3,knowledge_agent-s11-f00-GB1-hierarchical-kg_base_al-f00-20260820T215844624477Z,12,sha256:0b6dc62bbeb00e28b5fc586d799aee37291345f958ee5b8aea9d63a4e6780033,IYGT,V39I;D40Y;V54T,3,"[39,40,54]",3,False,True,14
kg_base_al,0,3,knowledge_agent-s11-f00-GB1-hierarchical-kg_base_al-f00-20260820T215844624477Z,13,sha256:72f86e50046ff5306a440da82f380ef93dcc1faabc0404b51bade83ba334680d,INGV,V39I;D40N,2,"[39,40]",3,False,True,15
kg_base_al,0,3,knowledge_agent-s11-f00-GB1-hierarchical-kg_base_al-f00-20260820T215844624477Z,14,sha256:6df6ec1d13c021931d3ddf557b42c9dbe32d87d63233e87f4c223ea8256a00f5,IWVV,V39I;D40W;G41V,3,"[39,40,41]",3,False,False,
kg_base_al,0,3,knowledge_agent-s11-f00-GB1-hierarchical-kg_base_al-f00-20260820T215844624477Z,15,sha256:93dba223bc688a903ac7d2f1ce7bf51a087c96a1f85ee511dec3cbc44985fce4,LHHA,V39L;D40H;G41H;V54A,4,"[39,40,41,54]",3,False,False,
kg_base_al,0,3,knowledge_agent-s11-f00-GB1-hierarchical-kg_base_al-f00-20260820T215844624477Z,16,sha256:562eb0c1763eeb0ffc7aba26b7d163fb6b14cd7c4865b801564c4637b850afd4,CHNC,V39C;D40H;G41N;V54C,4,"[39,40,41,54]",3,False,False,
kg_base_al,0,3,knowledge_agent-s11-f00-GB1-hierarchical-kg_base_al-f00-20260820T215844624477Z,17,sha256:0384c81fa803c7aada59be3b50bf2ed4cbaf9b79a1481858b8d1aa0629a21dd9,CWGL,V39C;D40W;V54L,3,"[39,40,54]",3,False,False,
kg_base_al,0,3,knowledge_agent-s11-f00-GB1-hierarchical-kg_base_al-f00-20260820T215844624477Z,18,sha256:46b4fb5609b6003e25b3af5ee4febf7dcf034279cfe087878383db75894854fc,CWLC,V39C;D40W;G41L;V54C,4,"[39,40,41,54]",3,False,True,2
kg_base_al,0,3,knowledge_agent-s11-f00-GB1-hierarchical-kg_base_al-f00-20260820T215844624477Z,19,sha256:a08aad10583a9403fe74fec3105dea664ed16ee49075a32667dfccd157d4208e,ISGV,V39I;D40S,2,"[39,40]",3,False,True,16
kg_base_al,0,3,knowledge_agent-s11-f00-GB1-hierarchical-kg_base_al-f00-20260820T215844624477Z,20,sha256:d5118768bb997f618a217ac0cb3ccb04e91916ca9291f6b0e3dba2b5524d540d,CYQV,V39C;D40Y;G41Q,3,"[39,40,41]",3,False,False,
kg_base_al,0,3,knowledge_agent-s11-f00-GB1-hierarchical-kg_base_al-f00-20260820T215844624477Z,21,sha256:1b1132ef3ece66679243f697d4fd58bb2914fa90d022ea2277a61d1dd6390408,IWPC,V39I;D40W;G41P;V54C,4,"[39,40,41,54]",3,False,False,
kg_base_al,0,3,knowledge_agent-s11-f00-GB1-hierarchical-kg_base_al-f00-20260820T215844624477Z,22,sha256:294d1fa1252486f11bdac223aa3ee6619fea7f9139d135daeb4af865184b3d31,CWGG,V39C;D40W;V54G,3,"[39,40,54]",3,False,False,
kg_base_al,0,3,knowledge_agent-s11-f00-GB1-hierarchical-kg_base_al-f00-20260820T215844624477Z,23,sha256:6eaa8251777e0d15377180aa6040cc06937ea0d28bcb89c7ce1e116cfe6ce17d,YWGC,V39Y;D40W;V54C,3,"[39,40,54]",3,False,True,4
kg_base_al,0,3,knowledge_agent-s11-f00-GB1-hierarchical-kg_base_al-f00-20260820T215844624477Z,24,sha256:cc634439101a5b41b7d763a9363b8959431f4b5dd9769361bc9e78a31ab3c554,CFGY,V39C;D40F;V54Y,3,"[39,40,54]",3,False,True,7
kg_base_al,0,3,knowledge_agent-s11-f00-GB1-hierarchical-kg_base_al-f00-20260820T215844624477Z,25,sha256:018bbe16ac0d9d5d34eeeb47291baf7f1ea92d192c25d02071e1dc1c7822282d,LHKV,V39L;D40H;G41K,3,"[39,40,41]",3,False,False,
kg_base_al,0,3,knowledge_agent-s11-f00-GB1-hierarchical-kg_base_al-f00-20260820T215844624477Z,26,sha256:fd55d909ae025095df61140b43b4860dff5a15e1f0c2e1a058764ce81d2a2c38,WHGC,V39W;D40H;V54C,3,"[39,40,54]",3,False,True,12
kg_base_al,0,3,knowledge_agent-s11-f00-GB1-hierarchical-kg_base_al-f00-20260820T215844624477Z,27,sha256:6ecf6f37c72e67eefc9ae1437bbe3c3f250ef608741b679915c051113e433479,IHGW,V39I;D40H;V54W,3,"[39,40,54]",3,False,True,10
kg_base_al,0,3,knowledge_agent-s11-f00-GB1-hierarchical-kg_base_al-f00-20260820T215844624477Z,28,sha256:210174a3bb738dd3d5120f0ee653f5cb8670234df0fb0512b81907507c79d5ce,IFGI,V39I;D40F;V54I,3,"[39,40,54]",3,False,False,
kg_base_al,0,3,knowledge_agent-s11-f00-GB1-hierarchical-kg_base_al-f00-20260820T215844624477Z,29,sha256:1d72c0f576d4f2a6b70aa1af3201914e2b4ad4be1052d7e80a7d7443411b90f9,IWRC,V39I;D40W;G41R;V54C,4,"[39,40,41,54]",3,False,True,11
kg_base_al,0,3,knowledge_agent-s11-f00-GB1-hierarchical-kg_base_al-f00-20260820T215844624477Z,30,sha256:a245f8bbd9bf090e505934bdecd21f0f946aa99264eb81bafa98b63a729b0964,IHRA,V39I;D40H;G41R;V54A,4,"[39,40,41,54]",3,False,False,
kg_base_al,0,3,knowledge_agent-s11-f00-GB1-hierarchical-kg_base_al-f00-20260820T215844624477Z,31,sha256:8ebfea9a531762666cd9d5bec79f42028d170f02deb761e424bb16fd81bc4ad1,IMGC,V39I;D40M;V54C,3,"[39,40,54]",3,False,True,6
kg_base_al,0,3,knowledge_agent-s11-f00-GB1-hierarchical-kg_base_al-f00-20260820T215844624477Z,32,sha256:a84d1ab4828abcd33469edfaee79661b464430dd36963e8b7da27750415b9f8d,CWSC,V39C;D40W;G41S;V54C,4,"[39,40,41,54]",3,False,False,
kg_base_al,1,1,knowledge_agent-s11-f01-GB1-hierarchical-kg_base_al-f01-20260820T221313830308Z,1,sha256:307461a373aba288eae2e692ff51a5cdcd8f0cc721d0b3cdaa367bbee3bd9852,MAGC,V39M;D40A;V54C,3,"[39,40,54]",4,True,False,
kg_base_al,1,1,knowledge_agent-s11-f01-GB1-hierarchical-kg_base_al-f01-20260820T221313830308Z,2,sha256:e0516f662de2309be8567e123afaf198b79c6b8394e54810de198803d97926b9,MWGC,V39M;D40W;V54C,3,"[39,40,54]",4,True,True,8
kg_base_al,1,1,knowledge_agent-s11-f01-GB1-hierarchical-kg_base_al-f01-20260820T221313830308Z,3,sha256:6163e69087b0262025a4795b907548d84c094d7c214ae0cdd177c7d056efadc8,LIGC,V39L;D40I;V54C,3,"[39,40,54]",4,True,True,14
kg_base_al,1,1,knowledge_agent-s11-f01-GB1-hierarchical-kg_base_al-f01-20260820T221313830308Z,4,sha256:6f8721d4e6354c82389a55d5622c66c0af2e220b627e5a2befb5318c2406bb87,LAGC,V39L;D40A;V54C,3,"[39,40,54]",4,True,True,16
kg_base_al,1,1,knowledge_agent-s11-f01-GB1-hierarchical-kg_base_al-f01-20260820T221313830308Z,5,sha256:d6e96606053307faa1ba6405d996e751c9c9915acffd95490f1d1c7de2faa1ed,IVGV,V39I;D40V,2,"[39,40]",4,True,False,
kg_base_al,1,1,knowledge_agent-s11-f01-GB1-hierarchical-kg_base_al-f01-20260820T221313830308Z,6,sha256:c6f7241c5baf429461d4155ada401c1e6713aba10862f39416bf438c68893b1e,LHGA,V39L;D40H;V54A,3,"[39,40,54]",4,True,False,
kg_base_al,1,1,knowledge_agent-s11-f01-GB1-hierarchical-kg_base_al-f01-20260820T221313830308Z,7,sha256:4dc134999aaac11cca9963ee105d20891ff7c3e4b12fa27ab24960f98683406e,CHGC,V39C;D40H;V54C,3,"[39,40,54]",4,True,True,2
kg_base_al,1,1,knowledge_agent-s11-f01-GB1-hierarchical-kg_base_al-f01-20260820T221313830308Z,8,sha256:dd63966b253acc832fc7f9c13bb134d06080e91bbab94c62bd2d80ffadf70bde,CYGC,V39C;D40Y;V54C,3,"[39,40,54]",4,True,True,5
kg_base_al,1,1,knowledge_agent-s11-f01-GB1-hierarchical-kg_base_al-f01-20260820T221313830308Z,9,sha256:d92358a0200ba356679be0e9a373898778be03628196f9a4c6f1e010846c11aa,LIGV,V39L;D40I,2,"[39,40]",4,True,False,
kg_base_al,1,1,knowledge_agent-s11-f01-GB1-hierarchical-kg_base_al-f01-20260820T221313830308Z,10,sha256:648a58c1136e58ad2f1666370f4a11707df38a2f596407bb78af38ed9d142ad0,LFGV,V39L;D40F,2,"[39,40]",4,True,True,7
kg_base_al,1,1,knowledge_agent-s11-f01-GB1-hierarchical-kg_base_al-f01-20260820T221313830308Z,11,sha256:4689bff2e5c4ea794349cec7c41643840d874d43bb602bb8949742c5d373c65f,MHGC,V39M;D40H;V54C,3,"[39,40,54]",4,True,False,
kg_base_al,1,1,knowledge_agent-s11-f01-GB1-hierarchical-kg_base_al-f01-20260820T221313830308Z,12,sha256:46df803a3c1defc675b123a5d8bf6e605649ea0a9820b9efed9a186b024ec34e,IIGV,V39I;D40I,2,"[39,40]",4,True,False,
kg_base_al,1,1,knowledge_agent-s11-f01-GB1-hierarchical-kg_base_al-f01-20260820T221313830308Z,13,sha256:3c713612e6e7377b7c72a990db12887dcfb299ecd7d25aa36e686796728b87a3,MYGV,V39M;D40Y,2,"[39,40]",4,True,True,9
kg_base_al,1,1,knowledge_agent-s11-f01-GB1-hierarchical-kg_base_al-f01-20260820T221313830308Z,14,sha256:8adcc9749599afd1dcad3ef9086feca9afaac8e0654ab85131de9e30f5b67919,LYGV,V39L;D40Y,2,"[39,40]",4,True,True,1
kg_base_al,1,1,knowledge_agent-s11-f01-GB1-hierarchical-kg_base_al-f01-20260820T221313830308Z,15,sha256:7864916b36a5b82ad12fefe51e37da475ec3e566827ad38f4dcfd862ae995bf3,CAGV,V39C;D40A,2,"[39,40]",4,True,False,
kg_base_al,1,1,knowledge_agent-s11-f01-GB1-hierarchical-kg_base_al-f01-20260820T221313830308Z,16,sha256:3a7adba769d374f88cba01eb4686cb18884a40cfb15f1b9189d5b5e582f22637,LWGC,V39L;D40W;V54C,3,"[39,40,54]",4,True,True,11
kg_base_al,1,1,knowledge_agent-s11-f01-GB1-hierarchical-kg_base_al-f01-20260820T221313830308Z,17,sha256:2586a33b8e4f0455b11f05a7aa324fea114d5ba5a3f74c65b4e92d55dc532959,MYGC,V39M;D40Y;V54C,3,"[39,40,54]",4,True,True,15
kg_base_al,1,1,knowledge_agent-s11-f01-GB1-hierarchical-kg_base_al-f01-20260820T221313830308Z,18,sha256:788697cdf7a733a185433fc9deb43541d4f9750da333ceeaa00dece46ce2182c,CHGA,V39C;D40H;V54A,3,"[39,40,54]",4,True,False,
kg_base_al,1,1,knowledge_agent-s11-f01-GB1-hierarchical-kg_base_al-f01-20260820T221313830308Z,19,sha256:ea311b2db0ed1b706516e9e18caa9bf8c4dcb63f8b20e9ee2b7be4eabd634c04,CIGA,V39C;D40I;V54A,3,"[39,40,54]",4,True,False,
kg_base_al,1,1,knowledge_agent-s11-f01-GB1-hierarchical-kg_base_al-f01-20260820T221313830308Z,20,sha256:d50b7e55910b0a89b394d501d08d9e767efa644790aac1f72b5026f79c9dfc78,MWGV,V39M;D40W,2,"[39,40]",4,True,False,
kg_base_al,1,1,knowledge_agent-s11-f01-GB1-hierarchical-kg_base_al-f01-20260820T221313830308Z,21,sha256:2709bec57f65855375eeaacdd1e4459a3545ee24b73ea65eec25abb82a5e3d89,CVGV,V39C;D40V,2,"[39,40]",4,True,False,
kg_base_al,1,1,knowledge_agent-s11-f01-GB1-hierarchical-kg_base_al-f01-20260820T221313830308Z,22,sha256:89aa1f69fc838be5d6509323dbf709dfb447f5c27a08c7f09bc0332706d035dc,MVGC,V39M;D40V;V54C,3,"[39,40,54]",4,True,False,
kg_base_al,1,1,knowledge_agent-s11-f01-GB1-hierarchical-kg_base_al-f01-20260820T221313830308Z,23,sha256:6d8e0cdef006c0c23a734adb9e7c45f89b3af32d1ca32da46584df83134c67f0,IHGV,V39I;D40H,2,"[39,40]",4,True,True,13
kg_base_al,1,1,knowledge_agent-s11-f01-GB1-hierarchical-kg_base_al-f01-20260820T221313830308Z,24,sha256:335a9f68d105e1b2c741b6ced91d700d8ae50342735fa341a98379ae87245479,IWGV,V39I;D40W,2,"[39,40]",4,True,True,6
kg_base_al,1,1,knowledge_agent-s11-f01-GB1-hierarchical-kg_base_al-f01-20260820T221313830308Z,25,sha256:234fae72c8e1228f6b0796f15f2bbde6a4690a5b26596e7e81ef6b54cf55ef82,MYGA,V39M;D40Y;V54A,3,"[39,40,54]",4,True,False,
kg_base_al,1,1,knowledge_agent-s11-f01-GB1-hierarchical-kg_base_al-f01-20260820T221313830308Z,26,sha256:c44ce65e557f1cef595ddeb543bbe42fb0fb26c6a2cedd8a66806bea2f7d18de,MIGV,V39M;D40I,2,"[39,40]",4,True,False,
kg_base_al,1,1,knowledge_agent-s11-f01-GB1-hierarchical-kg_base_al-f01-20260820T221313830308Z,27,sha256:04e5002382df677e21429b11103944cfab2115e58f22d0264def41cfd8372ddf,IIGA,V39I;D40I;V54A,3,"[39,40,54]",4,True,False,
kg_base_al,1,1,knowledge_agent-s11-f01-GB1-hierarchical-kg_base_al-f01-20260820T221313830308Z,28,sha256:95ba9d0886cdbf65693d404e472527e767188d380ae682a468379381e5e64f2a,MAGV,V39M;D40A,2,"[39,40]",4,True,False,
kg_base_al,1,1,knowledge_agent-s11-f01-GB1-hierarchical-kg_base_al-f01-20260820T221313830308Z,29,sha256:915b881aa31bfe7ff503bb05e5df8400a43f987aa10d7e4d9451afc5c689b47a,LHGV,V39L;D40H,2,"[39,40]",4,True,True,12
kg_base_al,1,1,knowledge_agent-s11-f01-GB1-hierarchical-kg_base_al-f01-20260820T221313830308Z,30,sha256:6426d92a5e51c3ecccddd0f5343ffaead003713e620db4591cc01d0c82cc0796,LYGC,V39L;D40Y;V54C,3,"[39,40,54]",4,True,True,3
kg_base_al,1,1,knowledge_agent-s11-f01-GB1-hierarchical-kg_base_al-f01-20260820T221313830308Z,31,sha256:3fa07c46e7d0259ba56a74c1533d1f8bf13e298dd9bced0e748419291bc4eed0,IFGV,V39I;D40F,2,"[39,40]",4,True,True,10
kg_base_al,1,1,knowledge_agent-s11-f01-GB1-hierarchical-kg_base_al-f01-20260820T221313830308Z,32,sha256:f76dde0b09a70424006fc41e57e7585914152be6586fbe95e7f63f7dde771b00,LWGV,V39L;D40W,2,"[39,40]",4,True,True,4
kg_base_al,1,2,knowledge_agent-s11-f01-GB1-hierarchical-kg_base_al-f01-20260820T221313830308Z,1,sha256:d50b7e55910b0a89b394d501d08d9e767efa644790aac1f72b5026f79c9dfc78,MWGV,V39M;D40W,2,"[39,40]",4,True,False,
kg_base_al,1,2,knowledge_agent-s11-f01-GB1-hierarchical-kg_base_al-f01-20260820T221313830308Z,2,sha256:cad29236742d162b31dab9d4587a36b7578ea8c4a2ed7c7ce6832b41dd8696a0,IYGC,V39I;D40Y;V54C,3,"[39,40,54]",4,True,True,4
kg_base_al,1,2,knowledge_agent-s11-f01-GB1-hierarchical-kg_base_al-f01-20260820T221313830308Z,3,sha256:45302fd2336c6f0c849be772b66c0a97eda8cb186cc1ecd62d3bdb256da12568,IWGC,V39I;D40W;V54C,3,"[39,40,54]",4,True,True,7
kg_base_al,1,2,knowledge_agent-s11-f01-GB1-hierarchical-kg_base_al-f01-20260820T221313830308Z,4,sha256:9118a42e0189eb5c2e6387cd11974e91add4b2cbdf22c180fb6fccea22475fc2,CFGV,V39C;D40F,2,"[39,40]",4,True,True,10
kg_base_al,1,2,knowledge_agent-s11-f01-GB1-hierarchical-kg_base_al-f01-20260820T221313830308Z,5,sha256:d05664b827f5087265ff8d7edbd02000546e8538f72270fc9585a4974800db7d,CWGC,V39C;D40W;V54C,3,"[39,40,54]",4,True,True,15
kg_base_al,1,2,knowledge_agent-s11-f01-GB1-hierarchical-kg_base_al-f01-20260820T221313830308Z,6,sha256:f1273a6eea037de3f26ca61247407617ca9068f09217dc03497dbc042d26c3b7,CHGV,V39C;D40H,2,"[39,40]",4,True,False,
kg_base_al,1,2,knowledge_agent-s11-f01-GB1-hierarchical-kg_base_al-f01-20260820T221313830308Z,7,sha256:22a7cd8d7b4178f7f9703976d32303e1a1d46b6b7fc3184ae1a72f783a4b9b39,IHGC,V39I;D40H;V54C,3,"[39,40,54]",4,True,False,
kg_base_al,1,2,knowledge_agent-s11-f01-GB1-hierarchical-kg_base_al-f01-20260820T221313830308Z,8,sha256:8287e39d0cef852c01bf15c9447ec202121712f870911d9d5b16cd8d917834bc,IFGC,V39I;D40F;V54C,3,"[39,40,54]",4,True,True,12
kg_base_al,1,2,knowledge_agent-s11-f01-GB1-hierarchical-kg_base_al-f01-20260820T221313830308Z,9,sha256:f8ee04236ace863a6c1cf3e75d51c85514b655dd0f5db101c63a33f4488a70f1,IYGV,V39I;D40Y,2,"[39,40]",4,True,True,1
kg_base_al,1,2,knowledge_agent-s11-f01-GB1-hierarchical-kg_base_al-f01-20260820T221313830308Z,10,sha256:7f4370d371185a64f6d75d6d538d7688766483ee37b16177c3ed08f4ca918274,MFGV,V39M;D40F,2,"[39,40]",4,True,False,
kg_base_al,1,2,knowledge_agent-s11-f01-GB1-hierarchical-kg_base_al-f01-20260820T221313830308Z,11,sha256:9e6bbd4f6124c6f03b94ef7116ed62eb83b01136ff4517648fb376946f7cccca,CWGV,V39C;D40W,2,"[39,40]",4,True,True,9
kg_base_al,1,2,knowledge_agent-s11-f01-GB1-hierarchical-kg_base_al-f01-20260820T221313830308Z,12,sha256:7426224e5b72b3ed239efd30dc5baf8a27836c30c4ff0cb5ed7893eb0a866b00,LHGC,V39L;D40H;V54C,3,"[39,40,54]",4,True,True,13
kg_base_al,1,2,knowledge_agent-s11-f01-GB1-hierarchical-kg_base_al-f01-20260820T221313830308Z,13,sha256:675833a4680f9493d436732befe433d271af4af210a0374668e56d15e8823200,MHGV,V39M;D40H,2,"[39,40]",4,True,False,
kg_base_al,1,2,knowledge_agent-s11-f01-GB1-hierarchical-kg_base_al-f01-20260820T221313830308Z,14,sha256:ec5ad5d2f7e6d270f12f94668c7314840a00bf7e54f3c2b66f55b5bead4c6f06,CFGC,V39C;D40F;V54C,3,"[39,40,54]",4,True,True,14
kg_base_al,1,2,knowledge_agent-s11-f01-GB1-hierarchical-kg_base_al-f01-20260820T221313830308Z,15,sha256:4689bff2e5c4ea794349cec7c41643840d874d43bb602bb8949742c5d373c65f,MHGC,V39M;D40H;V54C,3,"[39,40,54]",4,True,False,
kg_base_al,1,2,knowledge_agent-s11-f01-GB1-hierarchical-kg_base_al-f01-20260820T221313830308Z,16,sha256:8e657d0fd47cdf40288b579d2c122e8346ae90787d76e537355e4caa3e6a6fd9,MFGC,V39M;D40F;V54C,3,"[39,40,54]",4,True,True,16
kg_base_al,1,2,knowledge_agent-s11-f01-GB1-hierarchical-kg_base_al-f01-20260820T221313830308Z,17,sha256:6cc7e7bc80ceb74ef44f0e9a870d748761997d1716b5b259a44e5526ca97b39c,QYGV,V39Q;D40Y,2,"[39,40]",3,False,True,6
kg_base_al,1,2,knowledge_agent-s11-f01-GB1-hierarchical-kg_base_al-f01-20260820T221313830308Z,18,sha256:17b376778e33e02919df87bb74fc79c6a108b5179a347b0de8f3454ec1fa0d03,MWFV,V39M;D40W;G41F,3,"[39,40,41]",3,False,False,
kg_base_al,1,2,knowledge_agent-s11-f01-GB1-hierarchical-kg_base_al-f01-20260820T221313830308Z,19,sha256:3f551ca106ee8352aeef04eb01aeb6013a90093ebb0c758c0ab4a1f1f0df1e36,CFGE,V39C;D40F;V54E,3,"[39,40,54]",3,False,True,8
kg_base_al,1,2,knowledge_agent-s11-f01-GB1-hierarchical-kg_base_al-f01-20260820T221313830308Z,20,sha256:2aa6794410496a3746bd352cf62229516204f9f3edcc9e2d2c7388c427610359,LWMV,V39L;D40W;G41M,3,"[39,40,41]",3,False,False,
kg_base_al,1,2,knowledge_agent-s11-f01-GB1-hierarchical-kg_base_al-f01-20260820T221313830308Z,21,sha256:f074f55c257c39299c1c959b4a888f7d256fcb38776761d1b6b8ad9c81e94975,CHMV,V39C;D40H;G41M,3,"[39,40,41]",3,False,False,
kg_base_al,1,2,knowledge_agent-s11-f01-GB1-hierarchical-kg_base_al-f01-20260820T221313830308Z,22,sha256:bfa39652ae2e0e6adacecdadff050d11336cc3fa167ffde7918476620596830a,LFTC,V39L;D40F;G41T;V54C,4,"[39,40,41,54]",3,False,False,
kg_base_al,1,2,knowledge_agent-s11-f01-GB1-hierarchical-kg_base_al-f01-20260820T221313830308Z,23,sha256:aed7f7ca94f054b29aa1f889d9fe956349e32b207e69c566b98c63355efc3579,CHGL,V39C;D40H;V54L,3,"[39,40,54]",3,False,False,
kg_base_al,1,2,knowledge_agent-s11-f01-GB1-hierarchical-kg_base_al-f01-20260820T221313830308Z,24,sha256:933241c7d95eca421de0f44b2dcf64daba251b1e22b0ecd3e54ce7f321820bc4,IQGC,V39I;D40Q;V54C,3,"[39,40,54]",3,False,False,
kg_base_al,1,2,knowledge_agent-s11-f01-GB1-hierarchical-kg_base_al-f01-20260820T221313830308Z,25,sha256:f1d05ee42fef7dc3b750bc9731cf020880e507727575cd8edcfceed6eae15a54,KFGV,V39K;D40F,2,"[39,40]",3,False,False,
kg_base_al,1,2,knowledge_agent-s11-f01-GB1-hierarchical-kg_base_al-f01-20260820T221313830308Z,26,sha256:d52eddb66c04a03418cb6742c5b53655436862c88069d1aa7c18c697f763102e,IWYV,V39I;D40W;G41Y,3,"[39,40,41]",3,False,False,
kg_base_al,1,2,knowledge_agent-s11-f01-GB1-hierarchical-kg_base_al-f01-20260820T221313830308Z,27,sha256:fdfef8ba3a085436dd7e4e1638305313ec119ea428c0a8bbe76109efb4967b7f,CHMC,V39C;D40H;G41M;V54C,4,"[39,40,41,54]",3,False,True,2
kg_base_al,1,2,knowledge_agent-s11-f01-GB1-hierarchical-kg_base_al-f01-20260820T221313830308Z,28,sha256:6b0d543538952a28b7f694802c7fc9773da1f3260d73124902d40bfc787818e3,THGV,V39T;D40H,2,"[39,40]",3,False,False,
kg_base_al,1,2,knowledge_agent-s11-f01-GB1-hierarchical-kg_base_al-f01-20260820T221313830308Z,29,sha256:1bf8ea045c6e84f153728886d69f231ecc44efe81e1436fae319897d1e781d6a,LHLC,V39L;D40H;G41L;V54C,4,"[39,40,41,54]",3,False,True,5
kg_base_al,1,2,knowledge_agent-s11-f01-GB1-hierarchical-kg_base_al-f01-20260820T221313830308Z,30,sha256:861a2dc11c46cf766e9afdcad8413f2047ca1639a9c527f8917bd28241dacb1b,LYHV,V39L;D40Y;G41H,3,"[39,40,41]",3,False,True,3
kg_base_al,1,2,knowledge_agent-s11-f01-GB1-hierarchical-kg_base_al-f01-20260820T221313830308Z,31,sha256:d1ee7e75c0754782805d0c6c02a5ff92c9961f5933f4d7d5a379be794c81c5d3,LWAV,V39L;D40W;G41A,3,"[39,40,41]",3,False,False,
kg_base_al,1,2,knowledge_agent-s11-f01-GB1-hierarchical-kg_base_al-f01-20260820T221313830308Z,32,sha256:578334d4d66157df5a2d3c325ef9dfbb2a0055a78dee46a2be09aac03cb1788e,LHAC,V39L;D40H;G41A;V54C,4,"[39,40,41,54]",3,False,True,11
kg_base_al,1,3,knowledge_agent-s11-f01-GB1-hierarchical-kg_base_al-f01-20260820T221313830308Z,1,sha256:84edffd46cf58545dc887d21540771c0ef3b7db438daa8c07f982f06c3d41b58,IWGA,V39I;D40W;V54A,3,"[39,40,54]",4,True,True,1
kg_base_al,1,3,knowledge_agent-s11-f01-GB1-hierarchical-kg_base_al-f01-20260820T221313830308Z,2,sha256:7f4370d371185a64f6d75d6d538d7688766483ee37b16177c3ed08f4ca918274,MFGV,V39M;D40F,2,"[39,40]",4,True,True,15
kg_base_al,1,3,knowledge_agent-s11-f01-GB1-hierarchical-kg_base_al-f01-20260820T221313830308Z,3,sha256:c6f7241c5baf429461d4155ada401c1e6713aba10862f39416bf438c68893b1e,LHGA,V39L;D40H;V54A,3,"[39,40,54]",4,True,True,7
kg_base_al,1,3,knowledge_agent-s11-f01-GB1-hierarchical-kg_base_al-f01-20260820T221313830308Z,4,sha256:d50b7e55910b0a89b394d501d08d9e767efa644790aac1f72b5026f79c9dfc78,MWGV,V39M;D40W,2,"[39,40]",4,True,True,9
kg_base_al,1,3,knowledge_agent-s11-f01-GB1-hierarchical-kg_base_al-f01-20260820T221313830308Z,5,sha256:4689bff2e5c4ea794349cec7c41643840d874d43bb602bb8949742c5d373c65f,MHGC,V39M;D40H;V54C,3,"[39,40,54]",4,True,False,
kg_base_al,1,3,knowledge_agent-s11-f01-GB1-hierarchical-kg_base_al-f01-20260820T221313830308Z,6,sha256:f1273a6eea037de3f26ca61247407617ca9068f09217dc03497dbc042d26c3b7,CHGV,V39C;D40H,2,"[39,40]",4,True,False,
kg_base_al,1,3,knowledge_agent-s11-f01-GB1-hierarchical-kg_base_al-f01-20260820T221313830308Z,7,sha256:c004108080543f240c5cde5d7aab4cf985d8e8daf2178d547dd5d31573e78c0c,LWGA,V39L;D40W;V54A,3,"[39,40,54]",4,True,True,4
kg_base_al,1,3,knowledge_agent-s11-f01-GB1-hierarchical-kg_base_al-f01-20260820T221313830308Z,8,sha256:234fae72c8e1228f6b0796f15f2bbde6a4690a5b26596e7e81ef6b54cf55ef82,MYGA,V39M;D40Y;V54A,3,"[39,40,54]",4,True,False,
kg_base_al,1,3,knowledge_agent-s11-f01-GB1-hierarchical-kg_base_al-f01-20260820T221313830308Z,9,sha256:146f994851540dcf3fe10fcaf46e6423e3756b7291483e7288dfdd7a7e393fad,IYGA,V39I;D40Y;V54A,3,"[39,40,54]",4,True,True,3
kg_base_al,1,3,knowledge_agent-s11-f01-GB1-hierarchical-kg_base_al-f01-20260820T221313830308Z,10,sha256:22a7cd8d7b4178f7f9703976d32303e1a1d46b6b7fc3184ae1a72f783a4b9b39,IHGC,V39I;D40H;V54C,3,"[39,40,54]",4,True,True,6
kg_base_al,1,3,knowledge_agent-s11-f01-GB1-hierarchical-kg_base_al-f01-20260820T221313830308Z,11,sha256:8fc0755de9cdab91faf47b2acd1f7b0e95c20c28539871fa6f56ac8e6299a167,CFGA,V39C;D40F;V54A,3,"[39,40,54]",4,True,False,
kg_base_al,1,3,knowledge_agent-s11-f01-GB1-hierarchical-kg_base_al-f01-20260820T221313830308Z,12,sha256:8cb6b7ff31c0b2b46054d659d140cd4b027c8c761b86aaada4e19478d97a77d0,LFGA,V39L;D40F;V54A,3,"[39,40,54]",4,True,True,10
kg_base_al,1,3,knowledge_agent-s11-f01-GB1-hierarchical-kg_base_al-f01-20260820T221313830308Z,13,sha256:788697cdf7a733a185433fc9deb43541d4f9750da333ceeaa00dece46ce2182c,CHGA,V39C;D40H;V54A,3,"[39,40,54]",4,True,False,
kg_base_al,1,3,knowledge_agent-s11-f01-GB1-hierarchical-kg_base_al-f01-20260820T221313830308Z,14,sha256:44a636657855b95504090d15d1c1c314fc037458aedfdad6d298ed4dfeabf3e9,CWGA,V39C;D40W;V54A,3,"[39,40,54]",4,True,True,16
kg_base_al,1,3,knowledge_agent-s11-f01-GB1-hierarchical-kg_base_al-f01-20260820T221313830308Z,15,sha256:675833a4680f9493d436732befe433d271af4af210a0374668e56d15e8823200,MHGV,V39M;D40H,2,"[39,40]",4,True,False,
kg_base_al,1,3,knowledge_agent-s11-f01-GB1-hierarchical-kg_base_al-f01-20260820T221313830308Z,16,sha256:7a80cd1cbe614fad028abe3adc42c62d7a051465459091413f5e6da653e9f6b6,MFGA,V39M;D40F;V54A,3,"[39,40,54]",4,True,True,11
kg_base_al,1,3,knowledge_agent-s11-f01-GB1-hierarchical-kg_base_al-f01-20260820T221313830308Z,17,sha256:75d36172ea6d24bbc4cb1298b0fbc8767d8421ad9bc88e333fa08cd3478c6f1b,MFDC,V39M;D40F;G41D;V54C,4,"[39,40,41,54]",3,False,False,
kg_base_al,1,3,knowledge_agent-s11-f01-GB1-hierarchical-kg_base_al-f01-20260820T221313830308Z,18,sha256:81c8be72d6848ccb2c3227480f44d6cf83d767ae36f531f6d742ccf4d8233865,LWHA,V39L;D40W;G41H;V54A,4,"[39,40,41,54]",3,False,False,
kg_base_al,1,3,knowledge_agent-s11-f01-GB1-hierarchical-kg_base_al-f01-20260820T221313830308Z,19,sha256:c139cd66c31c49d08a630f77624d3621c2825494ef4e3864ae19a75ee9badf6b,CWMV,V39C;D40W;G41M,3,"[39,40,41]",3,False,False,
kg_base_al,1,3,knowledge_agent-s11-f01-GB1-hierarchical-kg_base_al-f01-20260820T221313830308Z,20,sha256:724e43b3ebbc31b028f71bdb126cae0ce67f02a6cebaf54e3ddab90e6cc107b5,LFGM,V39L;D40F;V54M,3,"[39,40,54]",3,False,True,13
kg_base_al,1,3,knowledge_agent-s11-f01-GB1-hierarchical-kg_base_al-f01-20260820T221313830308Z,21,sha256:0d99cbd6c7c213fa181d76234ef51f4c688e3c5d4c73c7e0f79b7749f8827723,CHPC,V39C;D40H;G41P;V54C,4,"[39,40,41,54]",3,False,False,
kg_base_al,1,3,knowledge_agent-s11-f01-GB1-hierarchical-kg_base_al-f01-20260820T221313830308Z,22,sha256:ad6a679f37023b04775b80669f369232860f288bcc139839b80373722e1c1a16,IWAV,V39I;D40W;G41A,3,"[39,40,41]",3,False,False,
kg_base_al,1,3,knowledge_agent-s11-f01-GB1-hierarchical-kg_base_al-f01-20260820T221313830308Z,23,sha256:e27efc50db4fba09a0022840899c45f2f1ad7e6a167ef8887e724c9e9750eb9f,MWKV,V39M;D40W;G41K,3,"[39,40,41]",3,False,False,
kg_base_al,1,3,knowledge_agent-s11-f01-GB1-hierarchical-kg_base_al-f01-20260820T221313830308Z,24,sha256:7c665996ec2dab2ce35abf61bd5a0a78d2a25331e02b200f3de543ed3ece10ae,MMGV,V39M;D40M,2,"[39,40]",3,False,False,
kg_base_al,1,3,knowledge_agent-s11-f01-GB1-hierarchical-kg_base_al-f01-20260820T221313830308Z,25,sha256:ffd0b779798cfab44054c754b3241cef064cd2c86a026c342c950a5a3dca6ba0,LWFV,V39L;D40W;G41F,3,"[39,40,41]",3,False,False,
kg_base_al,1,3,knowledge_agent-s11-f01-GB1-hierarchical-kg_base_al-f01-20260820T221313830308Z,26,sha256:8dfd510cc5d833fdae80ec4190fa236a9a06f4dd1b5b6ae5585230b15db28328,IAGA,V39I;D40A;V54A,3,"[39,40,54]",3,False,True,12
kg_base_al,1,3,knowledge_agent-s11-f01-GB1-hierarchical-kg_base_al-f01-20260820T221313830308Z,27,sha256:80998861f9b0db6e91fb05c4ceb9c8015b4b43fc6bc7983ee64d8dede568506e,HHGA,V39H;D40H;V54A,3,"[39,40,54]",3,False,False,
kg_base_al,1,3,knowledge_agent-s11-f01-GB1-hierarchical-kg_base_al-f01-20260820T221313830308Z,28,sha256:329ce9c2fffb13eb6f4dd9eb79fd8f142ae7a8c271aa719335bffd316f3b088d,FFGC,V39F;D40F;V54C,3,"[39,40,54]",3,False,True,14
kg_base_al,1,3,knowledge_agent-s11-f01-GB1-hierarchical-kg_base_al-f01-20260820T221313830308Z,29,sha256:26c6054b2ced3dd002bff759a77a23b8738e99da96e7e7798edc05f69c27384d,IHGK,V39I;D40H;V54K,3,"[39,40,54]",3,False,True,5
kg_base_al,1,3,knowledge_agent-s11-f01-GB1-hierarchical-kg_base_al-f01-20260820T221313830308Z,30,sha256:e7136b679504181ecaa94b1e5602f3d492914c823418458648edc21db246648a,CHGQ,V39C;D40H;V54Q,3,"[39,40,54]",3,False,True,8
kg_base_al,1,3,knowledge_agent-s11-f01-GB1-hierarchical-kg_base_al-f01-20260820T221313830308Z,31,sha256:43f3f41c1782d18178f76c1b454c912f915e12c0af8578b31a732a12bba85334,CWTV,V39C;D40W;G41T,3,"[39,40,41]",3,False,False,
kg_base_al,1,3,knowledge_agent-s11-f01-GB1-hierarchical-kg_base_al-f01-20260820T221313830308Z,32,sha256:0461235df0122fbabf92b8ddb5cc01d62676e4b7856449c46b7208415ef26754,IWRA,V39I;D40W;G41R;V54A,4,"[39,40,41,54]",3,False,True,2
kg_base_al,2,1,knowledge_agent-s11-f02-GB1-hierarchical-kg_base_al-f02-20260820T222618938269Z,1,sha256:915b881aa31bfe7ff503bb05e5df8400a43f987aa10d7e4d9451afc5c689b47a,LHGV,V39L;D40H,2,"[39,40]",4,True,True,15
kg_base_al,2,1,knowledge_agent-s11-f02-GB1-hierarchical-kg_base_al-f02-20260820T222618938269Z,2,sha256:99527d4c0968c0e8e932b939fe6e1c9a52f5bd2e408da081d403cf6bbf0f1bef,LFGC,V39L;D40F;V54C,3,"[39,40,54]",4,True,True,13
kg_base_al,2,1,knowledge_agent-s11-f02-GB1-hierarchical-kg_base_al-f02-20260820T222618938269Z,3,sha256:f1273a6eea037de3f26ca61247407617ca9068f09217dc03497dbc042d26c3b7,CHGV,V39C;D40H,2,"[39,40]",4,True,False,
kg_base_al,2,1,knowledge_agent-s11-f02-GB1-hierarchical-kg_base_al-f02-20260820T222618938269Z,4,sha256:d05664b827f5087265ff8d7edbd02000546e8538f72270fc9585a4974800db7d,CWGC,V39C;D40W;V54C,3,"[39,40,54]",4,True,True,5
kg_base_al,2,1,knowledge_agent-s11-f02-GB1-hierarchical-kg_base_al-f02-20260820T222618938269Z,5,sha256:3a7adba769d374f88cba01eb4686cb18884a40cfb15f1b9189d5b5e582f22637,LWGC,V39L;D40W;V54C,3,"[39,40,54]",4,True,False,
kg_base_al,2,1,knowledge_agent-s11-f02-GB1-hierarchical-kg_base_al-f02-20260820T222618938269Z,6,sha256:84edffd46cf58545dc887d21540771c0ef3b7db438daa8c07f982f06c3d41b58,IWGA,V39I;D40W;V54A,3,"[39,40,54]",4,True,True,2
kg_base_al,2,1,knowledge_agent-s11-f02-GB1-hierarchical-kg_base_al-f02-20260820T222618938269Z,7,sha256:3fa07c46e7d0259ba56a74c1533d1f8bf13e298dd9bced0e748419291bc4eed0,IFGV,V39I;D40F,2,"[39,40]",4,True,True,14
kg_base_al,2,1,knowledge_agent-s11-f02-GB1-hierarchical-kg_base_al-f02-20260820T222618938269Z,8,sha256:f8ee04236ace863a6c1cf3e75d51c85514b655dd0f5db101c63a33f4488a70f1,IYGV,V39I;D40Y,2,"[39,40]",4,True,True,3
kg_base_al,2,1,knowledge_agent-s11-f02-GB1-hierarchical-kg_base_al-f02-20260820T222618938269Z,9,sha256:187bf4a7ad8ca6e9e3015ba357922df3b0b56fca4736d3a0e952e2d8ada21030,IHGA,V39I;D40H;V54A,3,"[39,40,54]",4,True,False,
kg_base_al,2,1,knowledge_agent-s11-f02-GB1-hierarchical-kg_base_al-f02-20260820T222618938269Z,10,sha256:9e6bbd4f6124c6f03b94ef7116ed62eb83b01136ff4517648fb376946f7cccca,CWGV,V39C;D40W,2,"[39,40]",4,True,False,
kg_base_al,2,1,knowledge_agent-s11-f02-GB1-hierarchical-kg_base_al-f02-20260820T222618938269Z,11,sha256:6426d92a5e51c3ecccddd0f5343ffaead003713e620db4591cc01d0c82cc0796,LYGC,V39L;D40Y;V54C,3,"[39,40,54]",4,True,True,4
kg_base_al,2,1,knowledge_agent-s11-f02-GB1-hierarchical-kg_base_al-f02-20260820T222618938269Z,12,sha256:c6f7241c5baf429461d4155ada401c1e6713aba10862f39416bf438c68893b1e,LHGA,V39L;D40H;V54A,3,"[39,40,54]",4,True,False,
kg_base_al,2,1,knowledge_agent-s11-f02-GB1-hierarchical-kg_base_al-f02-20260820T222618938269Z,13,sha256:8cb6b7ff31c0b2b46054d659d140cd4b027c8c761b86aaada4e19478d97a77d0,LFGA,V39L;D40F;V54A,3,"[39,40,54]",4,True,False,
kg_base_al,2,1,knowledge_agent-s11-f02-GB1-hierarchical-kg_base_al-f02-20260820T222618938269Z,14,sha256:8adcc9749599afd1dcad3ef9086feca9afaac8e0654ab85131de9e30f5b67919,LYGV,V39L;D40Y,2,"[39,40]",4,True,True,1
kg_base_al,2,1,knowledge_agent-s11-f02-GB1-hierarchical-kg_base_al-f02-20260820T222618938269Z,15,sha256:ec5ad5d2f7e6d270f12f94668c7314840a00bf7e54f3c2b66f55b5bead4c6f06,CFGC,V39C;D40F;V54C,3,"[39,40,54]",4,True,False,
kg_base_al,2,1,knowledge_agent-s11-f02-GB1-hierarchical-kg_base_al-f02-20260820T222618938269Z,16,sha256:0c27d24d79ae24742317846eba6b5fb65a951dee9c18a8ea61dff190fff050a8,LYGA,V39L;D40Y;V54A,3,"[39,40,54]",4,True,True,16
kg_base_al,2,1,knowledge_agent-s11-f02-GB1-hierarchical-kg_base_al-f02-20260820T222618938269Z,17,sha256:9118a42e0189eb5c2e6387cd11974e91add4b2cbdf22c180fb6fccea22475fc2,CFGV,V39C;D40F,2,"[39,40]",4,True,True,9
kg_base_al,2,1,knowledge_agent-s11-f02-GB1-hierarchical-kg_base_al-f02-20260820T222618938269Z,18,sha256:7426224e5b72b3ed239efd30dc5baf8a27836c30c4ff0cb5ed7893eb0a866b00,LHGC,V39L;D40H;V54C,3,"[39,40,54]",4,True,False,
kg_base_al,2,1,knowledge_agent-s11-f02-GB1-hierarchical-kg_base_al-f02-20260820T222618938269Z,19,sha256:648a58c1136e58ad2f1666370f4a11707df38a2f596407bb78af38ed9d142ad0,LFGV,V39L;D40F,2,"[39,40]",4,True,True,10
kg_base_al,2,1,knowledge_agent-s11-f02-GB1-hierarchical-kg_base_al-f02-20260820T222618938269Z,20,sha256:c1b4e800f07cdf1f0c008b456d7c71348718002fd42ac0988da415e8d203ea12,IFGA,V39I;D40F;V54A,3,"[39,40,54]",4,True,True,11
kg_base_al,2,1,knowledge_agent-s11-f02-GB1-hierarchical-kg_base_al-f02-20260820T222618938269Z,21,sha256:f76dde0b09a70424006fc41e57e7585914152be6586fbe95e7f63f7dde771b00,LWGV,V39L;D40W,2,"[39,40]",4,True,True,7
kg_base_al,2,1,knowledge_agent-s11-f02-GB1-hierarchical-kg_base_al-f02-20260820T222618938269Z,22,sha256:4dc134999aaac11cca9963ee105d20891ff7c3e4b12fa27ab24960f98683406e,CHGC,V39C;D40H;V54C,3,"[39,40,54]",4,True,True,8
kg_base_al,2,1,knowledge_agent-s11-f02-GB1-hierarchical-kg_base_al-f02-20260820T222618938269Z,23,sha256:788697cdf7a733a185433fc9deb43541d4f9750da333ceeaa00dece46ce2182c,CHGA,V39C;D40H;V54A,3,"[39,40,54]",4,True,False,
kg_base_al,2,1,knowledge_agent-s11-f02-GB1-hierarchical-kg_base_al-f02-20260820T222618938269Z,24,sha256:8fc0755de9cdab91faf47b2acd1f7b0e95c20c28539871fa6f56ac8e6299a167,CFGA,V39C;D40F;V54A,3,"[39,40,54]",4,True,False,
kg_base_al,2,1,knowledge_agent-s11-f02-GB1-hierarchical-kg_base_al-f02-20260820T222618938269Z,25,sha256:44a636657855b95504090d15d1c1c314fc037458aedfdad6d298ed4dfeabf3e9,CWGA,V39C;D40W;V54A,3,"[39,40,54]",4,True,False,
kg_base_al,2,1,knowledge_agent-s11-f02-GB1-hierarchical-kg_base_al-f02-20260820T222618938269Z,26,sha256:335a9f68d105e1b2c741b6ced91d700d8ae50342735fa341a98379ae87245479,IWGV,V39I;D40W,2,"[39,40]",4,True,True,6
kg_base_al,2,1,knowledge_agent-s11-f02-GB1-hierarchical-kg_base_al-f02-20260820T222618938269Z,27,sha256:6d8e0cdef006c0c23a734adb9e7c45f89b3af32d1ca32da46584df83134c67f0,IHGV,V39I;D40H,2,"[39,40]",4,True,False,
kg_base_al,2,1,knowledge_agent-s11-f02-GB1-hierarchical-kg_base_al-f02-20260820T222618938269Z,28,sha256:45302fd2336c6f0c849be772b66c0a97eda8cb186cc1ecd62d3bdb256da12568,IWGC,V39I;D40W;V54C,3,"[39,40,54]",4,True,False,
kg_base_al,2,1,knowledge_agent-s11-f02-GB1-hierarchical-kg_base_al-f02-20260820T222618938269Z,29,sha256:1ef3828bd26a9404c98efbe68c2daf51c8d051c9d251c5689b4ae3856796b6c5,CYGA,V39C;D40Y;V54A,3,"[39,40,54]",4,True,True,12
kg_base_al,2,1,knowledge_agent-s11-f02-GB1-hierarchical-kg_base_al-f02-20260820T222618938269Z,30,sha256:c004108080543f240c5cde5d7aab4cf985d8e8daf2178d547dd5d31573e78c0c,LWGA,V39L;D40W;V54A,3,"[39,40,54]",4,True,False,
kg_base_al,2,1,knowledge_agent-s11-f02-GB1-hierarchical-kg_base_al-f02-20260820T222618938269Z,31,sha256:7011d9a6a68230d2096f4f76ca16a8f93ab8f461fc01df7524296a22dcc90c1d,VHGC,D40H;V54C,2,"[40,54]",3,False,False,
kg_base_al,2,1,knowledge_agent-s11-f02-GB1-hierarchical-kg_base_al-f02-20260820T222618938269Z,32,sha256:cf449dbb455b9543d6bffd87d2cd22f6b390f3058c5170b6318e5040caf50085,CYFV,V39C;D40Y;G41F,3,"[39,40,41]",3,False,False,
kg_base_al,2,2,knowledge_agent-s11-f02-GB1-hierarchical-kg_base_al-f02-20260820T222618938269Z,1,sha256:6d8e0cdef006c0c23a734adb9e7c45f89b3af32d1ca32da46584df83134c67f0,IHGV,V39I;D40H,2,"[39,40]",4,True,True,13
kg_base_al,2,2,knowledge_agent-s11-f02-GB1-hierarchical-kg_base_al-f02-20260820T222618938269Z,2,sha256:45302fd2336c6f0c849be772b66c0a97eda8cb186cc1ecd62d3bdb256da12568,IWGC,V39I;D40W;V54C,3,"[39,40,54]",4,True,True,4
kg_base_al,2,2,knowledge_agent-s11-f02-GB1-hierarchical-kg_base_al-f02-20260820T222618938269Z,3,sha256:8fc0755de9cdab91faf47b2acd1f7b0e95c20c28539871fa6f56ac8e6299a167,CFGA,V39C;D40F;V54A,3,"[39,40,54]",4,True,False,
kg_base_al,2,2,knowledge_agent-s11-f02-GB1-hierarchical-kg_base_al-f02-20260820T222618938269Z,4,sha256:f1273a6eea037de3f26ca61247407617ca9068f09217dc03497dbc042d26c3b7,CHGV,V39C;D40H,2,"[39,40]",4,True,False,
kg_base_al,2,2,knowledge_agent-s11-f02-GB1-hierarchical-kg_base_al-f02-20260820T222618938269Z,5,sha256:3a7adba769d374f88cba01eb4686cb18884a40cfb15f1b9189d5b5e582f22637,LWGC,V39L;D40W;V54C,3,"[39,40,54]",4,True,True,1
kg_base_al,2,2,knowledge_agent-s11-f02-GB1-hierarchical-kg_base_al-f02-20260820T222618938269Z,6,sha256:7426224e5b72b3ed239efd30dc5baf8a27836c30c4ff0cb5ed7893eb0a866b00,LHGC,V39L;D40H;V54C,3,"[39,40,54]",4,True,True,6
kg_base_al,2,2,knowledge_agent-s11-f02-GB1-hierarchical-kg_base_al-f02-20260820T222618938269Z,7,sha256:187bf4a7ad8ca6e9e3015ba357922df3b0b56fca4736d3a0e952e2d8ada21030,IHGA,V39I;D40H;V54A,3,"[39,40,54]",4,True,False,
kg_base_al,2,2,knowledge_agent-s11-f02-GB1-hierarchical-kg_base_al-f02-20260820T222618938269Z,8,sha256:9e6bbd4f6124c6f03b94ef7116ed62eb83b01136ff4517648fb376946f7cccca,CWGV,V39C;D40W,2,"[39,40]",4,True,True,7
kg_base_al,2,2,knowledge_agent-s11-f02-GB1-hierarchical-kg_base_al-f02-20260820T222618938269Z,9,sha256:c6f7241c5baf429461d4155ada401c1e6713aba10862f39416bf438c68893b1e,LHGA,V39L;D40H;V54A,3,"[39,40,54]",4,True,True,14
kg_base_al,2,2,knowledge_agent-s11-f02-GB1-hierarchical-kg_base_al-f02-20260820T222618938269Z,10,sha256:788697cdf7a733a185433fc9deb43541d4f9750da333ceeaa00dece46ce2182c,CHGA,V39C;D40H;V54A,3,"[39,40,54]",4,True,False,
kg_base_al,2,2,knowledge_agent-s11-f02-GB1-hierarchical-kg_base_al-f02-20260820T222618938269Z,11,sha256:c004108080543f240c5cde5d7aab4cf985d8e8daf2178d547dd5d31573e78c0c,LWGA,V39L;D40W;V54A,3,"[39,40,54]",4,True,True,10
kg_base_al,2,2,knowledge_agent-s11-f02-GB1-hierarchical-kg_base_al-f02-20260820T222618938269Z,12,sha256:ec5ad5d2f7e6d270f12f94668c7314840a00bf7e54f3c2b66f55b5bead4c6f06,CFGC,V39C;D40F;V54C,3,"[39,40,54]",4,True,False,
kg_base_al,2,2,knowledge_agent-s11-f02-GB1-hierarchical-kg_base_al-f02-20260820T222618938269Z,13,sha256:44a636657855b95504090d15d1c1c314fc037458aedfdad6d298ed4dfeabf3e9,CWGA,V39C;D40W;V54A,3,"[39,40,54]",4,True,False,
kg_base_al,2,2,knowledge_agent-s11-f02-GB1-hierarchical-kg_base_al-f02-20260820T222618938269Z,14,sha256:8cb6b7ff31c0b2b46054d659d140cd4b027c8c761b86aaada4e19478d97a77d0,LFGA,V39L;D40F;V54A,3,"[39,40,54]",4,True,True,16
kg_base_al,2,2,knowledge_agent-s11-f02-GB1-hierarchical-kg_base_al-f02-20260820T222618938269Z,15,sha256:84f138500827f4b50496912f94b4c55ae8e1b9b60458c2855b9ed45dc1ffc367,IHTV,V39I;D40H;G41T,3,"[39,40,41]",3,False,False,
kg_base_al,2,2,knowledge_agent-s11-f02-GB1-hierarchical-kg_base_al-f02-20260820T222618938269Z,16,sha256:1b1132ef3ece66679243f697d4fd58bb2914fa90d022ea2277a61d1dd6390408,IWPC,V39I;D40W;G41P;V54C,4,"[39,40,41,54]",3,False,False,
kg_base_al,2,2,knowledge_agent-s11-f02-GB1-hierarchical-kg_base_al-f02-20260820T222618938269Z,17,sha256:dfe1a6563e1c5b2a010715539df81301d0449a80c6b13815aa0a937325778894,LHGH,V39L;D40H;V54H,3,"[39,40,54]",3,False,True,5
kg_base_al,2,2,knowledge_agent-s11-f02-GB1-hierarchical-kg_base_al-f02-20260820T222618938269Z,18,sha256:45258a5cea66b4f3981c05796398ff6d3d0b3b05209b3facc2913c93689acb7c,LVGV,V39L;D40V,2,"[39,40]",3,False,True,3
kg_base_al,2,2,knowledge_agent-s11-f02-GB1-hierarchical-kg_base_al-f02-20260820T222618938269Z,19,sha256:57e3179b1d1a067cb6872c60ab339b56d38eff734ca283eed4b1cdf09d8b4fec,IYGM,V39I;D40Y;V54M,3,"[39,40,54]",3,False,True,9
kg_base_al,2,2,knowledge_agent-s11-f02-GB1-hierarchical-kg_base_al-f02-20260820T222618938269Z,20,sha256:729777f57c1de4f7192124458c001137b87f4f76153c6c918f88f69ad4db96bb,IIGC,V39I;D40I;V54C,3,"[39,40,54]",3,False,True,15
kg_base_al,2,2,knowledge_agent-s11-f02-GB1-hierarchical-kg_base_al-f02-20260820T222618938269Z,21,sha256:f9eef70f0cfb07fc4756638555cdaf1ca282c327b3b6a42cfc7bdea9213863d8,QFGV,V39Q;D40F,2,"[39,40]",3,False,False,
kg_base_al,2,2,knowledge_agent-s11-f02-GB1-hierarchical-kg_base_al-f02-20260820T222618938269Z,22,sha256:6b0d543538952a28b7f694802c7fc9773da1f3260d73124902d40bfc787818e3,THGV,V39T;D40H,2,"[39,40]",3,False,False,
kg_base_al,2,2,knowledge_agent-s11-f02-GB1-hierarchical-kg_base_al-f02-20260820T222618938269Z,23,sha256:1570ec779c25803667ec6a6e1039b1b6ebcc6c3385bc16344dffd9db29a4c2aa,LHYA,V39L;D40H;G41Y;V54A,4,"[39,40,41,54]",3,False,True,11
kg_base_al,2,2,knowledge_agent-s11-f02-GB1-hierarchical-kg_base_al-f02-20260820T222618938269Z,24,sha256:779e441d067cb6b1cd201cc3eb4947ef5510df8f1ce9a410d8c4ad94e5e5686c,CFFV,V39C;D40F;G41F,3,"[39,40,41]",3,False,True,2
kg_base_al,2,2,knowledge_agent-s11-f02-GB1-hierarchical-kg_base_al-f02-20260820T222618938269Z,25,sha256:fb5a17dfc92f250fd5203793feff902939239edcd54fc622f0256f8f365c53b8,CHHV,V39C;D40H;G41H,3,"[39,40,41]",3,False,False,
kg_base_al,2,2,knowledge_agent-s11-f02-GB1-hierarchical-kg_base_al-f02-20260820T222618938269Z,26,sha256:80680ae2a504f3e0f714b221932fe3bcdadcb60d15e6654dc52b9bb76c68f0a9,AYGC,V39A;D40Y;V54C,3,"[39,40,54]",3,False,False,
kg_base_al,2,2,knowledge_agent-s11-f02-GB1-hierarchical-kg_base_al-f02-20260820T222618938269Z,27,sha256:360fd767f6accfdb8137fc1167279d1e308920898d82c43fb48c998fdf18b1da,CFTC,V39C;D40F;G41T;V54C,4,"[39,40,41,54]",3,False,False,
kg_base_al,2,2,knowledge_agent-s11-f02-GB1-hierarchical-kg_base_al-f02-20260820T222618938269Z,28,sha256:0d7314f6b74485518fa25de5666ee7ece1d4829cfe25e22bc17cea771da3264d,CHVV,V39C;D40H;G41V,3,"[39,40,41]",3,False,False,
kg_base_al,2,2,knowledge_agent-s11-f02-GB1-hierarchical-kg_base_al-f02-20260820T222618938269Z,29,sha256:50de3c6fdacfebe3f95b5c99eb96090a52566ed6dec9c9749eaff1347f340aec,LWYC,V39L;D40W;G41Y;V54C,4,"[39,40,41,54]",3,False,True,12
kg_base_al,2,2,knowledge_agent-s11-f02-GB1-hierarchical-kg_base_al-f02-20260820T222618938269Z,30,sha256:73206cf35f229b2bb1e2e142792586e36f8a7f07cd301815e5f96676c99f267b,CHPA,V39C;D40H;G41P;V54A,4,"[39,40,41,54]",3,False,False,
kg_base_al,2,2,knowledge_agent-s11-f02-GB1-hierarchical-kg_base_al-f02-20260820T222618938269Z,31,sha256:2d395c49a18615f638c916a7cac268b0bc071890ac52f425bfef2161b9dc4c88,CYGK,V39C;D40Y;V54K,3,"[39,40,54]",3,False,True,8
kg_base_al,2,2,knowledge_agent-s11-f02-GB1-hierarchical-kg_base_al-f02-20260820T222618938269Z,32,sha256:b89181c0d603122e7a4f70e150495296602d0443b91e0e59eccf20496e92599d,IFRA,V39I;D40F;G41R;V54A,4,"[39,40,41,54]",3,False,False,
kg_base_al,2,3,knowledge_agent-s11-f02-GB1-hierarchical-kg_base_al-f02-20260820T222618938269Z,1,sha256:b9c6d45696f29b49b77bc9b7e885a4e70f719c07f7fa4eea170b173f046b429d,CYGM,V39C;D40Y;V54M,3,"[39,40,54]",4,True,True,13
kg_base_al,2,3,knowledge_agent-s11-f02-GB1-hierarchical-kg_base_al-f02-20260820T222618938269Z,2,sha256:1cf309f1c2953bb2b6f615a006dc6e33e050f2dbfd1a83123523e51fea7b2b88,CHGM,V39C;D40H;V54M,3,"[39,40,54]",4,True,False,
kg_base_al,2,3,knowledge_agent-s11-f02-GB1-hierarchical-kg_base_al-f02-20260820T222618938269Z,3,sha256:1f7efd37915fc73fe686a340e7906d03e9160cc9986acf32b50d9785f7e4a6d0,LWGM,V39L;D40W;V54M,3,"[39,40,54]",4,True,True,6
kg_base_al,2,3,knowledge_agent-s11-f02-GB1-hierarchical-kg_base_al-f02-20260820T222618938269Z,4,sha256:8fc0755de9cdab91faf47b2acd1f7b0e95c20c28539871fa6f56ac8e6299a167,CFGA,V39C;D40F;V54A,3,"[39,40,54]",4,True,False,
kg_base_al,2,3,knowledge_agent-s11-f02-GB1-hierarchical-kg_base_al-f02-20260820T222618938269Z,5,sha256:d2d594d35403556433317b73abecb4de407a8697160cd2de0d679cfddb2d6a26,LYGM,V39L;D40Y;V54M,3,"[39,40,54]",4,True,True,1
kg_base_al,2,3,knowledge_agent-s11-f02-GB1-hierarchical-kg_base_al-f02-20260820T222618938269Z,6,sha256:ec5ad5d2f7e6d270f12f94668c7314840a00bf7e54f3c2b66f55b5bead4c6f06,CFGC,V39C;D40F;V54C,3,"[39,40,54]",4,True,True,15
kg_base_al,2,3,knowledge_agent-s11-f02-GB1-hierarchical-kg_base_al-f02-20260820T222618938269Z,7,sha256:7ff7d37f3ca42fe916e5292a5f716adc266a1fae75870106aa1f1b0eb12564dd,IFGM,V39I;D40F;V54M,3,"[39,40,54]",4,True,True,12
kg_base_al,2,3,knowledge_agent-s11-f02-GB1-hierarchical-kg_base_al-f02-20260820T222618938269Z,8,sha256:3d833442a1df99f20c77a99371736f738905c69204f45055a01b0ecddc5ac705,CWGM,V39C;D40W;V54M,3,"[39,40,54]",4,True,False,
kg_base_al,2,3,knowledge_agent-s11-f02-GB1-hierarchical-kg_base_al-f02-20260820T222618938269Z,9,sha256:a4289905e52b1a6aa03e121e60a4d8622a126b9f7057120839e4d1cb2a975fa4,LHGM,V39L;D40H;V54M,3,"[39,40,54]",4,True,True,7
kg_base_al,2,3,knowledge_agent-s11-f02-GB1-hierarchical-kg_base_al-f02-20260820T222618938269Z,10,sha256:724e43b3ebbc31b028f71bdb126cae0ce67f02a6cebaf54e3ddab90e6cc107b5,LFGM,V39L;D40F;V54M,3,"[39,40,54]",4,True,True,4
kg_base_al,2,3,knowledge_agent-s11-f02-GB1-hierarchical-kg_base_al-f02-20260820T222618938269Z,11,sha256:187bf4a7ad8ca6e9e3015ba357922df3b0b56fca4736d3a0e952e2d8ada21030,IHGA,V39I;D40H;V54A,3,"[39,40,54]",4,True,True,14
kg_base_al,2,3,knowledge_agent-s11-f02-GB1-hierarchical-kg_base_al-f02-20260820T222618938269Z,12,sha256:44a636657855b95504090d15d1c1c314fc037458aedfdad6d298ed4dfeabf3e9,CWGA,V39C;D40W;V54A,3,"[39,40,54]",4,True,False,
kg_base_al,2,3,knowledge_agent-s11-f02-GB1-hierarchical-kg_base_al-f02-20260820T222618938269Z,13,sha256:788697cdf7a733a185433fc9deb43541d4f9750da333ceeaa00dece46ce2182c,CHGA,V39C;D40H;V54A,3,"[39,40,54]",4,True,False,
kg_base_al,2,3,knowledge_agent-s11-f02-GB1-hierarchical-kg_base_al-f02-20260820T222618938269Z,14,sha256:67eafa8529a54ee33eb62dea181f14d69b8e8a6c3d3e0f3aca48fadeb52a484e,IWGM,V39I;D40W;V54M,3,"[39,40,54]",4,True,True,3
kg_base_al,2,3,knowledge_agent-s11-f02-GB1-hierarchical-kg_base_al-f02-20260820T222618938269Z,15,sha256:f1273a6eea037de3f26ca61247407617ca9068f09217dc03497dbc042d26c3b7,CHGV,V39C;D40H,2,"[39,40]",4,True,False,
kg_base_al,2,3,knowledge_agent-s11-f02-GB1-hierarchical-kg_base_al-f02-20260820T222618938269Z,16,sha256:bc073bfa4b13eed7bbb1ad67aec7800e55ee25af1dce80092e526a59c7ba85a6,IWGK,V39I;D40W;V54K,3,"[39,40,54]",3,False,True,2
kg_base_al,2,3,knowledge_agent-s11-f02-GB1-hierarchical-kg_base_al-f02-20260820T222618938269Z,17,sha256:b9bddb41002511f77a7d383e1b848917788aff219dd5d0a85233cc3ebe9102ee,DYGC,V39D;D40Y;V54C,3,"[39,40,54]",3,False,True,11
kg_base_al,2,3,knowledge_agent-s11-f02-GB1-hierarchical-kg_base_al-f02-20260820T222618938269Z,18,sha256:3d4072c1a566a18551c638bf4bb2956ba407f48498267c19ec3a62cdbf47eda8,LHNV,V39L;D40H;G41N,3,"[39,40,41]",3,False,False,
kg_base_al,2,3,knowledge_agent-s11-f02-GB1-hierarchical-kg_base_al-f02-20260820T222618938269Z,19,sha256:78ecd20e8b3bfc42e44f4d7fae0b492b32f8abd157e83630728e743e2be607b5,LFGK,V39L;D40F;V54K,3,"[39,40,54]",3,False,False,
kg_base_al,2,3,knowledge_agent-s11-f02-GB1-hierarchical-kg_base_al-f02-20260820T222618938269Z,20,sha256:d7019bc536337d463946c509d202f2ec996145fb0d092226d7bc28baa8b26c57,CLGM,V39C;D40L;V54M,3,"[39,40,54]",3,False,False,
kg_base_al,2,3,knowledge_agent-s11-f02-GB1-hierarchical-kg_base_al-f02-20260820T222618938269Z,21,sha256:9711c4bd33ab7894b3efe3fd7a4fa057ceff8c6fe92916e3db00bc89271813d1,IYDV,V39I;D40Y;G41D,3,"[39,40,41]",3,False,True,9
kg_base_al,2,3,knowledge_agent-s11-f02-GB1-hierarchical-kg_base_al-f02-20260820T222618938269Z,22,sha256:0f14bf698ce9db6365c45e2e7b82982352a47415b31465480ecb4682025d13cf,CFHM,V39C;D40F;G41H;V54M,4,"[39,40,41,54]",3,False,False,
kg_base_al,2,3,knowledge_agent-s11-f02-GB1-hierarchical-kg_base_al-f02-20260820T222618938269Z,23,sha256:2892958d39c0a58c556121f78cdac9a3607841fa8289ccd710558390db6feddf,PYGC,V39P;D40Y;V54C,3,"[39,40,54]",3,False,True,5
kg_base_al,2,3,knowledge_agent-s11-f02-GB1-hierarchical-kg_base_al-f02-20260820T222618938269Z,24,sha256:84b64373c55a2d5d99423730547c0ad42376b6d118ecdd711ddb7fe7f98acd7f,CRGV,V39C;D40R,2,"[39,40]",3,False,False,
kg_base_al,2,3,knowledge_agent-s11-f02-GB1-hierarchical-kg_base_al-f02-20260820T222618938269Z,25,sha256:675833a4680f9493d436732befe433d271af4af210a0374668e56d15e8823200,MHGV,V39M;D40H,2,"[39,40]",3,False,True,16
kg_base_al,2,3,knowledge_agent-s11-f02-GB1-hierarchical-kg_base_al-f02-20260820T222618938269Z,26,sha256:3b021ad710c412ff72590e1f76ea63f3d8470f55fdd4413f04e5e48f6becdad0,CYGI,V39C;D40Y;V54I,3,"[39,40,54]",3,False,True,10
kg_base_al,2,3,knowledge_agent-s11-f02-GB1-hierarchical-kg_base_al-f02-20260820T222618938269Z,27,sha256:6d38617fab1c6e98191ef34a74cdc0140fed0195c270ddfa5a6218b6cdcd28fe,LFYV,V39L;D40F;G41Y,3,"[39,40,41]",3,False,False,
kg_base_al,2,3,knowledge_agent-s11-f02-GB1-hierarchical-kg_base_al-f02-20260820T222618938269Z,28,sha256:751ab0cc88bddeb1ceeeac33dfd0df0a2e75999e6297de62ac0329bab72930d8,CYGP,V39C;D40Y;V54P,3,"[39,40,54]",3,False,True,8
kg_base_al,2,3,knowledge_agent-s11-f02-GB1-hierarchical-kg_base_al-f02-20260820T222618938269Z,29,sha256:ac91e7e5fe54a29722131bc14bce61663a7ba93ddb0aa876aca693d3311c69e4,CQGV,V39C;D40Q,2,"[39,40]",3,False,False,
kg_base_al,2,3,knowledge_agent-s11-f02-GB1-hierarchical-kg_base_al-f02-20260820T222618938269Z,30,sha256:9b8a49f2ab85ea5036fd73ab7d00922752e9096a5cae9c97793ce3fc71e9bf46,CFNM,V39C;D40F;G41N;V54M,4,"[39,40,41,54]",3,False,False,
kg_base_al,2,3,knowledge_agent-s11-f02-GB1-hierarchical-kg_base_al-f02-20260820T222618938269Z,31,sha256:593658dab9e6ac27aaf1c42635b8504dabbcd9653a8cc50ea043bfaca51e1d39,CMGV,V39C;D40M,2,"[39,40]",3,False,False,
kg_base_al,2,3,knowledge_agent-s11-f02-GB1-hierarchical-kg_base_al-f02-20260820T222618938269Z,32,sha256:a1b9894cd8afd1be924d6f4f61bdd994b386ea93c1d3af39eccfe28e55567740,DFGV,V39D;D40F,2,"[39,40]",3,False,False,
kg_base_rag,0,1,knowledge_agent-s11-f00-GB1-hierarchical-kg_base_rag-f00-20260820T215844674788Z,1,sha256:648a58c1136e58ad2f1666370f4a11707df38a2f596407bb78af38ed9d142ad0,LFGV,V39L;D40F,2,"[39,40]",4,True,False,
kg_base_rag,0,1,knowledge_agent-s11-f00-GB1-hierarchical-kg_base_rag-f00-20260820T215844674788Z,2,sha256:44a636657855b95504090d15d1c1c314fc037458aedfdad6d298ed4dfeabf3e9,CWGA,V39C;D40W;V54A,3,"[39,40,54]",4,True,True,5
kg_base_rag,0,1,knowledge_agent-s11-f00-GB1-hierarchical-kg_base_rag-f00-20260820T215844674788Z,3,sha256:4689bff2e5c4ea794349cec7c41643840d874d43bb602bb8949742c5d373c65f,MHGC,V39M;D40H;V54C,3,"[39,40,54]",4,True,False,
kg_base_rag,0,1,knowledge_agent-s11-f00-GB1-hierarchical-kg_base_rag-f00-20260820T215844674788Z,4,sha256:84edffd46cf58545dc887d21540771c0ef3b7db438daa8c07f982f06c3d41b58,IWGA,V39I;D40W;V54A,3,"[39,40,54]",4,True,True,3
kg_base_rag,0,1,knowledge_agent-s11-f00-GB1-hierarchical-kg_base_rag-f00-20260820T215844674788Z,5,sha256:2586a33b8e4f0455b11f05a7aa324fea114d5ba5a3f74c65b4e92d55dc532959,MYGC,V39M;D40Y;V54C,3,"[39,40,54]",4,True,False,
kg_base_rag,0,1,knowledge_agent-s11-f00-GB1-hierarchical-kg_base_rag-f00-20260820T215844674788Z,6,sha256:d05664b827f5087265ff8d7edbd02000546e8538f72270fc9585a4974800db7d,CWGC,V39C;D40W;V54C,3,"[39,40,54]",4,True,True,15
kg_base_rag,0,1,knowledge_agent-s11-f00-GB1-hierarchical-kg_base_rag-f00-20260820T215844674788Z,7,sha256:6d8e0cdef006c0c23a734adb9e7c45f89b3af32d1ca32da46584df83134c67f0,IHGV,V39I;D40H,2,"[39,40]",4,True,False,
kg_base_rag,0,1,knowledge_agent-s11-f00-GB1-hierarchical-kg_base_rag-f00-20260820T215844674788Z,8,sha256:0c27d24d79ae24742317846eba6b5fb65a951dee9c18a8ea61dff190fff050a8,LYGA,V39L;D40Y;V54A,3,"[39,40,54]",4,True,True,6
kg_base_rag,0,1,knowledge_agent-s11-f00-GB1-hierarchical-kg_base_rag-f00-20260820T215844674788Z,9,sha256:915b881aa31bfe7ff503bb05e5df8400a43f987aa10d7e4d9451afc5c689b47a,LHGV,V39L;D40H,2,"[39,40]",4,True,False,
kg_base_rag,0,1,knowledge_agent-s11-f00-GB1-hierarchical-kg_base_rag-f00-20260820T215844674788Z,10,sha256:3a7adba769d374f88cba01eb4686cb18884a40cfb15f1b9189d5b5e582f22637,LWGC,V39L;D40W;V54C,3,"[39,40,54]",4,True,True,16
kg_base_rag,0,1,knowledge_agent-s11-f00-GB1-hierarchical-kg_base_rag-f00-20260820T215844674788Z,11,sha256:234fae72c8e1228f6b0796f15f2bbde6a4690a5b26596e7e81ef6b54cf55ef82,MYGA,V39M;D40Y;V54A,3,"[39,40,54]",4,True,True,8
kg_base_rag,0,1,knowledge_agent-s11-f00-GB1-hierarchical-kg_base_rag-f00-20260820T215844674788Z,12,sha256:dd63966b253acc832fc7f9c13bb134d06080e91bbab94c62bd2d80ffadf70bde,CYGC,V39C;D40Y;V54C,3,"[39,40,54]",4,True,True,4
kg_base_rag,0,1,knowledge_agent-s11-f00-GB1-hierarchical-kg_base_rag-f00-20260820T215844674788Z,13,sha256:c1b4e800f07cdf1f0c008b456d7c71348718002fd42ac0988da415e8d203ea12,IFGA,V39I;D40F;V54A,3,"[39,40,54]",4,True,True,7
kg_base_rag,0,1,knowledge_agent-s11-f00-GB1-hierarchical-kg_base_rag-f00-20260820T215844674788Z,14,sha256:3fa07c46e7d0259ba56a74c1533d1f8bf13e298dd9bced0e748419291bc4eed0,IFGV,V39I;D40F,2,"[39,40]",4,True,False,
kg_base_rag,0,1,knowledge_agent-s11-f00-GB1-hierarchical-kg_base_rag-f00-20260820T215844674788Z,15,sha256:f8ee04236ace863a6c1cf3e75d51c85514b655dd0f5db101c63a33f4488a70f1,IYGV,V39I;D40Y,2,"[39,40]",4,True,True,11
kg_base_rag,0,1,knowledge_agent-s11-f00-GB1-hierarchical-kg_base_rag-f00-20260820T215844674788Z,16,sha256:8fc0755de9cdab91faf47b2acd1f7b0e95c20c28539871fa6f56ac8e6299a167,CFGA,V39C;D40F;V54A,3,"[39,40,54]",4,True,False,
kg_base_rag,0,1,knowledge_agent-s11-f00-GB1-hierarchical-kg_base_rag-f00-20260820T215844674788Z,17,sha256:335a9f68d105e1b2c741b6ced91d700d8ae50342735fa341a98379ae87245479,IWGV,V39I;D40W,2,"[39,40]",4,True,True,1
kg_base_rag,0,1,knowledge_agent-s11-f00-GB1-hierarchical-kg_base_rag-f00-20260820T215844674788Z,18,sha256:f76dde0b09a70424006fc41e57e7585914152be6586fbe95e7f63f7dde771b00,LWGV,V39L;D40W,2,"[39,40]",4,True,True,2
kg_base_rag,0,1,knowledge_agent-s11-f00-GB1-hierarchical-kg_base_rag-f00-20260820T215844674788Z,19,sha256:8adcc9749599afd1dcad3ef9086feca9afaac8e0654ab85131de9e30f5b67919,LYGV,V39L;D40Y,2,"[39,40]",4,True,True,12
kg_base_rag,0,1,knowledge_agent-s11-f00-GB1-hierarchical-kg_base_rag-f00-20260820T215844674788Z,20,sha256:3c713612e6e7377b7c72a990db12887dcfb299ecd7d25aa36e686796728b87a3,MYGV,V39M;D40Y,2,"[39,40]",4,True,True,13
kg_base_rag,0,1,knowledge_agent-s11-f00-GB1-hierarchical-kg_base_rag-f00-20260820T215844674788Z,21,sha256:99527d4c0968c0e8e932b939fe6e1c9a52f5bd2e408da081d403cf6bbf0f1bef,LFGC,V39L;D40F;V54C,3,"[39,40,54]",4,True,False,
kg_base_rag,0,1,knowledge_agent-s11-f00-GB1-hierarchical-kg_base_rag-f00-20260820T215844674788Z,22,sha256:187bf4a7ad8ca6e9e3015ba357922df3b0b56fca4736d3a0e952e2d8ada21030,IHGA,V39I;D40H;V54A,3,"[39,40,54]",4,True,True,14
kg_base_rag,0,1,knowledge_agent-s11-f00-GB1-hierarchical-kg_base_rag-f00-20260820T215844674788Z,23,sha256:ec5ad5d2f7e6d270f12f94668c7314840a00bf7e54f3c2b66f55b5bead4c6f06,CFGC,V39C;D40F;V54C,3,"[39,40,54]",4,True,False,
kg_base_rag,0,1,knowledge_agent-s11-f00-GB1-hierarchical-kg_base_rag-f00-20260820T215844674788Z,24,sha256:c6f7241c5baf429461d4155ada401c1e6713aba10862f39416bf438c68893b1e,LHGA,V39L;D40H;V54A,3,"[39,40,54]",4,True,False,
kg_base_rag,0,1,knowledge_agent-s11-f00-GB1-hierarchical-kg_base_rag-f00-20260820T215844674788Z,25,sha256:22a7cd8d7b4178f7f9703976d32303e1a1d46b6b7fc3184ae1a72f783a4b9b39,IHGC,V39I;D40H;V54C,3,"[39,40,54]",4,True,False,
kg_base_rag,0,1,knowledge_agent-s11-f00-GB1-hierarchical-kg_base_rag-f00-20260820T215844674788Z,26,sha256:7f4370d371185a64f6d75d6d538d7688766483ee37b16177c3ed08f4ca918274,MFGV,V39M;D40F,2,"[39,40]",4,True,False,
kg_base_rag,0,1,knowledge_agent-s11-f00-GB1-hierarchical-kg_base_rag-f00-20260820T215844674788Z,27,sha256:9118a42e0189eb5c2e6387cd11974e91add4b2cbdf22c180fb6fccea22475fc2,CFGV,V39C;D40F,2,"[39,40]",4,True,False,
kg_base_rag,0,1,knowledge_agent-s11-f00-GB1-hierarchical-kg_base_rag-f00-20260820T215844674788Z,28,sha256:6426d92a5e51c3ecccddd0f5343ffaead003713e620db4591cc01d0c82cc0796,LYGC,V39L;D40Y;V54C,3,"[39,40,54]",4,True,False,
kg_base_rag,0,1,knowledge_agent-s11-f00-GB1-hierarchical-kg_base_rag-f00-20260820T215844674788Z,29,sha256:ffe88b36d5c1c6f272173d73871b6635e025145b3bfc6a6677d53f34b1a472df,GGGC,V39G;D40G;V54C,3,"[39,40,54]",2,False,True,9
kg_base_rag,0,1,knowledge_agent-s11-f00-GB1-hierarchical-kg_base_rag-f00-20260820T215844674788Z,30,sha256:ffd38c1c8b2533acf8cd3a56d13bf9eee1542235fd6142e1732a9c65147887e6,CPDV,V39C;D40P;G41D,3,"[39,40,41]",2,False,False,
kg_base_rag,0,1,knowledge_agent-s11-f00-GB1-hierarchical-kg_base_rag-f00-20260820T215844674788Z,31,sha256:ffd0640c87dfcda7fd02d5f67629c0913edac1a999ce4c3f6902286e360361c1,LNLV,V39L;D40N;G41L,3,"[39,40,41]",2,False,True,10
kg_base_rag,0,1,knowledge_agent-s11-f00-GB1-hierarchical-kg_base_rag-f00-20260820T215844674788Z,32,sha256:ffba39f4c9c3f5db3dece4b6abc7de2411392e2b9fb73de2b101dff2f9145ccc,QFGM,V39Q;D40F;V54M,3,"[39,40,54]",2,False,False,
kg_base_rag,0,2,knowledge_agent-s11-f00-GB1-hierarchical-kg_base_rag-f00-20260820T215844674788Z,1,sha256:99527d4c0968c0e8e932b939fe6e1c9a52f5bd2e408da081d403cf6bbf0f1bef,LFGC,V39L;D40F;V54C,3,"[39,40,54]",4,True,True,3
kg_base_rag,0,2,knowledge_agent-s11-f00-GB1-hierarchical-kg_base_rag-f00-20260820T215844674788Z,2,sha256:076b4b3416b01a0e84275c5cf27de37691b5179fe54adffecbad2c79f2a7f9ee,VWGC,D40W;V54C,2,"[40,54]",4,True,False,
kg_base_rag,0,2,knowledge_agent-s11-f00-GB1-hierarchical-kg_base_rag-f00-20260820T215844674788Z,3,sha256:f1273a6eea037de3f26ca61247407617ca9068f09217dc03497dbc042d26c3b7,CHGV,V39C;D40H,2,"[39,40]",4,True,False,
kg_base_rag,0,2,knowledge_agent-s11-f00-GB1-hierarchical-kg_base_rag-f00-20260820T215844674788Z,4,sha256:648a58c1136e58ad2f1666370f4a11707df38a2f596407bb78af38ed9d142ad0,LFGV,V39L;D40F,2,"[39,40]",4,True,False,
kg_base_rag,0,2,knowledge_agent-s11-f00-GB1-hierarchical-kg_base_rag-f00-20260820T215844674788Z,5,sha256:8287e39d0cef852c01bf15c9447ec202121712f870911d9d5b16cd8d917834bc,IFGC,V39I;D40F;V54C,3,"[39,40,54]",4,True,True,7
kg_base_rag,0,2,knowledge_agent-s11-f00-GB1-hierarchical-kg_base_rag-f00-20260820T215844674788Z,6,sha256:915b881aa31bfe7ff503bb05e5df8400a43f987aa10d7e4d9451afc5c689b47a,LHGV,V39L;D40H,2,"[39,40]",4,True,True,8
kg_base_rag,0,2,knowledge_agent-s11-f00-GB1-hierarchical-kg_base_rag-f00-20260820T215844674788Z,7,sha256:7426224e5b72b3ed239efd30dc5baf8a27836c30c4ff0cb5ed7893eb0a866b00,LHGC,V39L;D40H;V54C,3,"[39,40,54]",4,True,True,2
kg_base_rag,0,2,knowledge_agent-s11-f00-GB1-hierarchical-kg_base_rag-f00-20260820T215844674788Z,8,sha256:8fc0755de9cdab91faf47b2acd1f7b0e95c20c28539871fa6f56ac8e6299a167,CFGA,V39C;D40F;V54A,3,"[39,40,54]",4,True,False,
kg_base_rag,0,2,knowledge_agent-s11-f00-GB1-hierarchical-kg_base_rag-f00-20260820T215844674788Z,9,sha256:427e4211b9b2014e5a3646c1577ef9c56327b0527bc516f4bc16e9a10c49fe72,VFGA,D40F;V54A,2,"[40,54]",4,True,False,
kg_base_rag,0,2,knowledge_agent-s11-f00-GB1-hierarchical-kg_base_rag-f00-20260820T215844674788Z,10,sha256:c6f7241c5baf429461d4155ada401c1e6713aba10862f39416bf438c68893b1e,LHGA,V39L;D40H;V54A,3,"[39,40,54]",4,True,False,
kg_base_rag,0,2,knowledge_agent-s11-f00-GB1-hierarchical-kg_base_rag-f00-20260820T215844674788Z,11,sha256:22a7cd8d7b4178f7f9703976d32303e1a1d46b6b7fc3184ae1a72f783a4b9b39,IHGC,V39I;D40H;V54C,3,"[39,40,54]",4,True,True,4
kg_base_rag,0,2,knowledge_agent-s11-f00-GB1-hierarchical-kg_base_rag-f00-20260820T215844674788Z,12,sha256:788697cdf7a733a185433fc9deb43541d4f9750da333ceeaa00dece46ce2182c,CHGA,V39C;D40H;V54A,3,"[39,40,54]",4,True,False,
kg_base_rag,0,2,knowledge_agent-s11-f00-GB1-hierarchical-kg_base_rag-f00-20260820T215844674788Z,13,sha256:20195b5b78c30e852e2060f39f94012e49a3bff99fb5d7110689058ff28e15f2,VYGC,D40Y;V54C,2,"[40,54]",4,True,True,11
kg_base_rag,0,2,knowledge_agent-s11-f00-GB1-hierarchical-kg_base_rag-f00-20260820T215844674788Z,14,sha256:146f994851540dcf3fe10fcaf46e6423e3756b7291483e7288dfdd7a7e393fad,IYGA,V39I;D40Y;V54A,3,"[39,40,54]",4,True,True,5
kg_base_rag,0,2,knowledge_agent-s11-f00-GB1-hierarchical-kg_base_rag-f00-20260820T215844674788Z,15,sha256:9e6bbd4f6124c6f03b94ef7116ed62eb83b01136ff4517648fb376946f7cccca,CWGV,V39C;D40W,2,"[39,40]",4,True,True,13
kg_base_rag,0,2,knowledge_agent-s11-f00-GB1-hierarchical-kg_base_rag-f00-20260820T215844674788Z,16,sha256:184a753208ec312596faa7f79d17c5ec89deaa1ee61c07ae68f236b59ecf2a9c,VYGA,D40Y;V54A,2,"[40,54]",4,True,True,12
kg_base_rag,0,2,knowledge_agent-s11-f00-GB1-hierarchical-kg_base_rag-f00-20260820T215844674788Z,17,sha256:6d8e0cdef006c0c23a734adb9e7c45f89b3af32d1ca32da46584df83134c67f0,IHGV,V39I;D40H,2,"[39,40]",4,True,False,
kg_base_rag,0,2,knowledge_agent-s11-f00-GB1-hierarchical-kg_base_rag-f00-20260820T215844674788Z,18,sha256:6426d92a5e51c3ecccddd0f5343ffaead003713e620db4591cc01d0c82cc0796,LYGC,V39L;D40Y;V54C,3,"[39,40,54]",4,True,True,1
kg_base_rag,0,2,knowledge_agent-s11-f00-GB1-hierarchical-kg_base_rag-f00-20260820T215844674788Z,19,sha256:3fa07c46e7d0259ba56a74c1533d1f8bf13e298dd9bced0e748419291bc4eed0,IFGV,V39I;D40F,2,"[39,40]",4,True,False,
kg_base_rag,0,2,knowledge_agent-s11-f00-GB1-hierarchical-kg_base_rag-f00-20260820T215844674788Z,20,sha256:58db15f5f6e207865de082faa5d9241d2d78b00a2dc808b9d0b85fb6271e1861,VWGA,D40W;V54A,2,"[40,54]",4,True,False,
kg_base_rag,0,2,knowledge_agent-s11-f00-GB1-hierarchical-kg_base_rag-f00-20260820T215844674788Z,21,sha256:cad29236742d162b31dab9d4587a36b7578ea8c4a2ed7c7ce6832b41dd8696a0,IYGC,V39I;D40Y;V54C,3,"[39,40,54]",4,True,True,6
kg_base_rag,0,2,knowledge_agent-s11-f00-GB1-hierarchical-kg_base_rag-f00-20260820T215844674788Z,22,sha256:dcead220149f37a6ceb9985d828ea8198dcbb884c3996a40a4190ae25d8421c1,VHGA,D40H;V54A,2,"[40,54]",4,True,False,
kg_base_rag,0,2,knowledge_agent-s11-f00-GB1-hierarchical-kg_base_rag-f00-20260820T215844674788Z,23,sha256:7011d9a6a68230d2096f4f76ca16a8f93ab8f461fc01df7524296a22dcc90c1d,VHGC,D40H;V54C,2,"[40,54]",4,True,False,
kg_base_rag,0,2,knowledge_agent-s11-f00-GB1-hierarchical-kg_base_rag-f00-20260820T215844674788Z,24,sha256:45302fd2336c6f0c849be772b66c0a97eda8cb186cc1ecd62d3bdb256da12568,IWGC,V39I;D40W;V54C,3,"[39,40,54]",4,True,False,
kg_base_rag,0,2,knowledge_agent-s11-f00-GB1-hierarchical-kg_base_rag-f00-20260820T215844674788Z,25,sha256:d49a8559c59eb0823bd1742beb73d24c31314a897e5197cf6f9823dae6d39341,VFGC,D40F;V54C,2,"[40,54]",4,True,False,
kg_base_rag,0,2,knowledge_agent-s11-f00-GB1-hierarchical-kg_base_rag-f00-20260820T215844674788Z,26,sha256:ec5ad5d2f7e6d270f12f94668c7314840a00bf7e54f3c2b66f55b5bead4c6f06,CFGC,V39C;D40F;V54C,3,"[39,40,54]",4,True,False,
kg_base_rag,0,2,knowledge_agent-s11-f00-GB1-hierarchical-kg_base_rag-f00-20260820T215844674788Z,27,sha256:9118a42e0189eb5c2e6387cd11974e91add4b2cbdf22c180fb6fccea22475fc2,CFGV,V39C;D40F,2,"[39,40]",4,True,False,
kg_base_rag,0,2,knowledge_agent-s11-f00-GB1-hierarchical-kg_base_rag-f00-20260820T215844674788Z,28,sha256:69aa970a5da8dd8ab32e9b3a20ed9681d119400e27dea9f2400a3d9cf1fc7528,IHWV,V39I;D40H;G41W,3,"[39,40,41]",3,False,True,9
kg_base_rag,0,2,knowledge_agent-s11-f00-GB1-hierarchical-kg_base_rag-f00-20260820T215844674788Z,29,sha256:ffc0d5ba000054ae905d45867dcf4f764b94f8952af7bff4ee21d145f30a7868,SWPA,V39S;D40W;G41P;V54A,4,"[39,40,41,54]",2,False,True,16
kg_base_rag,0,2,knowledge_agent-s11-f00-GB1-hierarchical-kg_base_rag-f00-20260820T215844674788Z,30,sha256:f706798cc194ec224811c6cd04767bcae20cb0b479b7884c8b4eb4f5ebd654c6,EHLV,V39E;D40H;G41L,3,"[39,40,41]",2,False,True,10
kg_base_rag,0,2,knowledge_agent-s11-f00-GB1-hierarchical-kg_base_rag-f00-20260820T215844674788Z,31,sha256:f48d56843e698c774d3d85ae33b0801c2dd5793951404dc4c7f0c276992bcf68,LHMK,V39L;D40H;G41M;V54K,4,"[39,40,41,54]",2,False,True,14
kg_base_rag,0,2,knowledge_agent-s11-f00-GB1-hierarchical-kg_base_rag-f00-20260820T215844674788Z,32,sha256:f3c5e5b6d263279d33bd83f1ab1488c240f795b351c570331a58aa125065a8f4,KWPA,V39K;D40W;G41P;V54A,4,"[39,40,41,54]",2,False,True,15
kg_base_rag,0,3,knowledge_agent-s11-f00-GB1-hierarchical-kg_base_rag-f00-20260820T215844674788Z,1,sha256:c6f7241c5baf429461d4155ada401c1e6713aba10862f39416bf438c68893b1e,LHGA,V39L;D40H;V54A,3,"[39,40,54]",4,True,False,
kg_base_rag,0,3,knowledge_agent-s11-f00-GB1-hierarchical-kg_base_rag-f00-20260820T215844674788Z,2,sha256:3fa07c46e7d0259ba56a74c1533d1f8bf13e298dd9bced0e748419291bc4eed0,IFGV,V39I;D40F,2,"[39,40]",4,True,True,4
kg_base_rag,0,3,knowledge_agent-s11-f00-GB1-hierarchical-kg_base_rag-f00-20260820T215844674788Z,3,sha256:f1273a6eea037de3f26ca61247407617ca9068f09217dc03497dbc042d26c3b7,CHGV,V39C;D40H,2,"[39,40]",4,True,False,
kg_base_rag,0,3,knowledge_agent-s11-f00-GB1-hierarchical-kg_base_rag-f00-20260820T215844674788Z,4,sha256:6d8e0cdef006c0c23a734adb9e7c45f89b3af32d1ca32da46584df83134c67f0,IHGV,V39I;D40H,2,"[39,40]",4,True,False,
kg_base_rag,0,3,knowledge_agent-s11-f00-GB1-hierarchical-kg_base_rag-f00-20260820T215844674788Z,5,sha256:648a58c1136e58ad2f1666370f4a11707df38a2f596407bb78af38ed9d142ad0,LFGV,V39L;D40F,2,"[39,40]",4,True,True,1
kg_base_rag,0,3,knowledge_agent-s11-f00-GB1-hierarchical-kg_base_rag-f00-20260820T215844674788Z,6,sha256:8fc0755de9cdab91faf47b2acd1f7b0e95c20c28539871fa6f56ac8e6299a167,CFGA,V39C;D40F;V54A,3,"[39,40,54]",4,True,False,
kg_base_rag,0,3,knowledge_agent-s11-f00-GB1-hierarchical-kg_base_rag-f00-20260820T215844674788Z,7,sha256:9118a42e0189eb5c2e6387cd11974e91add4b2cbdf22c180fb6fccea22475fc2,CFGV,V39C;D40F,2,"[39,40]",4,True,True,8
kg_base_rag,0,3,knowledge_agent-s11-f00-GB1-hierarchical-kg_base_rag-f00-20260820T215844674788Z,8,sha256:45302fd2336c6f0c849be772b66c0a97eda8cb186cc1ecd62d3bdb256da12568,IWGC,V39I;D40W;V54C,3,"[39,40,54]",4,True,True,2
kg_base_rag,0,3,knowledge_agent-s11-f00-GB1-hierarchical-kg_base_rag-f00-20260820T215844674788Z,9,sha256:788697cdf7a733a185433fc9deb43541d4f9750da333ceeaa00dece46ce2182c,CHGA,V39C;D40H;V54A,3,"[39,40,54]",4,True,False,
kg_base_rag,0,3,knowledge_agent-s11-f00-GB1-hierarchical-kg_base_rag-f00-20260820T215844674788Z,10,sha256:ec5ad5d2f7e6d270f12f94668c7314840a00bf7e54f3c2b66f55b5bead4c6f06,CFGC,V39C;D40F;V54C,3,"[39,40,54]",4,True,True,3
kg_base_rag,0,3,knowledge_agent-s11-f00-GB1-hierarchical-kg_base_rag-f00-20260820T215844674788Z,11,sha256:a9dd2f711bae3b6bb989050db754334bd582783f1faf320ac1e15c5c37a97e20,CHIC,V39C;D40H;G41I;V54C,4,"[39,40,41,54]",3,False,False,
kg_base_rag,0,3,knowledge_agent-s11-f00-GB1-hierarchical-kg_base_rag-f00-20260820T215844674788Z,12,sha256:7cbfbe8ca00f017ba37d18b3ab35114357d007f82208ac3313cf32b568d34402,IHLA,V39I;D40H;G41L;V54A,4,"[39,40,41,54]",3,False,False,
kg_base_rag,0,3,knowledge_agent-s11-f00-GB1-hierarchical-kg_base_rag-f00-20260820T215844674788Z,13,sha256:97fbc41d38df73a6e55713bdddb54d0dbc09fd9bacf63bc7db4b59e96dafe86d,LYGN,V39L;D40Y;V54N,3,"[39,40,54]",3,False,True,5
kg_base_rag,0,3,knowledge_agent-s11-f00-GB1-hierarchical-kg_base_rag-f00-20260820T215844674788Z,14,sha256:c75304f8bc3e1ee6636efb60f39c185d09f72bf6c38d1c1906356a256f62b565,IFGL,V39I;D40F;V54L,3,"[39,40,54]",3,False,False,
kg_base_rag,0,3,knowledge_agent-s11-f00-GB1-hierarchical-kg_base_rag-f00-20260820T215844674788Z,15,sha256:756c92767082216e3f817ea95b364da9c836b3bd981e53e6c9a5c760ebacd149,PWGA,V39P;D40W;V54A,3,"[39,40,54]",3,False,False,
kg_base_rag,0,3,knowledge_agent-s11-f00-GB1-hierarchical-kg_base_rag-f00-20260820T215844674788Z,16,sha256:fb22ceafe1f377dee9d9b0aa3a6cd537af6a44f00dc3742e6c4f06ad5b1f0249,CYGS,V39C;D40Y;V54S,3,"[39,40,54]",3,False,True,13
kg_base_rag,0,3,knowledge_agent-s11-f00-GB1-hierarchical-kg_base_rag-f00-20260820T215844674788Z,17,sha256:36438722dbee44ec7b4b4d0fda73c6298c2265ee5330b789d4061cbcc997388e,IHGR,V39I;D40H;V54R,3,"[39,40,54]",3,False,False,
kg_base_rag,0,3,knowledge_agent-s11-f00-GB1-hierarchical-kg_base_rag-f00-20260820T215844674788Z,18,sha256:d73c318ebfd36e1661c2327d7a79e92cf81917958921bdb536663aeae94a8706,LFLA,V39L;D40F;G41L;V54A,4,"[39,40,41,54]",3,False,True,14
kg_base_rag,0,3,knowledge_agent-s11-f00-GB1-hierarchical-kg_base_rag-f00-20260820T215844674788Z,19,sha256:9a912f91885e8de1392e5214973afb2c1706b7be0ef34ffa1c76c48a0b506ef0,AHGV,V39A;D40H,2,"[39,40]",3,False,False,
kg_base_rag,0,3,knowledge_agent-s11-f00-GB1-hierarchical-kg_base_rag-f00-20260820T215844674788Z,20,sha256:9b5f6bd1741a7fce97c44fb369f4b292ac8c8cf1632b2ef5687e25302e302bc6,LWIC,V39L;D40W;G41I;V54C,4,"[39,40,41,54]",3,False,True,12
kg_base_rag,0,3,knowledge_agent-s11-f00-GB1-hierarchical-kg_base_rag-f00-20260820T215844674788Z,21,sha256:0b6dc62bbeb00e28b5fc586d799aee37291345f958ee5b8aea9d63a4e6780033,IYGT,V39I;D40Y;V54T,3,"[39,40,54]",3,False,True,7
kg_base_rag,0,3,knowledge_agent-s11-f00-GB1-hierarchical-kg_base_rag-f00-20260820T215844674788Z,22,sha256:27e93d5c1268257efbf6fa64c25baa05702197cc9eb80f0a65a6480c8b81a16e,CYSV,V39C;D40Y;G41S,3,"[39,40,41]",3,False,True,6
kg_base_rag,0,3,knowledge_agent-s11-f00-GB1-hierarchical-kg_base_rag-f00-20260820T215844674788Z,23,sha256:44239fa9354df25d778d1afca17a2e3a2f6d5769622aaf8c6834fb000bf32727,LHCC,V39L;D40H;G41C;V54C,4,"[39,40,41,54]",3,False,False,
kg_base_rag,0,3,knowledge_agent-s11-f00-GB1-hierarchical-kg_base_rag-f00-20260820T215844674788Z,24,sha256:c7b2d142552dc29a0391f64bcc605398c2d0b7f2ced479bbb6ef66c362458179,LWSV,V39L;D40W;G41S,3,"[39,40,41]",3,False,False,
kg_base_rag,0,3,knowledge_agent-s11-f00-GB1-hierarchical-kg_base_rag-f00-20260820T215844674788Z,25,sha256:fd0b84a788173c7b8a22ef712206cfd3018a0ebad8433dced0e2f21c5b78410a,SWGV,V39S;D40W,2,"[39,40]",3,False,False,
kg_base_rag,0,3,knowledge_agent-s11-f00-GB1-hierarchical-kg_base_rag-f00-20260820T215844674788Z,26,sha256:bc9ab8ad5552728be1c5bfd543c6727bc0aa678b015ad9fa1190ceb1342be907,LFTA,V39L;D40F;G41T;V54A,4,"[39,40,41,54]",3,False,True,16
kg_base_rag,0,3,knowledge_agent-s11-f00-GB1-hierarchical-kg_base_rag-f00-20260820T215844674788Z,27,sha256:ba389df7a7cd0d332b01a0287fe889c93f831a3a8ceb97e0deeef66bdabae895,IHGT,V39I;D40H;V54T,3,"[39,40,54]",3,False,False,
kg_base_rag,0,3,knowledge_agent-s11-f00-GB1-hierarchical-kg_base_rag-f00-20260820T215844674788Z,28,sha256:58fd6c6ccdf879ca0de927bc0fbf0a7e106f99ab526b5714d78b6f08f5f27c30,IYLC,V39I;D40Y;G41L;V54C,4,"[39,40,41,54]",3,False,True,11
kg_base_rag,0,3,knowledge_agent-s11-f00-GB1-hierarchical-kg_base_rag-f00-20260820T215844674788Z,29,sha256:fef0f9769dde9436ae51faa36be6a4a73c8dbfe85acac39a21f402dfd4f4f786,PSGA,V39P;D40S;V54A,3,"[39,40,54]",2,False,True,10
kg_base_rag,0,3,knowledge_agent-s11-f00-GB1-hierarchical-kg_base_rag-f00-20260820T215844674788Z,30,sha256:fe8dad4c57a26494bd95a3f8d0525cf332477be68e11536f901a27cef529b009,LFLK,V39L;D40F;G41L;V54K,4,"[39,40,41,54]",2,False,False,
kg_base_rag,0,3,knowledge_agent-s11-f00-GB1-hierarchical-kg_base_rag-f00-20260820T215844674788Z,31,sha256:fe75d89ae22a1a05ae269d2cb7c9a689e5b4091b580b7655e388ec6b9346a3eb,QYGT,V39Q;D40Y;V54T,3,"[39,40,54]",2,False,True,9
kg_base_rag,0,3,knowledge_agent-s11-f00-GB1-hierarchical-kg_base_rag-f00-20260820T215844674788Z,32,sha256:fe558f0cbdacf9dd7d96baffe2594d0f9bc8f317bce6efe9d1bf1afa738f15c9,MWAA,V39M;D40W;G41A;V54A,4,"[39,40,41,54]",2,False,True,15
kg_base_rag,1,1,knowledge_agent-s11-f01-GB1-hierarchical-kg_base_rag-f01-20260820T221240262683Z,1,sha256:8cb6b7ff31c0b2b46054d659d140cd4b027c8c761b86aaada4e19478d97a77d0,LFGA,V39L;D40F;V54A,3,"[39,40,54]",4,True,True,2
kg_base_rag,1,1,knowledge_agent-s11-f01-GB1-hierarchical-kg_base_rag-f01-20260820T221240262683Z,2,sha256:146f994851540dcf3fe10fcaf46e6423e3756b7291483e7288dfdd7a7e393fad,IYGA,V39I;D40Y;V54A,3,"[39,40,54]",4,True,True,1
kg_base_rag,1,1,knowledge_agent-s11-f01-GB1-hierarchical-kg_base_rag-f01-20260820T221240262683Z,3,sha256:d09c6087daba6b9a03fde1c1b06b1bc2e0169a7b7389b3adadb2578e1d0a56ee,IFHA,V39I;D40F;G41H;V54A,4,"[39,40,41,54]",3,False,True,14
kg_base_rag,1,1,knowledge_agent-s11-f01-GB1-hierarchical-kg_base_rag-f01-20260820T221240262683Z,4,sha256:6835f522da57aeb41922cb80b2daf4b3b9e0fa2f87eb385ff0c1fc6446f636d7,LFHA,V39L;D40F;G41H;V54A,4,"[39,40,41,54]",3,False,False,
kg_base_rag,1,1,knowledge_agent-s11-f01-GB1-hierarchical-kg_base_rag-f01-20260820T221240262683Z,5,sha256:f65687b40c0922c96a93f6017ce7fec555e3d3f654dc7f82b256f4af56aaf32d,LYAA,V39L;D40Y;G41A;V54A,4,"[39,40,41,54]",3,False,True,4
kg_base_rag,1,1,knowledge_agent-s11-f01-GB1-hierarchical-kg_base_rag-f01-20260820T221240262683Z,6,sha256:722af3f7b18b4575c1e272ac99b55a5d0480afd54454eb9026154f424edc3527,IFGT,V39I;D40F;V54T,3,"[39,40,54]",3,False,True,13
kg_base_rag,1,1,knowledge_agent-s11-f01-GB1-hierarchical-kg_base_rag-f01-20260820T221240262683Z,7,sha256:6b44c3df8d16a5dc505e3fbc35e3a32fe1e21f489521dc2d6ccf8321fb90ddbc,IFEA,V39I;D40F;G41E;V54A,4,"[39,40,41,54]",3,False,False,
kg_base_rag,1,1,knowledge_agent-s11-f01-GB1-hierarchical-kg_base_rag-f01-20260820T221240262683Z,8,sha256:bb0f98026ae3156f3fa0a8986d3f41021f90c5d30d7dc590c2309a0f4f877b40,LYGW,V39L;D40Y;V54W,3,"[39,40,54]",3,False,True,3
kg_base_rag,1,1,knowledge_agent-s11-f01-GB1-hierarchical-kg_base_rag-f01-20260820T221240262683Z,9,sha256:f2581d7c0cf288f2756129e35eb11374fa23de8fb8a5ca4e8b92e017afc10dd5,QFGA,V39Q;D40F;V54A,3,"[39,40,54]",3,False,False,
kg_base_rag,1,1,knowledge_agent-s11-f01-GB1-hierarchical-kg_base_rag-f01-20260820T221240262683Z,10,sha256:fda39f592c8893d3318383c84df921e831c0ccfbe00dc16931bac7ae4a29b045,EFGA,V39E;D40F;V54A,3,"[39,40,54]",3,False,False,
kg_base_rag,1,1,knowledge_agent-s11-f01-GB1-hierarchical-kg_base_rag-f01-20260820T221240262683Z,11,sha256:2af5a7980464045e0d52470542adf82bb4e06378aff58c4aac4f6b5e4daed5c5,IYLA,V39I;D40Y;G41L;V54A,4,"[39,40,41,54]",3,False,True,6
kg_base_rag,1,1,knowledge_agent-s11-f01-GB1-hierarchical-kg_base_rag-f01-20260820T221240262683Z,12,sha256:c6f7241c5baf429461d4155ada401c1e6713aba10862f39416bf438c68893b1e,LHGA,V39L;D40H;V54A,3,"[39,40,54]",3,False,False,
kg_base_rag,1,1,knowledge_agent-s11-f01-GB1-hierarchical-kg_base_rag-f01-20260820T221240262683Z,13,sha256:22033b5df77892cce600e25e2844b3081db935bf9f0eb3ec99e7bf16de727e22,IFGP,V39I;D40F;V54P,3,"[39,40,54]",3,False,False,
kg_base_rag,1,1,knowledge_agent-s11-f01-GB1-hierarchical-kg_base_rag-f01-20260820T221240262683Z,14,sha256:07beadee4dd27f8fc610222355212e03ab13f8995c692d981d234e0be63701ce,GYGA,V39G;D40Y;V54A,3,"[39,40,54]",3,False,True,8
kg_base_rag,1,1,knowledge_agent-s11-f01-GB1-hierarchical-kg_base_rag-f01-20260820T221240262683Z,15,sha256:c242a06972c36a53ab1f439ba4fccd74b16fd8727c17aa7c678c91f85b4944d0,TFGA,V39T;D40F;V54A,3,"[39,40,54]",3,False,False,
kg_base_rag,1,1,knowledge_agent-s11-f01-GB1-hierarchical-kg_base_rag-f01-20260820T221240262683Z,16,sha256:4bb808c68f7e8c8bdaee57164270c2258559aaeb15b8e49c65f9db8d32a0b271,IGGA,V39I;D40G;V54A,3,"[39,40,54]",3,False,True,15
kg_base_rag,1,1,knowledge_agent-s11-f01-GB1-hierarchical-kg_base_rag-f01-20260820T221240262683Z,17,sha256:6e06df983fec70f5ef8ae432fac36de77cce9404d8066e814d95dfa44e76042b,IYGQ,V39I;D40Y;V54Q,3,"[39,40,54]",3,False,True,7
kg_base_rag,1,1,knowledge_agent-s11-f01-GB1-hierarchical-kg_base_rag-f01-20260820T221240262683Z,18,sha256:ddb89942f8ef27a2d0a27bfcbc8b7cad8cfac8d8b87c7084533c2635b140f690,IFGK,V39I;D40F;V54K,3,"[39,40,54]",3,False,False,
kg_base_rag,1,1,knowledge_agent-s11-f01-GB1-hierarchical-kg_base_rag-f01-20260820T221240262683Z,19,sha256:c9b3262bec8e2fc54fef9f33b4360cecbf1f871b3ee0b01cbd77e363f8b4b9c1,LFKA,V39L;D40F;G41K;V54A,4,"[39,40,41,54]",3,False,False,
kg_base_rag,1,1,knowledge_agent-s11-f01-GB1-hierarchical-kg_base_rag-f01-20260820T221240262683Z,20,sha256:3cff1ab1b454d306870f5191f9e7037202ea456da1872ba6b7ed0583765a0219,IYSA,V39I;D40Y;G41S;V54A,4,"[39,40,41,54]",3,False,True,5
kg_base_rag,1,1,knowledge_agent-s11-f01-GB1-hierarchical-kg_base_rag-f01-20260820T221240262683Z,21,sha256:5448bcd9d82fe64866873596115e16748a424f0ef33f6bcb8a9bfed79d48cb4a,LFCA,V39L;D40F;G41C;V54A,4,"[39,40,41,54]",3,False,False,
kg_base_rag,1,1,knowledge_agent-s11-f01-GB1-hierarchical-kg_base_rag-f01-20260820T221240262683Z,22,sha256:af3704fd7d94e8e7cfafba7bc4bb795f9c6b65850eccaf7e08bcbf0e52d01389,IFIA,V39I;D40F;G41I;V54A,4,"[39,40,41,54]",3,False,True,16
kg_base_rag,1,1,knowledge_agent-s11-f01-GB1-hierarchical-kg_base_rag-f01-20260820T221240262683Z,23,sha256:1218a4e346b8f1bd429ca73e366b1a5c6e6c4cee328f75792084dc854fc68b57,LTGA,V39L;D40T;V54A,3,"[39,40,54]",3,False,False,
kg_base_rag,1,1,knowledge_agent-s11-f01-GB1-hierarchical-kg_base_rag-f01-20260820T221240262683Z,24,sha256:648a58c1136e58ad2f1666370f4a11707df38a2f596407bb78af38ed9d142ad0,LFGV,V39L;D40F,2,"[39,40]",3,False,True,12
kg_base_rag,1,1,knowledge_agent-s11-f01-GB1-hierarchical-kg_base_rag-f01-20260820T221240262683Z,25,sha256:9c98b7aee3ea599bb41480b7542e1fa7aa3421f2d4446e5ee7846632edc5389c,LFAA,V39L;D40F;G41A;V54A,4,"[39,40,41,54]",3,False,False,
kg_base_rag,1,1,knowledge_agent-s11-f01-GB1-hierarchical-kg_base_rag-f01-20260820T221240262683Z,26,sha256:f9594941cf5eb228ef7c530f1a9c6b13ebf10492c3a639970ca48254a7cde920,IFQA,V39I;D40F;G41Q;V54A,4,"[39,40,41,54]",3,False,False,
kg_base_rag,1,1,knowledge_agent-s11-f01-GB1-hierarchical-kg_base_rag-f01-20260820T221240262683Z,27,sha256:210174a3bb738dd3d5120f0ee653f5cb8670234df0fb0512b81907507c79d5ce,IFGI,V39I;D40F;V54I,3,"[39,40,54]",3,False,False,
kg_base_rag,1,1,knowledge_agent-s11-f01-GB1-hierarchical-kg_base_rag-f01-20260820T221240262683Z,28,sha256:95a50d9a8a35bc45e819dc2f36c165ad91dfc4ef850581d74ff0015d4fb1deb2,LYGH,V39L;D40Y;V54H,3,"[39,40,54]",3,False,True,11
kg_base_rag,1,1,knowledge_agent-s11-f01-GB1-hierarchical-kg_base_rag-f01-20260820T221240262683Z,29,sha256:ffba39f4c9c3f5db3dece4b6abc7de2411392e2b9fb73de2b101dff2f9145ccc,QFGM,V39Q;D40F;V54M,3,"[39,40,54]",2,False,True,9
kg_base_rag,1,1,knowledge_agent-s11-f01-GB1-hierarchical-kg_base_rag-f01-20260820T221240262683Z,30,sha256:ffb80fd66fa1a2c946d644581c162d986af73711f5bf96c1e1403aeb00fbbacf,IFHC,V39I;D40F;G41H;V54C,4,"[39,40,41,54]",2,False,False,
kg_base_rag,1,1,knowledge_agent-s11-f01-GB1-hierarchical-kg_base_rag-f01-20260820T221240262683Z,31,sha256:ffb567e3d3b5edfa3e8e73313f9a15226022a65e310693cf3730eaead266a527,ISGK,V39I;D40S;V54K,3,"[39,40,54]",2,False,True,10
kg_base_rag,1,1,knowledge_agent-s11-f01-GB1-hierarchical-kg_base_rag-f01-20260820T221240262683Z,32,sha256:ff9dd4e16dc61713b8716b3cc8fabea5978524efe4cadcd8f950420373ad4ed6,LYIH,V39L;D40Y;G41I;V54H,4,"[39,40,41,54]",2,False,False,
kg_base_rag,1,2,knowledge_agent-s11-f01-GB1-hierarchical-kg_base_rag-f01-20260820T221240262683Z,1,sha256:f76dde0b09a70424006fc41e57e7585914152be6586fbe95e7f63f7dde771b00,LWGV,V39L;D40W,2,"[39,40]",4,True,True,1
kg_base_rag,1,2,knowledge_agent-s11-f01-GB1-hierarchical-kg_base_rag-f01-20260820T221240262683Z,2,sha256:d1ee7e75c0754782805d0c6c02a5ff92c9961f5933f4d7d5a379be794c81c5d3,LWAV,V39L;D40W;G41A,3,"[39,40,41]",4,True,True,12
kg_base_rag,1,2,knowledge_agent-s11-f01-GB1-hierarchical-kg_base_rag-f01-20260820T221240262683Z,3,sha256:b177d1243450c71eb498b38284634bed9fb4dfe5c011c77a82f93d3e376bf7b7,IYAV,V39I;D40Y;G41A,3,"[39,40,41]",4,True,False,
kg_base_rag,1,2,knowledge_agent-s11-f01-GB1-hierarchical-kg_base_rag-f01-20260820T221240262683Z,4,sha256:44d6266fc3e431a843e6063206b6466d9041f52cf887446e0bbb69b0784da309,IFAA,V39I;D40F;G41A;V54A,4,"[39,40,41,54]",4,True,True,7
kg_base_rag,1,2,knowledge_agent-s11-f01-GB1-hierarchical-kg_base_rag-f01-20260820T221240262683Z,5,sha256:6f52849ed5582c913c4036ec9ab5a6fd81eeeba95fa319294e99462fc9994b6e,LFAV,V39L;D40F;G41A,3,"[39,40,41]",4,True,True,2
kg_base_rag,1,2,knowledge_agent-s11-f01-GB1-hierarchical-kg_base_rag-f01-20260820T221240262683Z,6,sha256:9c98b7aee3ea599bb41480b7542e1fa7aa3421f2d4446e5ee7846632edc5389c,LFAA,V39L;D40F;G41A;V54A,4,"[39,40,41,54]",4,True,True,4
kg_base_rag,1,2,knowledge_agent-s11-f01-GB1-hierarchical-kg_base_rag-f01-20260820T221240262683Z,7,sha256:a1a3c0ac9c6a774687eb53c6c69c99bdc859c63a4b65c020c95242775c0773d3,CFAA,V39C;D40F;G41A;V54A,4,"[39,40,41,54]",4,True,True,6
kg_base_rag,1,2,knowledge_agent-s11-f01-GB1-hierarchical-kg_base_rag-f01-20260820T221240262683Z,8,sha256:8fc0755de9cdab91faf47b2acd1f7b0e95c20c28539871fa6f56ac8e6299a167,CFGA,V39C;D40F;V54A,3,"[39,40,54]",4,True,False,
kg_base_rag,1,2,knowledge_agent-s11-f01-GB1-hierarchical-kg_base_rag-f01-20260820T221240262683Z,9,sha256:6c7730ebfd4866835daf89a62670cb8773262df46c23f40398b4ac22efea3a0e,CYAA,V39C;D40Y;G41A;V54A,4,"[39,40,41,54]",4,True,True,8
kg_base_rag,1,2,knowledge_agent-s11-f01-GB1-hierarchical-kg_base_rag-f01-20260820T221240262683Z,10,sha256:f8ee04236ace863a6c1cf3e75d51c85514b655dd0f5db101c63a33f4488a70f1,IYGV,V39I;D40Y,2,"[39,40]",4,True,False,
kg_base_rag,1,2,knowledge_agent-s11-f01-GB1-hierarchical-kg_base_rag-f01-20260820T221240262683Z,11,sha256:c004108080543f240c5cde5d7aab4cf985d8e8daf2178d547dd5d31573e78c0c,LWGA,V39L;D40W;V54A,3,"[39,40,54]",4,True,True,3
kg_base_rag,1,2,knowledge_agent-s11-f01-GB1-hierarchical-kg_base_rag-f01-20260820T221240262683Z,12,sha256:b4dddfa750633734addf2af055cbc96473de5e3a2a0fa215a18abfa5f8583057,CWAV,V39C;D40W;G41A,3,"[39,40,41]",4,True,True,11
kg_base_rag,1,2,knowledge_agent-s11-f01-GB1-hierarchical-kg_base_rag-f01-20260820T221240262683Z,13,sha256:3fa07c46e7d0259ba56a74c1533d1f8bf13e298dd9bced0e748419291bc4eed0,IFGV,V39I;D40F,2,"[39,40]",4,True,False,
kg_base_rag,1,2,knowledge_agent-s11-f01-GB1-hierarchical-kg_base_rag-f01-20260820T221240262683Z,14,sha256:335a9f68d105e1b2c741b6ced91d700d8ae50342735fa341a98379ae87245479,IWGV,V39I;D40W,2,"[39,40]",4,True,True,14
kg_base_rag,1,2,knowledge_agent-s11-f01-GB1-hierarchical-kg_base_rag-f01-20260820T221240262683Z,15,sha256:8adcc9749599afd1dcad3ef9086feca9afaac8e0654ab85131de9e30f5b67919,LYGV,V39L;D40Y,2,"[39,40]",4,True,True,13
kg_base_rag,1,2,knowledge_agent-s11-f01-GB1-hierarchical-kg_base_rag-f01-20260820T221240262683Z,16,sha256:9e6bbd4f6124c6f03b94ef7116ed62eb83b01136ff4517648fb376946f7cccca,CWGV,V39C;D40W,2,"[39,40]",4,True,True,15
kg_base_rag,1,2,knowledge_agent-s11-f01-GB1-hierarchical-kg_base_rag-f01-20260820T221240262683Z,17,sha256:44a636657855b95504090d15d1c1c314fc037458aedfdad6d298ed4dfeabf3e9,CWGA,V39C;D40W;V54A,3,"[39,40,54]",4,True,False,
kg_base_rag,1,2,knowledge_agent-s11-f01-GB1-hierarchical-kg_base_rag-f01-20260820T221240262683Z,18,sha256:fc1a761c7fdabc6dbde3d6118564a6484b42808813fa49e0ccd0871ff6053847,CYAV,V39C;D40Y;G41A,3,"[39,40,41]",4,True,True,9
kg_base_rag,1,2,knowledge_agent-s11-f01-GB1-hierarchical-kg_base_rag-f01-20260820T221240262683Z,19,sha256:d853591e35af45ec74c2446e481cec88323ad0e13ce3e9c5a66eadd2f9ebba04,CFAV,V39C;D40F;G41A,3,"[39,40,41]",4,True,False,
kg_base_rag,1,2,knowledge_agent-s11-f01-GB1-hierarchical-kg_base_rag-f01-20260820T221240262683Z,20,sha256:e6ed912b82cde5af94c4a080eb9a792c6ca80877524d63ec7360a90095c427b8,CWAA,V39C;D40W;G41A;V54A,4,"[39,40,41,54]",4,True,True,10
kg_base_rag,1,2,knowledge_agent-s11-f01-GB1-hierarchical-kg_base_rag-f01-20260820T221240262683Z,21,sha256:ad6a679f37023b04775b80669f369232860f288bcc139839b80373722e1c1a16,IWAV,V39I;D40W;G41A,3,"[39,40,41]",4,True,False,
kg_base_rag,1,2,knowledge_agent-s11-f01-GB1-hierarchical-kg_base_rag-f01-20260820T221240262683Z,22,sha256:84edffd46cf58545dc887d21540771c0ef3b7db438daa8c07f982f06c3d41b58,IWGA,V39I;D40W;V54A,3,"[39,40,54]",4,True,False,
kg_base_rag,1,2,knowledge_agent-s11-f01-GB1-hierarchical-kg_base_rag-f01-20260820T221240262683Z,23,sha256:6f3806ab0abd963bc7bf42080c055881eea79f9a3593d109c7072a279f2466c7,IWAA,V39I;D40W;G41A;V54A,4,"[39,40,41,54]",4,True,False,
kg_base_rag,1,2,knowledge_agent-s11-f01-GB1-hierarchical-kg_base_rag-f01-20260820T221240262683Z,24,sha256:9118a42e0189eb5c2e6387cd11974e91add4b2cbdf22c180fb6fccea22475fc2,CFGV,V39C;D40F,2,"[39,40]",4,True,False,
kg_base_rag,1,2,knowledge_agent-s11-f01-GB1-hierarchical-kg_base_rag-f01-20260820T221240262683Z,25,sha256:07953cc3dd7a0b30a84606c49f87ee90d179d10ad48b0ea966c8a0d47de45e56,LYAV,V39L;D40Y;G41A,3,"[39,40,41]",4,True,True,5
kg_base_rag,1,2,knowledge_agent-s11-f01-GB1-hierarchical-kg_base_rag-f01-20260820T221240262683Z,26,sha256:55731ab2721edbb1d5645e611a4129a1160f21abb38bfe22152c0a6e944fd009,WWGV,V39W;D40W,2,"[39,40]",3,False,True,16
kg_base_rag,1,2,knowledge_agent-s11-f01-GB1-hierarchical-kg_base_rag-f01-20260820T221240262683Z,27,sha256:b763eacb85d20f1676c888144631f6d486a3d562ddff2a5f1248121c8d4855a1,CMGA,V39C;D40M;V54A,3,"[39,40,54]",3,False,False,
kg_base_rag,1,2,knowledge_agent-s11-f01-GB1-hierarchical-kg_base_rag-f01-20260820T221240262683Z,28,sha256:86125d84bf2c02c73a769ea705aef435004d5726399a7c601cdb068f040f568f,CYAK,V39C;D40Y;G41A;V54K,4,"[39,40,41,54]",3,False,False,
kg_base_rag,1,2,knowledge_agent-s11-f01-GB1-hierarchical-kg_base_rag-f01-20260820T221240262683Z,29,sha256:fe7fb28c7a04762e909530495bacf0bba24d6376e828a61dae28ad091519f2c8,ICFV,V39I;D40C;G41F,3,"[39,40,41]",2,False,False,
kg_base_rag,1,2,knowledge_agent-s11-f01-GB1-hierarchical-kg_base_rag-f01-20260820T221240262683Z,30,sha256:f934deb8cbce5fac7cb1d3e1ffed7c8fce32708dcd5c513d00c8ec4dcb2bf644,DYNA,V39D;D40Y;G41N;V54A,4,"[39,40,41,54]",2,False,False,
kg_base_rag,1,2,knowledge_agent-s11-f01-GB1-hierarchical-kg_base_rag-f01-20260820T221240262683Z,31,sha256:f87baa1660facc503fbd934ff19b5943797a08b2e3ae3f465e7b3361893843c7,CMKA,V39C;D40M;G41K;V54A,4,"[39,40,41,54]",2,False,False,
kg_base_rag,1,2,knowledge_agent-s11-f01-GB1-hierarchical-kg_base_rag-f01-20260820T221240262683Z,32,sha256:f83a484017b13f927c284f6dc671e03312c0c25c6667f2f03f236c88f9b43b4f,CYNG,V39C;D40Y;G41N;V54G,4,"[39,40,41,54]",2,False,False,
kg_base_rag,1,3,knowledge_agent-s11-f01-GB1-hierarchical-kg_base_rag-f01-20260820T221240262683Z,1,sha256:84edffd46cf58545dc887d21540771c0ef3b7db438daa8c07f982f06c3d41b58,IWGA,V39I;D40W;V54A,3,"[39,40,54]",4,True,True,1
kg_base_rag,1,3,knowledge_agent-s11-f01-GB1-hierarchical-kg_base_rag-f01-20260820T221240262683Z,2,sha256:ad6a679f37023b04775b80669f369232860f288bcc139839b80373722e1c1a16,IWAV,V39I;D40W;G41A,3,"[39,40,41]",4,True,False,
kg_base_rag,1,3,knowledge_agent-s11-f01-GB1-hierarchical-kg_base_rag-f01-20260820T221240262683Z,3,sha256:b177d1243450c71eb498b38284634bed9fb4dfe5c011c77a82f93d3e376bf7b7,IYAV,V39I;D40Y;G41A,3,"[39,40,41]",4,True,True,5
kg_base_rag,1,3,knowledge_agent-s11-f01-GB1-hierarchical-kg_base_rag-f01-20260820T221240262683Z,4,sha256:8fc0755de9cdab91faf47b2acd1f7b0e95c20c28539871fa6f56ac8e6299a167,CFGA,V39C;D40F;V54A,3,"[39,40,54]",4,True,True,3
kg_base_rag,1,3,knowledge_agent-s11-f01-GB1-hierarchical-kg_base_rag-f01-20260820T221240262683Z,5,sha256:f8ee04236ace863a6c1cf3e75d51c85514b655dd0f5db101c63a33f4488a70f1,IYGV,V39I;D40Y,2,"[39,40]",4,True,False,
kg_base_rag,1,3,knowledge_agent-s11-f01-GB1-hierarchical-kg_base_rag-f01-20260820T221240262683Z,6,sha256:3fa07c46e7d0259ba56a74c1533d1f8bf13e298dd9bced0e748419291bc4eed0,IFGV,V39I;D40F,2,"[39,40]",4,True,True,7
kg_base_rag,1,3,knowledge_agent-s11-f01-GB1-hierarchical-kg_base_rag-f01-20260820T221240262683Z,7,sha256:9118a42e0189eb5c2e6387cd11974e91add4b2cbdf22c180fb6fccea22475fc2,CFGV,V39C;D40F,2,"[39,40]",4,True,True,13
kg_base_rag,1,3,knowledge_agent-s11-f01-GB1-hierarchical-kg_base_rag-f01-20260820T221240262683Z,8,sha256:d853591e35af45ec74c2446e481cec88323ad0e13ce3e9c5a66eadd2f9ebba04,CFAV,V39C;D40F;G41A,3,"[39,40,41]",4,True,True,6
kg_base_rag,1,3,knowledge_agent-s11-f01-GB1-hierarchical-kg_base_rag-f01-20260820T221240262683Z,9,sha256:44a636657855b95504090d15d1c1c314fc037458aedfdad6d298ed4dfeabf3e9,CWGA,V39C;D40W;V54A,3,"[39,40,54]",4,True,True,4
kg_base_rag,1,3,knowledge_agent-s11-f01-GB1-hierarchical-kg_base_rag-f01-20260820T221240262683Z,10,sha256:6f3806ab0abd963bc7bf42080c055881eea79f9a3593d109c7072a279f2466c7,IWAA,V39I;D40W;G41A;V54A,4,"[39,40,41,54]",4,True,False,
kg_base_rag,1,3,knowledge_agent-s11-f01-GB1-hierarchical-kg_base_rag-f01-20260820T221240262683Z,11,sha256:4157419ff064905396032def1e0c456020711e913cde07a20227fab45d0f01dd,IYGH,V39I;D40Y;V54H,3,"[39,40,54]",3,False,False,
kg_base_rag,1,3,knowledge_agent-s11-f01-GB1-hierarchical-kg_base_rag-f01-20260820T221240262683Z,12,sha256:c139cd66c31c49d08a630f77624d3621c2825494ef4e3864ae19a75ee9badf6b,CWMV,V39C;D40W;G41M,3,"[39,40,41]",3,False,True,14
kg_base_rag,1,3,knowledge_agent-s11-f01-GB1-hierarchical-kg_base_rag-f01-20260820T221240262683Z,13,sha256:32a4e4e6bebb6d1b7ebba36c40f610a09d7a2ed17a45af36b2482a0bf741f80b,IFAI,V39I;D40F;G41A;V54I,4,"[39,40,41,54]",3,False,False,
kg_base_rag,1,3,knowledge_agent-s11-f01-GB1-hierarchical-kg_base_rag-f01-20260820T221240262683Z,14,sha256:a56ba2e046c48bd3fb15270054cc1dba1dacfe008710f48f04c8fbc00d281238,LWAY,V39L;D40W;G41A;V54Y,4,"[39,40,41,54]",3,False,True,16
kg_base_rag,1,3,knowledge_agent-s11-f01-GB1-hierarchical-kg_base_rag-f01-20260820T221240262683Z,15,sha256:3c713612e6e7377b7c72a990db12887dcfb299ecd7d25aa36e686796728b87a3,MYGV,V39M;D40Y,2,"[39,40]",3,False,False,
kg_base_rag,1,3,knowledge_agent-s11-f01-GB1-hierarchical-kg_base_rag-f01-20260820T221240262683Z,16,sha256:f4627814a2db6f9d74b85e2df24d46c4b29216ef616f7df30c849f0e7e9589b1,IFTA,V39I;D40F;G41T;V54A,4,"[39,40,41,54]",3,False,False,
kg_base_rag,1,3,knowledge_agent-s11-f01-GB1-hierarchical-kg_base_rag-f01-20260820T221240262683Z,17,sha256:ffd0b779798cfab44054c754b3241cef064cd2c86a026c342c950a5a3dca6ba0,LWFV,V39L;D40W;G41F,3,"[39,40,41]",3,False,True,11
kg_base_rag,1,3,knowledge_agent-s11-f01-GB1-hierarchical-kg_base_rag-f01-20260820T221240262683Z,18,sha256:c13af3047a0fdabf9c4ce2bd6fd257a90cebc60f97d1819db2201191a70a36df,ISAA,V39I;D40S;G41A;V54A,4,"[39,40,41,54]",3,False,False,
kg_base_rag,1,3,knowledge_agent-s11-f01-GB1-hierarchical-kg_base_rag-f01-20260820T221240262683Z,19,sha256:ad20fc4f86c90ad91135a0f8757b90d3c79ec9cdb02d124fa9aceab46242e31a,LFIA,V39L;D40F;G41I;V54A,4,"[39,40,41,54]",3,False,True,8
kg_base_rag,1,3,knowledge_agent-s11-f01-GB1-hierarchical-kg_base_rag-f01-20260820T221240262683Z,20,sha256:6f5ea74f86e95dc974a41964d2727bb326666898eebbf5a1dfc4013c9695219c,EWAA,V39E;D40W;G41A;V54A,4,"[39,40,41,54]",3,False,True,15
kg_base_rag,1,3,knowledge_agent-s11-f01-GB1-hierarchical-kg_base_rag-f01-20260820T221240262683Z,21,sha256:895653adf3d72c7c607ee4b622e65b2ef67d8c6d22bee2fe372f21ff3d148b0b,IWAM,V39I;D40W;G41A;V54M,4,"[39,40,41,54]",3,False,False,
kg_base_rag,1,3,knowledge_agent-s11-f01-GB1-hierarchical-kg_base_rag-f01-20260820T221240262683Z,22,sha256:23a1820d1b88a295b419b3f37c491f0b8e758df95f4de7db422a68bfcfdedc1e,LFGD,V39L;D40F;V54D,3,"[39,40,54]",3,False,True,2
kg_base_rag,1,3,knowledge_agent-s11-f01-GB1-hierarchical-kg_base_rag-f01-20260820T221240262683Z,23,sha256:24310f84ad1e30c1fffa411b3827238ecaf354e57bdc1430f0a6f6491fa1d66e,FWAV,V39F;D40W;G41A,3,"[39,40,41]",3,False,False,
kg_base_rag,1,3,knowledge_agent-s11-f01-GB1-hierarchical-kg_base_rag-f01-20260820T221240262683Z,24,sha256:0461235df0122fbabf92b8ddb5cc01d62676e4b7856449c46b7208415ef26754,IWRA,V39I;D40W;G41R;V54A,4,"[39,40,41,54]",3,False,True,9
kg_base_rag,1,3,knowledge_agent-s11-f01-GB1-hierarchical-kg_base_rag-f01-20260820T221240262683Z,25,sha256:5c4c71e9eebd6ab2a25b9f9bb082a949a690f2fa1ab29ffb82e37e70595daffe,LYAL,V39L;D40Y;G41A;V54L,4,"[39,40,41,54]",3,False,True,12
kg_base_rag,1,3,knowledge_agent-s11-f01-GB1-hierarchical-kg_base_rag-f01-20260820T221240262683Z,26,sha256:1903ed3536f6bdac6411535b1532cd635df20315f58efda870b313b60996f679,CQAV,V39C;D40Q;G41A,3,"[39,40,41]",3,False,False,
kg_base_rag,1,3,knowledge_agent-s11-f01-GB1-hierarchical-kg_base_rag-f01-20260820T221240262683Z,27,sha256:6e27e531c70a5d1d86c223bcdec3f29430dcf9f6c055bd23c1ac38d0cd998900,QWGV,V39Q;D40W,2,"[39,40]",3,False,False,
kg_base_rag,1,3,knowledge_agent-s11-f01-GB1-hierarchical-kg_base_rag-f01-20260820T221240262683Z,28,sha256:0f7ec0eff57e8ce43342fe12ddb8c0f4e3bde6cd661552d76002369e13a6642b,IMAV,V39I;D40M;G41A,3,"[39,40,41]",3,False,True,10
kg_base_rag,1,3,knowledge_agent-s11-f01-GB1-hierarchical-kg_base_rag-f01-20260820T221240262683Z,29,sha256:fecc00f2a1c2c5db07cc57e420caf20bdfb13fa859fbe0c450fa1b25991536e4,EPAA,V39E;D40P;G41A;V54A,4,"[39,40,41,54]",2,False,False,
kg_base_rag,1,3,knowledge_agent-s11-f01-GB1-hierarchical-kg_base_rag-f01-20260820T221240262683Z,30,sha256:feaf01bfc0bdf7bafc1727bb38de03182370d4c6c1c34255704a3d387d0a1bd0,TFAI,V39T;D40F;G41A;V54I,4,"[39,40,41,54]",2,False,False,
kg_base_rag,1,3,knowledge_agent-s11-f01-GB1-hierarchical-kg_base_rag-f01-20260820T221240262683Z,31,sha256:fe5bf97b261f24d47f5776a0cf7bc6a8d53a4999952a46fce495dad10084f395,IFTF,V39I;D40F;G41T;V54F,4,"[39,40,41,54]",2,False,False,
kg_base_rag,1,3,knowledge_agent-s11-f01-GB1-hierarchical-kg_base_rag-f01-20260820T221240262683Z,32,sha256:fe4d3a52846997707401ae6e694f4df2bcc054558a5fc5552da6a60f278fa111,IYHH,V39I;D40Y;G41H;V54H,4,"[39,40,41,54]",2,False,False,
kg_base_rag,2,1,knowledge_agent-s11-f02-GB1-hierarchical-kg_base_rag-f02-20260820T222600583330Z,1,sha256:7011d9a6a68230d2096f4f76ca16a8f93ab8f461fc01df7524296a22dcc90c1d,VHGC,D40H;V54C,2,"[40,54]",4,True,False,
kg_base_rag,2,1,knowledge_agent-s11-f02-GB1-hierarchical-kg_base_rag-f02-20260820T222600583330Z,2,sha256:6f8721d4e6354c82389a55d5622c66c0af2e220b627e5a2befb5318c2406bb87,LAGC,V39L;D40A;V54C,3,"[39,40,54]",4,True,False,
kg_base_rag,2,1,knowledge_agent-s11-f02-GB1-hierarchical-kg_base_rag-f02-20260820T222600583330Z,3,sha256:915b881aa31bfe7ff503bb05e5df8400a43f987aa10d7e4d9451afc5c689b47a,LHGV,V39L;D40H,2,"[39,40]",4,True,False,
kg_base_rag,2,1,knowledge_agent-s11-f02-GB1-hierarchical-kg_base_rag-f02-20260820T222600583330Z,4,sha256:9ba06b109151381846c37343f9142c61e9fa15b683b23094a495ae5609fa823b,VAGC,D40A;V54C,2,"[40,54]",4,True,True,14
kg_base_rag,2,1,knowledge_agent-s11-f02-GB1-hierarchical-kg_base_rag-f02-20260820T222600583330Z,5,sha256:4cd023359e77c93ecc5f350bbd97bba64d0696a04d8b6eca86cba02058bdd18d,LAGV,V39L;D40A,2,"[39,40]",4,True,True,5
kg_base_rag,2,1,knowledge_agent-s11-f02-GB1-hierarchical-kg_base_rag-f02-20260820T222600583330Z,6,sha256:58db15f5f6e207865de082faa5d9241d2d78b00a2dc808b9d0b85fb6271e1861,VWGA,D40W;V54A,2,"[40,54]",4,True,True,2
kg_base_rag,2,1,knowledge_agent-s11-f02-GB1-hierarchical-kg_base_rag-f02-20260820T222600583330Z,7,sha256:1341a97d7217e64b2fc2aa592a9f0ef2de2578d49262200771967d460d350384,IAGC,V39I;D40A;V54C,3,"[39,40,54]",4,True,False,
kg_base_rag,2,1,knowledge_agent-s11-f02-GB1-hierarchical-kg_base_rag-f02-20260820T222600583330Z,8,sha256:076b4b3416b01a0e84275c5cf27de37691b5179fe54adffecbad2c79f2a7f9ee,VWGC,D40W;V54C,2,"[40,54]",4,True,True,8
kg_base_rag,2,1,knowledge_agent-s11-f02-GB1-hierarchical-kg_base_rag-f02-20260820T222600583330Z,9,sha256:b63d2758865104c2aef21f9c6fcacaa861e8f3799eb68b9d20cc7bcad1e9cf8a,VAGA,D40A;V54A,2,"[40,54]",4,True,True,3
kg_base_rag,2,1,knowledge_agent-s11-f02-GB1-hierarchical-kg_base_rag-f02-20260820T222600583330Z,10,sha256:99527d4c0968c0e8e932b939fe6e1c9a52f5bd2e408da081d403cf6bbf0f1bef,LFGC,V39L;D40F;V54C,3,"[39,40,54]",4,True,False,
kg_base_rag,2,1,knowledge_agent-s11-f02-GB1-hierarchical-kg_base_rag-f02-20260820T222600583330Z,11,sha256:f1273a6eea037de3f26ca61247407617ca9068f09217dc03497dbc042d26c3b7,CHGV,V39C;D40H,2,"[39,40]",4,True,False,
kg_base_rag,2,1,knowledge_agent-s11-f02-GB1-hierarchical-kg_base_rag-f02-20260820T222600583330Z,12,sha256:427e4211b9b2014e5a3646c1577ef9c56327b0527bc516f4bc16e9a10c49fe72,VFGA,D40F;V54A,2,"[40,54]",4,True,False,
kg_base_rag,2,1,knowledge_agent-s11-f02-GB1-hierarchical-kg_base_rag-f02-20260820T222600583330Z,13,sha256:d05664b827f5087265ff8d7edbd02000546e8538f72270fc9585a4974800db7d,CWGC,V39C;D40W;V54C,3,"[39,40,54]",4,True,True,16
kg_base_rag,2,1,knowledge_agent-s11-f02-GB1-hierarchical-kg_base_rag-f02-20260820T222600583330Z,14,sha256:184a753208ec312596faa7f79d17c5ec89deaa1ee61c07ae68f236b59ecf2a9c,VYGA,D40Y;V54A,2,"[40,54]",4,True,True,12
kg_base_rag,2,1,knowledge_agent-s11-f02-GB1-hierarchical-kg_base_rag-f02-20260820T222600583330Z,15,sha256:3a7adba769d374f88cba01eb4686cb18884a40cfb15f1b9189d5b5e582f22637,LWGC,V39L;D40W;V54C,3,"[39,40,54]",4,True,False,
kg_base_rag,2,1,knowledge_agent-s11-f02-GB1-hierarchical-kg_base_rag-f02-20260820T222600583330Z,16,sha256:84edffd46cf58545dc887d21540771c0ef3b7db438daa8c07f982f06c3d41b58,IWGA,V39I;D40W;V54A,3,"[39,40,54]",4,True,True,6
kg_base_rag,2,1,knowledge_agent-s11-f02-GB1-hierarchical-kg_base_rag-f02-20260820T222600583330Z,17,sha256:3fa07c46e7d0259ba56a74c1533d1f8bf13e298dd9bced0e748419291bc4eed0,IFGV,V39I;D40F,2,"[39,40]",4,True,False,
kg_base_rag,2,1,knowledge_agent-s11-f02-GB1-hierarchical-kg_base_rag-f02-20260820T222600583330Z,18,sha256:d49a8559c59eb0823bd1742beb73d24c31314a897e5197cf6f9823dae6d39341,VFGC,D40F;V54C,2,"[40,54]",4,True,False,
kg_base_rag,2,1,knowledge_agent-s11-f02-GB1-hierarchical-kg_base_rag-f02-20260820T222600583330Z,19,sha256:f8ee04236ace863a6c1cf3e75d51c85514b655dd0f5db101c63a33f4488a70f1,IYGV,V39I;D40Y,2,"[39,40]",4,True,True,11
kg_base_rag,2,1,knowledge_agent-s11-f02-GB1-hierarchical-kg_base_rag-f02-20260820T222600583330Z,20,sha256:187bf4a7ad8ca6e9e3015ba357922df3b0b56fca4736d3a0e952e2d8ada21030,IHGA,V39I;D40H;V54A,3,"[39,40,54]",4,True,True,15
kg_base_rag,2,1,knowledge_agent-s11-f02-GB1-hierarchical-kg_base_rag-f02-20260820T222600583330Z,21,sha256:9e6bbd4f6124c6f03b94ef7116ed62eb83b01136ff4517648fb376946f7cccca,CWGV,V39C;D40W,2,"[39,40]",4,True,True,1
kg_base_rag,2,1,knowledge_agent-s11-f02-GB1-hierarchical-kg_base_rag-f02-20260820T222600583330Z,22,sha256:6426d92a5e51c3ecccddd0f5343ffaead003713e620db4591cc01d0c82cc0796,LYGC,V39L;D40Y;V54C,3,"[39,40,54]",4,True,False,
kg_base_rag,2,1,knowledge_agent-s11-f02-GB1-hierarchical-kg_base_rag-f02-20260820T222600583330Z,23,sha256:8dfd510cc5d833fdae80ec4190fa236a9a06f4dd1b5b6ae5585230b15db28328,IAGA,V39I;D40A;V54A,3,"[39,40,54]",4,True,True,7
kg_base_rag,2,1,knowledge_agent-s11-f02-GB1-hierarchical-kg_base_rag-f02-20260820T222600583330Z,24,sha256:43cabbc05b92c32d3de0015b2581125d073f85154f975f2ed3dd5687eccff006,CAGC,V39C;D40A;V54C,3,"[39,40,54]",4,True,False,
kg_base_rag,2,1,knowledge_agent-s11-f02-GB1-hierarchical-kg_base_rag-f02-20260820T222600583330Z,25,sha256:91d71fc5fd3e619531eab321fad84e6d748606d7e18189be73e1f11daadbecdd,IAGV,V39I;D40A,2,"[39,40]",4,True,True,4
kg_base_rag,2,1,knowledge_agent-s11-f02-GB1-hierarchical-kg_base_rag-f02-20260820T222600583330Z,26,sha256:c6f7241c5baf429461d4155ada401c1e6713aba10862f39416bf438c68893b1e,LHGA,V39L;D40H;V54A,3,"[39,40,54]",4,True,False,
kg_base_rag,2,1,knowledge_agent-s11-f02-GB1-hierarchical-kg_base_rag-f02-20260820T222600583330Z,27,sha256:8cb6b7ff31c0b2b46054d659d140cd4b027c8c761b86aaada4e19478d97a77d0,LFGA,V39L;D40F;V54A,3,"[39,40,54]",4,True,False,
kg_base_rag,2,1,knowledge_agent-s11-f02-GB1-hierarchical-kg_base_rag-f02-20260820T222600583330Z,28,sha256:8adcc9749599afd1dcad3ef9086feca9afaac8e0654ab85131de9e30f5b67919,LYGV,V39L;D40Y,2,"[39,40]",4,True,True,13
kg_base_rag,2,1,knowledge_agent-s11-f02-GB1-hierarchical-kg_base_rag-f02-20260820T222600583330Z,29,sha256:ffe1c02391015550aa92b73006c9369e741d510302326117d2db4dfbe8c2f43e,VCWA,D40C;G41W;V54A,3,"[40,41,54]",2,False,True,9
kg_base_rag,2,1,knowledge_agent-s11-f02-GB1-hierarchical-kg_base_rag-f02-20260820T222600583330Z,30,sha256:ffe027299d2d1590e98494180041a3cc7ea6ea347ab50808b91a35dd041fd8b9,VHYT,D40H;G41Y;V54T,3,"[40,41,54]",2,False,False,
kg_base_rag,2,1,knowledge_agent-s11-f02-GB1-hierarchical-kg_base_rag-f02-20260820T222600583330Z,31,sha256:ffd38c1c8b2533acf8cd3a56d13bf9eee1542235fd6142e1732a9c65147887e6,CPDV,V39C;D40P;G41D,3,"[39,40,41]",2,False,True,10
kg_base_rag,2,1,knowledge_agent-s11-f02-GB1-hierarchical-kg_base_rag-f02-20260820T222600583330Z,32,sha256:ffc40d197ec8f5fcee86570cfa4a5c89f8245f984f649a1403a28e4c1e57785b,CNAV,V39C;D40N;G41A,3,"[39,40,41]",2,False,False,
kg_base_rag,2,2,knowledge_agent-s11-f02-GB1-hierarchical-kg_base_rag-f02-20260820T222600583330Z,1,sha256:915b881aa31bfe7ff503bb05e5df8400a43f987aa10d7e4d9451afc5c689b47a,LHGV,V39L;D40H,2,"[39,40]",4,True,True,7
kg_base_rag,2,2,knowledge_agent-s11-f02-GB1-hierarchical-kg_base_rag-f02-20260820T222600583330Z,2,sha256:f76dde0b09a70424006fc41e57e7585914152be6586fbe95e7f63f7dde771b00,LWGV,V39L;D40W,2,"[39,40]",4,True,True,12
kg_base_rag,2,2,knowledge_agent-s11-f02-GB1-hierarchical-kg_base_rag-f02-20260820T222600583330Z,3,sha256:1ef3828bd26a9404c98efbe68c2daf51c8d051c9d251c5689b4ae3856796b6c5,CYGA,V39C;D40Y;V54A,3,"[39,40,54]",4,True,True,6
kg_base_rag,2,2,knowledge_agent-s11-f02-GB1-hierarchical-kg_base_rag-f02-20260820T222600583330Z,4,sha256:4dc134999aaac11cca9963ee105d20891ff7c3e4b12fa27ab24960f98683406e,CHGC,V39C;D40H;V54C,3,"[39,40,54]",4,True,False,
kg_base_rag,2,2,knowledge_agent-s11-f02-GB1-hierarchical-kg_base_rag-f02-20260820T222600583330Z,5,sha256:6426d92a5e51c3ecccddd0f5343ffaead003713e620db4591cc01d0c82cc0796,LYGC,V39L;D40Y;V54C,3,"[39,40,54]",4,True,True,1
kg_base_rag,2,2,knowledge_agent-s11-f02-GB1-hierarchical-kg_base_rag-f02-20260820T222600583330Z,6,sha256:44a636657855b95504090d15d1c1c314fc037458aedfdad6d298ed4dfeabf3e9,CWGA,V39C;D40W;V54A,3,"[39,40,54]",4,True,False,
kg_base_rag,2,2,knowledge_agent-s11-f02-GB1-hierarchical-kg_base_rag-f02-20260820T222600583330Z,7,sha256:45302fd2336c6f0c849be772b66c0a97eda8cb186cc1ecd62d3bdb256da12568,IWGC,V39I;D40W;V54C,3,"[39,40,54]",4,True,True,13
kg_base_rag,2,2,knowledge_agent-s11-f02-GB1-hierarchical-kg_base_rag-f02-20260820T222600583330Z,8,sha256:9118a42e0189eb5c2e6387cd11974e91add4b2cbdf22c180fb6fccea22475fc2,CFGV,V39C;D40F,2,"[39,40]",4,True,False,
kg_base_rag,2,2,knowledge_agent-s11-f02-GB1-hierarchical-kg_base_rag-f02-20260820T222600583330Z,9,sha256:672c64daff9278db71deb01b0bf2b643c7abb0745ba3f23d0deb90bf3c9213c3,CAGA,V39C;D40A;V54A,3,"[39,40,54]",4,True,False,
kg_base_rag,2,2,knowledge_agent-s11-f02-GB1-hierarchical-kg_base_rag-f02-20260820T222600583330Z,10,sha256:8fc0755de9cdab91faf47b2acd1f7b0e95c20c28539871fa6f56ac8e6299a167,CFGA,V39C;D40F;V54A,3,"[39,40,54]",4,True,False,
kg_base_rag,2,2,knowledge_agent-s11-f02-GB1-hierarchical-kg_base_rag-f02-20260820T222600583330Z,11,sha256:648a58c1136e58ad2f1666370f4a11707df38a2f596407bb78af38ed9d142ad0,LFGV,V39L;D40F,2,"[39,40]",4,True,False,
kg_base_rag,2,2,knowledge_agent-s11-f02-GB1-hierarchical-kg_base_rag-f02-20260820T222600583330Z,12,sha256:c6f7241c5baf429461d4155ada401c1e6713aba10862f39416bf438c68893b1e,LHGA,V39L;D40H;V54A,3,"[39,40,54]",4,True,False,
kg_base_rag,2,2,knowledge_agent-s11-f02-GB1-hierarchical-kg_base_rag-f02-20260820T222600583330Z,13,sha256:3a7adba769d374f88cba01eb4686cb18884a40cfb15f1b9189d5b5e582f22637,LWGC,V39L;D40W;V54C,3,"[39,40,54]",4,True,True,5
kg_base_rag,2,2,knowledge_agent-s11-f02-GB1-hierarchical-kg_base_rag-f02-20260820T222600583330Z,14,sha256:43cabbc05b92c32d3de0015b2581125d073f85154f975f2ed3dd5687eccff006,CAGC,V39C;D40A;V54C,3,"[39,40,54]",4,True,False,
kg_base_rag,2,2,knowledge_agent-s11-f02-GB1-hierarchical-kg_base_rag-f02-20260820T222600583330Z,15,sha256:f1273a6eea037de3f26ca61247407617ca9068f09217dc03497dbc042d26c3b7,CHGV,V39C;D40H,2,"[39,40]",4,True,False,
kg_base_rag,2,2,knowledge_agent-s11-f02-GB1-hierarchical-kg_base_rag-f02-20260820T222600583330Z,16,sha256:6d8e0cdef006c0c23a734adb9e7c45f89b3af32d1ca32da46584df83134c67f0,IHGV,V39I;D40H,2,"[39,40]",4,True,False,
kg_base_rag,2,2,knowledge_agent-s11-f02-GB1-hierarchical-kg_base_rag-f02-20260820T222600583330Z,17,sha256:1341a97d7217e64b2fc2aa592a9f0ef2de2578d49262200771967d460d350384,IAGC,V39I;D40A;V54C,3,"[39,40,54]",4,True,True,4
kg_base_rag,2,2,knowledge_agent-s11-f02-GB1-hierarchical-kg_base_rag-f02-20260820T222600583330Z,18,sha256:335a9f68d105e1b2c741b6ced91d700d8ae50342735fa341a98379ae87245479,IWGV,V39I;D40W,2,"[39,40]",4,True,True,11
kg_base_rag,2,2,knowledge_agent-s11-f02-GB1-hierarchical-kg_base_rag-f02-20260820T222600583330Z,19,sha256:c1b4e800f07cdf1f0c008b456d7c71348718002fd42ac0988da415e8d203ea12,IFGA,V39I;D40F;V54A,3,"[39,40,54]",4,True,False,
kg_base_rag,2,2,knowledge_agent-s11-f02-GB1-hierarchical-kg_base_rag-f02-20260820T222600583330Z,20,sha256:788697cdf7a733a185433fc9deb43541d4f9750da333ceeaa00dece46ce2182c,CHGA,V39C;D40H;V54A,3,"[39,40,54]",4,True,False,
kg_base_rag,2,2,knowledge_agent-s11-f02-GB1-hierarchical-kg_base_rag-f02-20260820T222600583330Z,21,sha256:0c27d24d79ae24742317846eba6b5fb65a951dee9c18a8ea61dff190fff050a8,LYGA,V39L;D40Y;V54A,3,"[39,40,54]",4,True,True,2
kg_base_rag,2,2,knowledge_agent-s11-f02-GB1-hierarchical-kg_base_rag-f02-20260820T222600583330Z,22,sha256:c004108080543f240c5cde5d7aab4cf985d8e8daf2178d547dd5d31573e78c0c,LWGA,V39L;D40W;V54A,3,"[39,40,54]",4,True,False,
kg_base_rag,2,2,knowledge_agent-s11-f02-GB1-hierarchical-kg_base_rag-f02-20260820T222600583330Z,23,sha256:3fa07c46e7d0259ba56a74c1533d1f8bf13e298dd9bced0e748419291bc4eed0,IFGV,V39I;D40F,2,"[39,40]",4,True,False,
kg_base_rag,2,2,knowledge_agent-s11-f02-GB1-hierarchical-kg_base_rag-f02-20260820T222600583330Z,24,sha256:ec5ad5d2f7e6d270f12f94668c7314840a00bf7e54f3c2b66f55b5bead4c6f06,CFGC,V39C;D40F;V54C,3,"[39,40,54]",4,True,False,
kg_base_rag,2,2,knowledge_agent-s11-f02-GB1-hierarchical-kg_base_rag-f02-20260820T222600583330Z,25,sha256:7864916b36a5b82ad12fefe51e37da475ec3e566827ad38f4dcfd862ae995bf3,CAGV,V39C;D40A,2,"[39,40]",4,True,False,
kg_base_rag,2,2,knowledge_agent-s11-f02-GB1-hierarchical-kg_base_rag-f02-20260820T222600583330Z,26,sha256:8cb6b7ff31c0b2b46054d659d140cd4b027c8c761b86aaada4e19478d97a77d0,LFGA,V39L;D40F;V54A,3,"[39,40,54]",4,True,True,15
kg_base_rag,2,2,knowledge_agent-s11-f02-GB1-hierarchical-kg_base_rag-f02-20260820T222600583330Z,27,sha256:6f8721d4e6354c82389a55d5622c66c0af2e220b627e5a2befb5318c2406bb87,LAGC,V39L;D40A;V54C,3,"[39,40,54]",4,True,True,8
kg_base_rag,2,2,knowledge_agent-s11-f02-GB1-hierarchical-kg_base_rag-f02-20260820T222600583330Z,28,sha256:99527d4c0968c0e8e932b939fe6e1c9a52f5bd2e408da081d403cf6bbf0f1bef,LFGC,V39L;D40F;V54C,3,"[39,40,54]",4,True,True,3
kg_base_rag,2,2,knowledge_agent-s11-f02-GB1-hierarchical-kg_base_rag-f02-20260820T222600583330Z,29,sha256:ffeaef53c8b2b94a05dfe0f638069b02988519ac7712dabac9e28cde759e8a02,KAAA,V39K;D40A;G41A;V54A,4,"[39,40,41,54]",2,False,True,14
kg_base_rag,2,2,knowledge_agent-s11-f02-GB1-hierarchical-kg_base_rag-f02-20260820T222600583330Z,30,sha256:f913aeee479a7b51ad9d2bf8ac972d77f8128cfe5f977ee4ddc8d0392edf31b3,IDRV,V39I;G41R,2,"[39,41]",2,False,True,9
kg_base_rag,2,2,knowledge_agent-s11-f02-GB1-hierarchical-kg_base_rag-f02-20260820T222600583330Z,31,sha256:f35ac26e4a026c16a82761eb8723db69172dccbd643adce40ef4aa37d96f891d,ITRV,V39I;D40T;G41R,3,"[39,40,41]",2,False,True,10
kg_base_rag,2,2,knowledge_agent-s11-f02-GB1-hierarchical-kg_base_rag-f02-20260820T222600583330Z,32,sha256:eb292d1b7d24ee793806f774525284b2a296d42bab75da355ab198965ff906d1,PAAA,V39P;D40A;G41A;V54A,4,"[39,40,41,54]",2,False,True,16
kg_base_rag,2,3,knowledge_agent-s11-f02-GB1-hierarchical-kg_base_rag-f02-20260820T222600583330Z,1,sha256:3fa07c46e7d0259ba56a74c1533d1f8bf13e298dd9bced0e748419291bc4eed0,IFGV,V39I;D40F,2,"[39,40]",4,True,False,
kg_base_rag,2,3,knowledge_agent-s11-f02-GB1-hierarchical-kg_base_rag-f02-20260820T222600583330Z,2,sha256:6d8e0cdef006c0c23a734adb9e7c45f89b3af32d1ca32da46584df83134c67f0,IHGV,V39I;D40H,2,"[39,40]",4,True,False,
kg_base_rag,2,3,knowledge_agent-s11-f02-GB1-hierarchical-kg_base_rag-f02-20260820T222600583330Z,3,sha256:c1b4e800f07cdf1f0c008b456d7c71348718002fd42ac0988da415e8d203ea12,IFGA,V39I;D40F;V54A,3,"[39,40,54]",4,True,True,8
kg_base_rag,2,3,knowledge_agent-s11-f02-GB1-hierarchical-kg_base_rag-f02-20260820T222600583330Z,4,sha256:7426224e5b72b3ed239efd30dc5baf8a27836c30c4ff0cb5ed7893eb0a866b00,LHGC,V39L;D40H;V54C,3,"[39,40,54]",4,True,True,2
kg_base_rag,2,3,knowledge_agent-s11-f02-GB1-hierarchical-kg_base_rag-f02-20260820T222600583330Z,5,sha256:c6f7241c5baf429461d4155ada401c1e6713aba10862f39416bf438c68893b1e,LHGA,V39L;D40H;V54A,3,"[39,40,54]",4,True,True,13
kg_base_rag,2,3,knowledge_agent-s11-f02-GB1-hierarchical-kg_base_rag-f02-20260820T222600583330Z,6,sha256:648a58c1136e58ad2f1666370f4a11707df38a2f596407bb78af38ed9d142ad0,LFGV,V39L;D40F,2,"[39,40]",4,True,True,5
kg_base_rag,2,3,knowledge_agent-s11-f02-GB1-hierarchical-kg_base_rag-f02-20260820T222600583330Z,7,sha256:c004108080543f240c5cde5d7aab4cf985d8e8daf2178d547dd5d31573e78c0c,LWGA,V39L;D40W;V54A,3,"[39,40,54]",4,True,True,1
kg_base_rag,2,3,knowledge_agent-s11-f02-GB1-hierarchical-kg_base_rag-f02-20260820T222600583330Z,8,sha256:9ba6a2e8b98ee71c7863bb9f4ce33af2e5edf2e838bcc429500bc79dd204a84c,IWIV,V39I;D40W;G41I,3,"[39,40,41]",3,False,False,
kg_base_rag,2,3,knowledge_agent-s11-f02-GB1-hierarchical-kg_base_rag-f02-20260820T222600583330Z,9,sha256:57b5037669929a9b20d7ab82ad8df183f30e6fecc31678d8449fbe3d15d0dd45,WFGC,V39W;D40F;V54C,3,"[39,40,54]",3,False,False,
kg_base_rag,2,3,knowledge_agent-s11-f02-GB1-hierarchical-kg_base_rag-f02-20260820T222600583330Z,10,sha256:108a3dddf979c99fc4495a1937aa66047da49f56d50b56186c6029e5a173d293,EYGC,V39E;D40Y;V54C,3,"[39,40,54]",3,False,True,4
kg_base_rag,2,3,knowledge_agent-s11-f02-GB1-hierarchical-kg_base_rag-f02-20260820T222600583330Z,11,sha256:ca2aa8480a0ae210abc58d26cbae5fd42398c6f756c0c75615b0184727b8fc43,TWGA,V39T;D40W;V54A,3,"[39,40,54]",3,False,False,
kg_base_rag,2,3,knowledge_agent-s11-f02-GB1-hierarchical-kg_base_rag-f02-20260820T222600583330Z,12,sha256:2604d9c5679e4981124a3eef531fe8babc96f28035c96c8976be9cfb7880190d,IEGV,V39I;D40E,2,"[39,40]",3,False,True,14
kg_base_rag,2,3,knowledge_agent-s11-f02-GB1-hierarchical-kg_base_rag-f02-20260820T222600583330Z,13,sha256:7ca18bcd63a8843406bf0937aad18e7039e0714cea82698a55f5a2fdc7dd15ab,LSGV,V39L;D40S,2,"[39,40]",3,False,True,12
kg_base_rag,2,3,knowledge_agent-s11-f02-GB1-hierarchical-kg_base_rag-f02-20260820T222600583330Z,14,sha256:98f9f5945086c9403ac99c9086cf86462452115107c1e2faf95fc694b3495e59,IYLV,V39I;D40Y;G41L,3,"[39,40,41]",3,False,True,3
kg_base_rag,2,3,knowledge_agent-s11-f02-GB1-hierarchical-kg_base_rag-f02-20260820T222600583330Z,15,sha256:53e4d1d1a55e1fbeb4ce40372342b197f7ac2d746dc3c7fb419f10d548b23fe0,SWGA,V39S;D40W;V54A,3,"[39,40,54]",3,False,False,
kg_base_rag,2,3,knowledge_agent-s11-f02-GB1-hierarchical-kg_base_rag-f02-20260820T222600583330Z,16,sha256:14e78610adcc3e5343cf9edbab498fd177aa8f58cc5639fd1ba007bb33bf0cd1,KYGA,V39K;D40Y;V54A,3,"[39,40,54]",3,False,False,
kg_base_rag,2,3,knowledge_agent-s11-f02-GB1-hierarchical-kg_base_rag-f02-20260820T222600583330Z,17,sha256:5219f684b0c84fa580d32eeb9a38ca0d5f209b5749985976417eca681f62f4ad,LIGA,V39L;D40I;V54A,3,"[39,40,54]",3,False,False,
kg_base_rag,2,3,knowledge_agent-s11-f02-GB1-hierarchical-kg_base_rag-f02-20260820T222600583330Z,18,sha256:6a8127bbcf461c52ec367ea0ea9118a4f3f6b946b22e8dae38c442e6e8eb5195,ICGV,V39I;D40C,2,"[39,40]",3,False,True,15
kg_base_rag,2,3,knowledge_agent-s11-f02-GB1-hierarchical-kg_base_rag-f02-20260820T222600583330Z,19,sha256:4dc134999aaac11cca9963ee105d20891ff7c3e4b12fa27ab24960f98683406e,CHGC,V39C;D40H;V54C,3,"[39,40,54]",3,False,True,6
kg_base_rag,2,3,knowledge_agent-s11-f02-GB1-hierarchical-kg_base_rag-f02-20260820T222600583330Z,20,sha256:d6e96606053307faa1ba6405d996e751c9c9915acffd95490f1d1c7de2faa1ed,IVGV,V39I;D40V,2,"[39,40]",3,False,False,
kg_base_rag,2,3,knowledge_agent-s11-f02-GB1-hierarchical-kg_base_rag-f02-20260820T222600583330Z,21,sha256:29068631aeeaa22c22ad4fa80f7d1373e00525a293c5848148ff4c1863b59f5c,IFYV,V39I;D40F;G41Y,3,"[39,40,41]",3,False,False,
kg_base_rag,2,3,knowledge_agent-s11-f02-GB1-hierarchical-kg_base_rag-f02-20260820T222600583330Z,22,sha256:88cbc7291ea9bf1b4b42b26e455c51f86bf3b3e3b643101cb3c88636ceda880e,LWTC,V39L;D40W;G41T;V54C,4,"[39,40,41,54]",3,False,True,7
kg_base_rag,2,3,knowledge_agent-s11-f02-GB1-hierarchical-kg_base_rag-f02-20260820T222600583330Z,23,sha256:3e2d687a1bd0a44dda970c6823e98591e53504c882b8f4bba9548c2aa3c372fe,IHAV,V39I;D40H;G41A,3,"[39,40,41]",3,False,False,
kg_base_rag,2,3,knowledge_agent-s11-f02-GB1-hierarchical-kg_base_rag-f02-20260820T222600583330Z,24,sha256:a5d3ec8d6c8e82782bbe7c5a9032482a7eac842589f61a23086de105303ddfa1,IYEV,V39I;D40Y;G41E,3,"[39,40,41]",3,False,True,16
kg_base_rag,2,3,knowledge_agent-s11-f02-GB1-hierarchical-kg_base_rag-f02-20260820T222600583330Z,25,sha256:7a80cd1cbe614fad028abe3adc42c62d7a051465459091413f5e6da653e9f6b6,MFGA,V39M;D40F;V54A,3,"[39,40,54]",3,False,False,
kg_base_rag,2,3,knowledge_agent-s11-f02-GB1-hierarchical-kg_base_rag-f02-20260820T222600583330Z,26,sha256:585fed503f49a6848835b42cf23e277d0b9df7a9e9e840d3099318479d7ae8df,IHGL,V39I;D40H;V54L,3,"[39,40,54]",3,False,False,
kg_base_rag,2,3,knowledge_agent-s11-f02-GB1-hierarchical-kg_base_rag-f02-20260820T222600583330Z,27,sha256:558ab5e5355f2498667f9d97e25b05bbf6f5e7d4bb1decdba6fe03515b85303b,IWPA,V39I;D40W;G41P;V54A,4,"[39,40,41,54]",3,False,False,
kg_base_rag,2,3,knowledge_agent-s11-f02-GB1-hierarchical-kg_base_rag-f02-20260820T222600583330Z,28,sha256:18343870d3fc1f174825e26494346c074b4220ba7987c2bb94cfc38b77a94280,LYTA,V39L;D40Y;G41T;V54A,4,"[39,40,41,54]",3,False,True,11
kg_base_rag,2,3,knowledge_agent-s11-f02-GB1-hierarchical-kg_base_rag-f02-20260820T222600583330Z,29,sha256:ffc0d5ba000054ae905d45867dcf4f764b94f8952af7bff4ee21d145f30a7868,SWPA,V39S;D40W;G41P;V54A,4,"[39,40,41,54]",2,False,True,9
kg_base_rag,2,3,knowledge_agent-s11-f02-GB1-hierarchical-kg_base_rag-f02-20260820T222600583330Z,30,sha256:ff193a823b4ec00b51ac1c36fc12c97b113f1c4a8ec3b643c03e70916a931dc3,IVGW,V39I;D40V;V54W,3,"[39,40,54]",2,False,True,10
kg_base_rag,2,3,knowledge_agent-s11-f02-GB1-hierarchical-kg_base_rag-f02-20260820T222600583330Z,31,sha256:feafdcba17b187911d217dd5a0436a5a81a7d51b6879e815214d2b07f35b5fdd,IEGP,V39I;D40E;V54P,3,"[39,40,54]",2,False,False,
kg_base_rag,2,3,knowledge_agent-s11-f02-GB1-hierarchical-kg_base_rag-f02-20260820T222600583330Z,32,sha256:fe7fb28c7a04762e909530495bacf0bba24d6376e828a61dae28ad091519f2c8,ICFV,V39I;D40C;G41F,3,"[39,40,41]",2,False,False,
random,0,1,random-s42-f00-al96-random-20260820T102642879211Z,1,sha256:c9c93938eacfb96147310d6dcf819b83c66d2997ad792886b3b3ec0ae9da5df3,NNLA,V39N;D40N;G41L;V54A,4,"[39,40,41,54]",,False,True,11
random,0,1,random-s42-f00-al96-random-20260820T102642879211Z,2,sha256:7bb05c8433b19c6c5ec538982ace168f866625171f47186897e23c2cd79c432d,PQMF,V39P;D40Q;G41M;V54F,4,"[39,40,41,54]",,False,False,
random,0,1,random-s42-f00-al96-random-20260820T102642879211Z,3,sha256:acc7563bbad2ccdfe87cd51c9ddf106fe6aa7ba0563129bbd9b445805a1652a3,CCQS,V39C;D40C;G41Q;V54S,4,"[39,40,41,54]",,False,True,6
random,0,1,random-s42-f00-al96-random-20260820T102642879211Z,4,sha256:46d5597a58acbc7b40a602265991cc2e06d357d1e3bddba47aff6b7cb17a6392,EPNT,V39E;D40P;G41N;V54T,4,"[39,40,41,54]",,False,True,15
random,0,1,random-s42-f00-al96-random-20260820T102642879211Z,5,sha256:8724f601d71fd835332eab7731b0e7acd94993d8d2e6f0d9ab0eacc744f5c694,LRWT,V39L;D40R;G41W;V54T,4,"[39,40,41,54]",,False,False,
random,0,1,random-s42-f00-al96-random-20260820T102642879211Z,6,sha256:4f454db9ccd10a92bf29afcef8ef2bda39c995586d3ac755e45257a8da7a6c1d,INHL,V39I;D40N;G41H;V54L,4,"[39,40,41,54]",,False,True,1
random,0,1,random-s42-f00-al96-random-20260820T102642879211Z,7,sha256:efbcd0af0286ef9a03592c33d359460846e29d9d6c64b3bdd8a45e38958507cc,VGMV,D40G;G41M,2,"[40,41]",,False,True,12
random,0,1,random-s42-f00-al96-random-20260820T102642879211Z,8,sha256:3c3b6db535678ffd9e97301c82fec6797874fd49c3a25047b6dda4bb5117f2ba,WMPT,V39W;D40M;G41P;V54T,4,"[39,40,41,54]",,False,True,9
random,0,1,random-s42-f00-al96-random-20260820T102642879211Z,9,sha256:774c91f812b2c621174fb301e73bb09b8e7a3e62c6981cf4cf209b04cb9700a5,WGKH,V39W;D40G;G41K;V54H,4,"[39,40,41,54]",,False,False,
random,0,1,random-s42-f00-al96-random-20260820T102642879211Z,10,sha256:ec8fdc114f297ce117aa9b55f132098908146c2f5e221176911926150749c538,DWPQ,V39D;D40W;G41P;V54Q,4,"[39,40,41,54]",,False,False,
random,0,1,random-s42-f00-al96-random-20260820T102642879211Z,11,sha256:eb810266bc0d107620e48de2c78838c448ef7f7c68717426326479e4a547d5b0,LARS,V39L;D40A;G41R;V54S,4,"[39,40,41,54]",,False,False,
random,0,1,random-s42-f00-al96-random-20260820T102642879211Z,12,sha256:ddef2f5b5e45c3762c21cbc678b1cb1ef36571110ab7925ecb6ce124c11c9911,SIIK,V39S;D40I;G41I;V54K,4,"[39,40,41,54]",,False,True,4
random,0,1,random-s42-f00-al96-random-20260820T102642879211Z,13,sha256:840b0a085489fd77f6ac1526bfcc3fa4d20229dea9f11380e5e98aa0757cbe4b,NAAS,V39N;D40A;G41A;V54S,4,"[39,40,41,54]",,False,False,
random,0,1,random-s42-f00-al96-random-20260820T102642879211Z,14,sha256:eafad46f10a74deefe9289b23bde851c512873b13b6c63eb4b6dcc24c9c7332f,HTNA,V39H;D40T;G41N;V54A,4,"[39,40,41,54]",,False,True,8
random,0,1,random-s42-f00-al96-random-20260820T102642879211Z,15,sha256:a0cf3f1e54ee33817ee572bdb3979bc739d2f6057ffe5a0bb63fe073f79301a7,WEMY,V39W;D40E;G41M;V54Y,4,"[39,40,41,54]",,False,False,
random,0,1,random-s42-f00-al96-random-20260820T102642879211Z,16,sha256:a1ada26c23e558d92ef353709f116c37e5af5882c947a5a85598199c9cf1e7f2,WGAI,V39W;D40G;G41A;V54I,4,"[39,40,41,54]",,False,False,
random,0,1,random-s42-f00-al96-random-20260820T102642879211Z,17,sha256:7c99a5ed6be5c90f23d497f43a1beb7b990f04a160c45397032cc0f3082b39c8,GLMY,V39G;D40L;G41M;V54Y,4,"[39,40,41,54]",,False,False,
random,0,1,random-s42-f00-al96-random-20260820T102642879211Z,18,sha256:5b1a35e00de4e3c997483c87f1fef69c7c63dc5bcd2d1c1cd40c31fb6602256c,ELWF,V39E;D40L;G41W;V54F,4,"[39,40,41,54]",,False,False,
random,0,1,random-s42-f00-al96-random-20260820T102642879211Z,19,sha256:44e815ce728aeb3bf148293bfbe20d04a2eae06e249534d7d7084953629b59ea,KCMN,V39K;D40C;G41M;V54N,4,"[39,40,41,54]",,False,True,7
random,0,1,random-s42-f00-al96-random-20260820T102642879211Z,20,sha256:6527f3f0f17a62ef168c85f713896b1fd82c2f8fd957eb5201a3615ce3ebb1e9,ENHR,V39E;D40N;G41H;V54R,4,"[39,40,41,54]",,False,False,
random,0,1,random-s42-f00-al96-random-20260820T102642879211Z,21,sha256:ea921e0041a3146e0fbca5ff515957bbeb2e6a46eb66992f6c47aafb8a74e92c,HNFN,V39H;D40N;G41F;V54N,4,"[39,40,41,54]",,False,True,13
random,0,1,random-s42-f00-al96-random-20260820T102642879211Z,22,sha256:3f490c4e4f2036d60eeb334606ce3ed08f27623fe876b80e4cc8912085b293f0,GIGH,V39G;D40I;V54H,3,"[39,40,54]",,False,False,
random,0,1,random-s42-f00-al96-random-20260820T102642879211Z,23,sha256:9955cd46a90eec61caf365f8514c1fc37a868ef98e273c38767d0cbd38131010,TYLM,V39T;D40Y;G41L;V54M,4,"[39,40,41,54]",,False,True,2
random,0,1,random-s42-f00-al96-random-20260820T102642879211Z,24,sha256:f007faff0667135197d41a50189c2be1dac5d3915828ec62962c7ec26aef3f31,YYCG,V39Y;D40Y;G41C;V54G,4,"[39,40,41,54]",,False,True,5
random,0,1,random-s42-f00-al96-random-20260820T102642879211Z,25,sha256:2f5c2ed8aedb22405eec3bc1a0986208a218fdd643b017fb051a0997a49dd9aa,VIGR,D40I;V54R,2,"[40,54]",,False,True,10
random,0,1,random-s42-f00-al96-random-20260820T102642879211Z,26,sha256:1c1b4dcade4d6eae65047d12a41f7e2e5e3f28a32bd9caf1f7be3ad9eac18c95,LKCY,V39L;D40K;G41C;V54Y,4,"[39,40,41,54]",,False,False,
random,0,1,random-s42-f00-al96-random-20260820T102642879211Z,27,sha256:219cff976cac80d3f20b1e3413f30a56e8ab8fc671ea60961337842d3ce529ae,SVMP,V39S;D40V;G41M;V54P,4,"[39,40,41,54]",,False,False,
random,0,1,random-s42-f00-al96-random-20260820T102642879211Z,28,sha256:0fa9e847b1395354de9c8edc2e39a086fa934a521b55ad0a9d57e3c23c65f984,QESP,V39Q;D40E;G41S;V54P,4,"[39,40,41,54]",,False,False,
random,0,1,random-s42-f00-al96-random-20260820T102642879211Z,29,sha256:6cabffd8cab32fe62002a9fef249ace4b26e60878ac9e631414cd1973b6017ba,DGCV,V39D;D40G;G41C,3,"[39,40,41]",,False,False,
random,0,1,random-s42-f00-al96-random-20260820T102642879211Z,30,sha256:132dc5a5b235008f9d8888257916f61ef56a5152f59dc8b97bc5ca3db0286d1d,HQAM,V39H;D40Q;G41A;V54M,4,"[39,40,41,54]",,False,True,16
random,0,1,random-s42-f00-al96-random-20260820T102642879211Z,31,sha256:57174427b69614d33fa6f190d4112b3f370aa5b64399d2fe275316594b836ead,IGKQ,V39I;D40G;G41K;V54Q,4,"[39,40,41,54]",,False,True,14
random,0,1,random-s42-f00-al96-random-20260820T102642879211Z,32,sha256:6adb924fc5233750128674d923d0ce87c1aea6d1ee77d23418698bfc55bc5644,FNHC,V39F;D40N;G41H;V54C,4,"[39,40,41,54]",,False,True,3
random,0,2,random-s42-f00-al96-random-20260820T102642879211Z,1,sha256:b73a1d9f7280c8c5871e1185bc0a23c102da886d80be20625e19e54f71ada2ee,CWIW,V39C;D40W;G41I;V54W,4,"[39,40,41,54]",,False,False,
random,0,2,random-s42-f00-al96-random-20260820T102642879211Z,2,sha256:dcbb8819969ba47a73da1eaab3a8fa6424db338870a08988f6d4e16dbed8703d,KVLH,V39K;D40V;G41L;V54H,4,"[39,40,41,54]",,False,False,
random,0,2,random-s42-f00-al96-random-20260820T102642879211Z,3,sha256:41af906a50814d8b124b41cd65bb478ab6553f2b47712e7b36fd58ad2cd39254,SLVG,V39S;D40L;G41V;V54G,4,"[39,40,41,54]",,False,False,
random,0,2,random-s42-f00-al96-random-20260820T102642879211Z,4,sha256:946a3edfc9a34d3cc336796f5308c7c0d2bbe36d5a2c5f077a10dab654aa1147,GDVF,V39G;G41V;V54F,3,"[39,41,54]",,False,False,
random,0,2,random-s42-f00-al96-random-20260820T102642879211Z,5,sha256:b1cea94630a53ef1a171cc1d73607d8b86c9bb585be9c420c2c2d0db02176a96,YTAC,V39Y;D40T;G41A;V54C,4,"[39,40,41,54]",,False,False,
random,0,2,random-s42-f00-al96-random-20260820T102642879211Z,6,sha256:d820aabbea411238d9064281248a888dc177473fbb06689fd866c02bb4eb1156,LRVR,V39L;D40R;G41V;V54R,4,"[39,40,41,54]",,False,True,15
random,0,2,random-s42-f00-al96-random-20260820T102642879211Z,7,sha256:a323d5ab2114901c3d5863da638c5e555a136da3b872b07d34252c6505bc7e83,NGHS,V39N;D40G;G41H;V54S,4,"[39,40,41,54]",,False,False,
random,0,2,random-s42-f00-al96-random-20260820T102642879211Z,8,sha256:4450370a99cb3e93a16d1b7e429ebac2b1b639ce6f45631b03bffc84df4edecf,SCVI,V39S;D40C;G41V;V54I,4,"[39,40,41,54]",,False,True,10
random,0,2,random-s42-f00-al96-random-20260820T102642879211Z,9,sha256:92fd31ada17d79bd12129bc6b288bf0f4c4db1ea175e8ee0f60e2781e72ae406,CRDH,V39C;D40R;G41D;V54H,4,"[39,40,41,54]",,False,False,
random,0,2,random-s42-f00-al96-random-20260820T102642879211Z,10,sha256:b3cfb5e929ecf39b419a84ff8bb2a59bd371b2afec35eb7c32660403951d91c8,HHRS,V39H;D40H;G41R;V54S,4,"[39,40,41,54]",,False,True,1
random,0,2,random-s42-f00-al96-random-20260820T102642879211Z,11,sha256:e623756a7ab3a3073876620d998f003072317d68583034c444dd11c5421952a3,CAIQ,V39C;D40A;G41I;V54Q,4,"[39,40,41,54]",,False,True,8
random,0,2,random-s42-f00-al96-random-20260820T102642879211Z,12,sha256:8301c4c7a3a0a9e2f4cbe60431a50b90efa58d5cd7867e95f00c3ff89f9aad8c,DEDV,V39D;D40E;G41D,3,"[39,40,41]",,False,False,
random,0,2,random-s42-f00-al96-random-20260820T102642879211Z,13,sha256:fab401a33b8f71e09d9d2ba88d87754f64c6b286b597ed6cac9dd6f2eb1f0e6f,LWFM,V39L;D40W;G41F;V54M,4,"[39,40,41,54]",,False,True,2
random,0,2,random-s42-f00-al96-random-20260820T102642879211Z,14,sha256:ae93764a4f9a217fdebdf0547a96e1e847f96a4aecd434139d989f910422c00e,KIRW,V39K;D40I;G41R;V54W,4,"[39,40,41,54]",,False,True,3
random,0,2,random-s42-f00-al96-random-20260820T102642879211Z,15,sha256:43ac669992c2f9f7cc31c099e1e8e31c0c5061b182f5a4e937c727b512427b60,SQDL,V39S;D40Q;G41D;V54L,4,"[39,40,41,54]",,False,False,
random,0,2,random-s42-f00-al96-random-20260820T102642879211Z,16,sha256:09f1be77608058403bd33ab0c96024a76f83210f7c79f655a2e6dd101ac26807,TAPM,V39T;D40A;G41P;V54M,4,"[39,40,41,54]",,False,False,
random,0,2,random-s42-f00-al96-random-20260820T102642879211Z,17,sha256:fd6045649877a3bd60fcf3a79330d4c0479248f3e12fb4767fbfd032180f98f3,GCEA,V39G;D40C;G41E;V54A,4,"[39,40,41,54]",,False,True,9
random,0,2,random-s42-f00-al96-random-20260820T102642879211Z,18,sha256:e379541bcde993df644f8a0adba49a6c85e71cf221183b50d3f4383f5d3b839a,GPKW,V39G;D40P;G41K;V54W,4,"[39,40,41,54]",,False,False,
random,0,2,random-s42-f00-al96-random-20260820T102642879211Z,19,sha256:0b416451cd0a4163914d452da03b2e50f69faac713dbd1f136c07ff83292d16f,IHQI,V39I;D40H;G41Q;V54I,4,"[39,40,41,54]",,False,False,
random,0,2,random-s42-f00-al96-random-20260820T102642879211Z,20,sha256:b56b1fd7fc478c496057a6ef515a32c25ec2303a10dafbf8cc97a228c4328444,HGAC,V39H;D40G;G41A;V54C,4,"[39,40,41,54]",,False,False,
random,0,2,random-s42-f00-al96-random-20260820T102642879211Z,21,sha256:17ac01a696bc857002ff8e79bcfef8d781648e6f4af2104df79048455b56a7a6,LFEN,V39L;D40F;G41E;V54N,4,"[39,40,41,54]",,False,True,4
random,0,2,random-s42-f00-al96-random-20260820T102642879211Z,22,sha256:328955e129c7c03bf9a08cf7e2bc5f26b6490b7238bd1729475f3220d927d0a2,ICYV,V39I;D40C;G41Y,3,"[39,40,41]",,False,True,12
random,0,2,random-s42-f00-al96-random-20260820T102642879211Z,23,sha256:e6a74f037e8be9f9aeaf2d4715320b3fca31790d65fdc22d2129031c783fe519,EHKE,V39E;D40H;G41K;V54E,4,"[39,40,41,54]",,False,True,7
random,0,2,random-s42-f00-al96-random-20260820T102642879211Z,24,sha256:444908d0b86b2a47f9d59c1c9b50687cf1eff7c1fdc9fff5f63342250ce9a4da,FRTG,V39F;D40R;G41T;V54G,4,"[39,40,41,54]",,False,True,5
random,0,2,random-s42-f00-al96-random-20260820T102642879211Z,25,sha256:57e69dd855000d4b3708f0f954b2e4536d7579b5a907a4f0a27f4057350957be,YWDF,V39Y;D40W;G41D;V54F,4,"[39,40,41,54]",,False,False,
random,0,2,random-s42-f00-al96-random-20260820T102642879211Z,26,sha256:09914af28e8e60331287e89aa52e7e54fbc48c93c7b668a48b2cee2651f58a2f,RFCF,V39R;D40F;G41C;V54F,4,"[39,40,41,54]",,False,True,13
random,0,2,random-s42-f00-al96-random-20260820T102642879211Z,27,sha256:a3c112b9579f736c711bbc22081db263e1b4557558afb04128570f6fe8ea0d42,EPMK,V39E;D40P;G41M;V54K,4,"[39,40,41,54]",,False,False,
random,0,2,random-s42-f00-al96-random-20260820T102642879211Z,28,sha256:6dd625d859a4f1a375386ba6c054d96320d0e403ad28edf5cb344689751ec3ac,WVFF,V39W;D40V;G41F;V54F,4,"[39,40,41,54]",,False,False,
random,0,2,random-s42-f00-al96-random-20260820T102642879211Z,29,sha256:6a27725a35aa056e734f2a1233867115c8656e5f28443f364a52cc8dff78bebf,QEPS,V39Q;D40E;G41P;V54S,4,"[39,40,41,54]",,False,True,11
random,0,2,random-s42-f00-al96-random-20260820T102642879211Z,30,sha256:165a66610f24d5627976157cdd866f83f462e77ee0c12553f0e33a096f8a08c0,GCKR,V39G;D40C;G41K;V54R,4,"[39,40,41,54]",,False,True,16
random,0,2,random-s42-f00-al96-random-20260820T102642879211Z,31,sha256:08ea600f85e9bb17fe83d16029037d246fdd352fe429bff7cd4166a30f3da646,YMFQ,V39Y;D40M;G41F;V54Q,4,"[39,40,41,54]",,False,True,14
random,0,2,random-s42-f00-al96-random-20260820T102642879211Z,32,sha256:3ade75825f8ef2e1366fe9660089a25933bf5b9a02b9a469bcdb689e041b9d49,SQNN,V39S;D40Q;G41N;V54N,4,"[39,40,41,54]",,False,True,6
random,0,3,random-s42-f00-al96-random-20260820T102642879211Z,1,sha256:98b9da89a92e6656c08878fa21485d6b5422f640f9d971b4ec4bcc7c4dff490b,WDVD,V39W;G41V;V54D,3,"[39,41,54]",,False,True,8
random,0,3,random-s42-f00-al96-random-20260820T102642879211Z,2,sha256:bbfd7d501e80290fe213716398fa50644b560cdd136669e2788d8ecfeb58c78b,QQTI,V39Q;D40Q;G41T;V54I,4,"[39,40,41,54]",,False,True,12
random,0,3,random-s42-f00-al96-random-20260820T102642879211Z,3,sha256:604b69daa2353bf94f71b8584a2583762b5bb5d58caa70c249506feddd6ab049,AETR,V39A;D40E;G41T;V54R,4,"[39,40,41,54]",,False,True,10
random,0,3,random-s42-f00-al96-random-20260820T102642879211Z,4,sha256:6685e4478db6859fc3ec010cf8ce9981e2cd7f5e72e69f74335d9ea1199ae8fd,MERG,V39M;D40E;G41R;V54G,4,"[39,40,41,54]",,False,False,
random,0,3,random-s42-f00-al96-random-20260820T102642879211Z,5,sha256:54b9ed6b62b476e496b3867e69ec779ded281ad6e043842cc10c298d39415e48,PRYF,V39P;D40R;G41Y;V54F,4,"[39,40,41,54]",,False,False,
random,0,3,random-s42-f00-al96-random-20260820T102642879211Z,6,sha256:9d67afffabe92aa565218ce7aa9f94dc5ea0e9d0e8634aec313104280fe531c1,SYCV,V39S;D40Y;G41C,3,"[39,40,41]",,False,True,16
random,0,3,random-s42-f00-al96-random-20260820T102642879211Z,7,sha256:f4de6917faee5cfed23f661900ca0a971dea76e393d4a20766c02c8c7da1a2de,NQRT,V39N;D40Q;G41R;V54T,4,"[39,40,41,54]",,False,False,
random,0,3,random-s42-f00-al96-random-20260820T102642879211Z,8,sha256:0629f2dae86d93d96f596dbb508860c6ebb6729f3ec8f41a356383c513ea4ee8,YLLM,V39Y;D40L;G41L;V54M,4,"[39,40,41,54]",,False,False,
random,0,3,random-s42-f00-al96-random-20260820T102642879211Z,9,sha256:fa54454d64d751688a609c0a24c05316ff8b458795892fcb1db23aaae12362e8,HGSI,V39H;D40G;G41S;V54I,4,"[39,40,41,54]",,False,True,1
random,0,3,random-s42-f00-al96-random-20260820T102642879211Z,10,sha256:a2dd1306d11d51a609c9bcd9e9dba642f668659895bb0d1dc65cf756a8af78e4,YWTS,V39Y;D40W;G41T;V54S,4,"[39,40,41,54]",,False,False,
random,0,3,random-s42-f00-al96-random-20260820T102642879211Z,11,sha256:98b034d3cffaa1c7196147a4db4ebe389c740a5eedf1d87cb1b2e3d566254cc4,SFRI,V39S;D40F;G41R;V54I,4,"[39,40,41,54]",,False,False,
random,0,3,random-s42-f00-al96-random-20260820T102642879211Z,12,sha256:75ad1f7b443825e2cfaaa016cce499021839dd3cd8aedfe4a5dce63d2bc9e21e,WGQV,V39W;D40G;G41Q,3,"[39,40,41]",,False,False,
random,0,3,random-s42-f00-al96-random-20260820T102642879211Z,13,sha256:31031f3b8de28ac30205f708073a99aecb35e882d7438455d513f32b7e98073f,VYLP,D40Y;G41L;V54P,3,"[40,41,54]",,False,False,
random,0,3,random-s42-f00-al96-random-20260820T102642879211Z,14,sha256:19db1cea9e903d0b25b37752242990f2f7858efb285738cb7b9515179ee543b9,FIGC,V39F;D40I;V54C,3,"[39,40,54]",,False,True,7
random,0,3,random-s42-f00-al96-random-20260820T102642879211Z,15,sha256:567969cc05ebcc4b7ea66009f133a024fa141b3b65a261b0ffad1da6bbf6f9cf,MRNP,V39M;D40R;G41N;V54P,4,"[39,40,41,54]",,False,True,11
random,0,3,random-s42-f00-al96-random-20260820T102642879211Z,16,sha256:d017487e57302fc9f673145ab49e58285b1b7ab9f73583edd86de58e7ab3978b,RNKM,V39R;D40N;G41K;V54M,4,"[39,40,41,54]",,False,True,3
random,0,3,random-s42-f00-al96-random-20260820T102642879211Z,17,sha256:d77e17b313c6a9c1ac006d30f05583ea563f89e37726cd5ccca40a4479193250,CSCM,V39C;D40S;G41C;V54M,4,"[39,40,41,54]",,False,True,6
random,0,3,random-s42-f00-al96-random-20260820T102642879211Z,18,sha256:7fbab109e62ac8fdc986875e3567662da273fb233c7cd897cb0ed7e90ae50f28,PWMP,V39P;D40W;G41M;V54P,4,"[39,40,41,54]",,False,False,
random,0,3,random-s42-f00-al96-random-20260820T102642879211Z,19,sha256:a798013ed851b547572f7b9039cffe9db97aaf74ea5fd58d25c4e77a1c34210f,GEKL,V39G;D40E;G41K;V54L,4,"[39,40,41,54]",,False,True,2
random,0,3,random-s42-f00-al96-random-20260820T102642879211Z,20,sha256:71c3485f8bf55de4bd2c610a3c16718fc7a2e688e905ac8fb938c28f00f00ec4,KEPV,V39K;D40E;G41P,3,"[39,40,41]",,False,False,
random,0,3,random-s42-f00-al96-random-20260820T102642879211Z,21,sha256:5d15b31a00609aa787119484da6c9310af1f859a1cd1732a660762c693a2725f,VDAW,G41A;V54W,2,"[41,54]",,False,False,
random,0,3,random-s42-f00-al96-random-20260820T102642879211Z,22,sha256:d60289b2d0e0b04ec866e7620b46a3c07186efabd0cbcbec5772246b1a1bf149,RIIF,V39R;D40I;G41I;V54F,4,"[39,40,41,54]",,False,False,
random,0,3,random-s42-f00-al96-random-20260820T102642879211Z,23,sha256:de4d101726184d2164526d03c4f5f4a90c9861128ae41d0110e6ea5e2b8082bd,VVIV,D40V;G41I,2,"[40,41]",,False,True,4
random,0,3,random-s42-f00-al96-random-20260820T102642879211Z,24,sha256:7292d42d86119bad0a7caa7cf96b1df0c9cf46e92229375544993d325e385a29,NMKP,V39N;D40M;G41K;V54P,4,"[39,40,41,54]",,False,True,14
random,0,3,random-s42-f00-al96-random-20260820T102642879211Z,25,sha256:c96193579fcbc32721eb16760213b7e5b9161d295c8e81afd8be078046afb7b7,MIEA,V39M;D40I;G41E;V54A,4,"[39,40,41,54]",,False,False,
random,0,3,random-s42-f00-al96-random-20260820T102642879211Z,26,sha256:9f84d82125d288f2383e8963be561c9be605a241d14909e2450c0fb3076ef92c,HDGA,V39H;V54A,2,"[39,54]",,False,True,13
random,0,3,random-s42-f00-al96-random-20260820T102642879211Z,27,sha256:e7269111e44dfd804137317b03c3659436a797cd1b0ab7bb9b0ecdef76b7ae99,VHSG,D40H;G41S;V54G,3,"[40,41,54]",,False,False,
random,0,3,random-s42-f00-al96-random-20260820T102642879211Z,28,sha256:06c5ea30b16f49817eafe31129696c0ac2b00d18cdc260401fcb967207cf8dbd,YCGY,V39Y;D40C;V54Y,3,"[39,40,54]",,False,True,5
random,0,3,random-s42-f00-al96-random-20260820T102642879211Z,29,sha256:0decb8d8ab7614e7fddcdb5bce5bb7f66f6242e960c6b7855469fe5f0fc5deb1,VKWS,D40K;G41W;V54S,3,"[40,41,54]",,False,True,15
random,0,3,random-s42-f00-al96-random-20260820T102642879211Z,30,sha256:3a65dd182f2dd9feccaa2261e8b34295fe9ac51b029bde4629af89bc73362a24,FMQP,V39F;D40M;G41Q;V54P,4,"[39,40,41,54]",,False,False,
random,0,3,random-s42-f00-al96-random-20260820T102642879211Z,31,sha256:a7dd34eac8be5a9cb4e388e87ba4e581f25a4f6d0e1e9181f5e5299fb9760c18,CCRW,V39C;D40C;G41R;V54W,4,"[39,40,41,54]",,False,False,
random,0,3,random-s42-f00-al96-random-20260820T102642879211Z,32,sha256:dc55fc1bc4483f57e3a31b3b2261b2cc97f3b72c27b2f576796ba7bd4409b929,KHKL,V39K;D40H;G41K;V54L,4,"[39,40,41,54]",,False,True,9
random,1,1,random-s42-f01-al96-random-20260820T102642882520Z,1,sha256:9724b62c4e2a0002664af623742f77404b3a4417cebaa281c8fd81e18e64c9bc,FDIY,V39F;G41I;V54Y,3,"[39,41,54]",,False,True,11
random,1,1,random-s42-f01-al96-random-20260820T102642882520Z,2,sha256:d787b6fecc6aa9640f7788e7f9e8f2e289ebe38a1ed2042b68560698b66f1abe,LVMY,V39L;D40V;G41M;V54Y,4,"[39,40,41,54]",,False,False,
random,1,1,random-s42-f01-al96-random-20260820T102642882520Z,3,sha256:44b80d175ff88978c4785af288d224316d973e268a1d0cca897fa2fa370cbf19,PCLM,V39P;D40C;G41L;V54M,4,"[39,40,41,54]",,False,True,6
random,1,1,random-s42-f01-al96-random-20260820T102642882520Z,4,sha256:a5d00c50579141bd126e12673ccbac0ed59de188a4e637d7ab19d37cb0bdd5f2,YPYM,V39Y;D40P;G41Y;V54M,4,"[39,40,41,54]",,False,True,15
random,1,1,random-s42-f01-al96-random-20260820T102642882520Z,5,sha256:e01d342407bf3c69a33ed6b0425891e1871d5754481f34b464b63e35fd3a4bc7,FPIR,V39F;D40P;G41I;V54R,4,"[39,40,41,54]",,False,False,
random,1,1,random-s42-f01-al96-random-20260820T102642882520Z,6,sha256:2f6594fb369260143a0e103ad7821f088ff06e7f0fcd378ad9f618bd8ef6eb1b,HLET,V39H;D40L;G41E;V54T,4,"[39,40,41,54]",,False,True,1
random,1,1,random-s42-f01-al96-random-20260820T102642882520Z,7,sha256:290abea0a031851a27354ab740b18540d1857d994c92a0ec240a7bb0a5fa2a92,KSAK,V39K;D40S;G41A;V54K,4,"[39,40,41,54]",,False,True,12
random,1,1,random-s42-f01-al96-random-20260820T102642882520Z,8,sha256:5d340b108f25fed241b7713eb42e920588b5e0e2fa3bfac1b2af264de734e6fa,NWWH,V39N;D40W;G41W;V54H,4,"[39,40,41,54]",,False,True,9
random,1,1,random-s42-f01-al96-random-20260820T102642882520Z,9,sha256:90c8d316fca57d6044da159b3f5621298047a46ef3a80c3b774d66bb121c42c6,HMWA,V39H;D40M;G41W;V54A,4,"[39,40,41,54]",,False,False,
random,1,1,random-s42-f01-al96-random-20260820T102642882520Z,10,sha256:478b9df742a5e4b57eccb683187a84d2728177a660e9561475ddeb4de7e39cf7,PWDI,V39P;D40W;G41D;V54I,4,"[39,40,41,54]",,False,False,
random,1,1,random-s42-f01-al96-random-20260820T102642882520Z,11,sha256:5d4ed73980c3cf75e4f9af28fc13b07fa0d66f52d1907539aa148efc7d1fd930,EDPN,V39E;G41P;V54N,3,"[39,41,54]",,False,False,
random,1,1,random-s42-f01-al96-random-20260820T102642882520Z,12,sha256:1c5ca42e9febdffeb5b0162009bfced5add5603e5b7115056de3ce2d0d604e60,NDHI,V39N;G41H;V54I,3,"[39,41,54]",,False,True,4
random,1,1,random-s42-f01-al96-random-20260820T102642882520Z,13,sha256:da72afdb06da2e9c5dafdf79b8808108e9b04911f44601a6999ab013a0ee3ccc,FINH,V39F;D40I;G41N;V54H,4,"[39,40,41,54]",,False,False,
random,1,1,random-s42-f01-al96-random-20260820T102642882520Z,14,sha256:2f2f0ffee36b76c8933aec1d3fdef1c683236660bd7676cabae53b8e2ee376ef,IGQV,V39I;D40G;G41Q,3,"[39,40,41]",,False,True,8
random,1,1,random-s42-f01-al96-random-20260820T102642882520Z,15,sha256:ff4c409de533e0f227a3dc72d0539fd1c1957c70d7804502f8fd7c9b5d1a6022,IQAN,V39I;D40Q;G41A;V54N,4,"[39,40,41,54]",,False,False,
random,1,1,random-s42-f01-al96-random-20260820T102642882520Z,16,sha256:29723d8930a4c03517d5b024ba1dde5bae39fda5b48bc199d2a487fac7066501,MAWH,V39M;D40A;G41W;V54H,4,"[39,40,41,54]",,False,False,
random,1,1,random-s42-f01-al96-random-20260820T102642882520Z,17,sha256:cd649cbbef84a324a45a222e2c41b8aebb241c80caf41105224cee421a37534d,AESV,V39A;D40E;G41S,3,"[39,40,41]",,False,False,
random,1,1,random-s42-f01-al96-random-20260820T102642882520Z,18,sha256:2fb10723bf99dd1efb116bd1e77629b68f8eede704dffafa1a2380ad0f1859b8,WHMF,V39W;D40H;G41M;V54F,4,"[39,40,41,54]",,False,False,
random,1,1,random-s42-f01-al96-random-20260820T102642882520Z,19,sha256:066fa3e6b880e8a9c49bc7da5f7d0c633c0f8bc51e09cb008bc4014421afefd5,HTEN,V39H;D40T;G41E;V54N,4,"[39,40,41,54]",,False,True,7
random,1,1,random-s42-f01-al96-random-20260820T102642882520Z,20,sha256:99abfa80bc068cd03a86e754f8010b45a34a651f5614d41368b307b5302eae9b,IDLR,V39I;G41L;V54R,3,"[39,41,54]",,False,False,
random,1,1,random-s42-f01-al96-random-20260820T102642882520Z,21,sha256:6e8974e214bdaf8d63176cfb4830c2411c548274997f2cd16b82ea5e03b9845f,QHVG,V39Q;D40H;G41V;V54G,4,"[39,40,41,54]",,False,True,13
random,1,1,random-s42-f01-al96-random-20260820T102642882520Z,22,sha256:f794643183488d9e0e6321e9f2e08baebab4bbe0ee615084bd93e4e4cf71c080,HQYR,V39H;D40Q;G41Y;V54R,4,"[39,40,41,54]",,False,False,
random,1,1,random-s42-f01-al96-random-20260820T102642882520Z,23,sha256:af4c9b585070e101e18a7f4fc6867928d78895220397a2d73d678dec78909602,HLHI,V39H;D40L;G41H;V54I,4,"[39,40,41,54]",,False,True,2
random,1,1,random-s42-f01-al96-random-20260820T102642882520Z,24,sha256:16affddf16524d97134a88dc1ab5334d806c1dde57ae21a580393d99f0daeac2,PKWM,V39P;D40K;G41W;V54M,4,"[39,40,41,54]",,False,True,5
random,1,1,random-s42-f01-al96-random-20260820T102642882520Z,25,sha256:08d648f40b040b8b4ca72018b9c6400be7f4740c1ee8b6a81f4db31b853106fd,QGAM,V39Q;D40G;G41A;V54M,4,"[39,40,41,54]",,False,True,10
random,1,1,random-s42-f01-al96-random-20260820T102642882520Z,26,sha256:a9606bb6f0cfc103a079076fd448e2835c565aeda6b7322b03fc8f2a7f93f11a,IMIT,V39I;D40M;G41I;V54T,4,"[39,40,41,54]",,False,False,
random,1,1,random-s42-f01-al96-random-20260820T102642882520Z,27,sha256:d4bb47837342a1b4868b421361948d0de126f43b4d7bd34cd5d5dc3b64fa62d6,DAEV,V39D;D40A;G41E,3,"[39,40,41]",,False,False,
random,1,1,random-s42-f01-al96-random-20260820T102642882520Z,28,sha256:f6c6928bf8ecc071fc600e5b6266ae0ec32d7c7b9b3638c9870cc74e27504ae2,CPRH,V39C;D40P;G41R;V54H,4,"[39,40,41,54]",,False,False,
random,1,1,random-s42-f01-al96-random-20260820T102642882520Z,29,sha256:f75db174c767197209deeafa84817a84342bd0f2e03c6305be8cc1b1e650ba2b,GMTI,V39G;D40M;G41T;V54I,4,"[39,40,41,54]",,False,False,
random,1,1,random-s42-f01-al96-random-20260820T102642882520Z,30,sha256:b2fdae4767b497c157d56c005d28b06930cb54c4db8693fc36e331febfa30491,IWKV,V39I;D40W;G41K,3,"[39,40,41]",,False,True,16
random,1,1,random-s42-f01-al96-random-20260820T102642882520Z,31,sha256:810ae728041be4d6d4bb5fc412a84c9b2a4b9392ae17f6b63c793778a6aa153b,DGVH,V39D;D40G;G41V;V54H,4,"[39,40,41,54]",,False,True,14
random,1,1,random-s42-f01-al96-random-20260820T102642882520Z,32,sha256:8348ed7ccafdb091bc214ccbdc69faf8a873806b2f70b24a217780bbdd342268,MRQS,V39M;D40R;G41Q;V54S,4,"[39,40,41,54]",,False,True,3
random,1,2,random-s42-f01-al96-random-20260820T102642882520Z,1,sha256:ee101a5e96de8d9bc8ffad1a245b5d121adb4ac1a554aa50c16bd681ed34f7e8,WYNA,V39W;D40Y;G41N;V54A,4,"[39,40,41,54]",,False,False,
random,1,2,random-s42-f01-al96-random-20260820T102642882520Z,2,sha256:26b854347b066e52647655f6808705841499b317619deaa39c8a4386f652b10e,WSHC,V39W;D40S;G41H;V54C,4,"[39,40,41,54]",,False,False,
random,1,2,random-s42-f01-al96-random-20260820T102642882520Z,3,sha256:5e7da529ef89eaaafba93938946189df96f6c2f2ca8032547c56508e058ef98a,IDYA,V39I;G41Y;V54A,3,"[39,41,54]",,False,False,
random,1,2,random-s42-f01-al96-random-20260820T102642882520Z,4,sha256:604cd3cc00350e0dd33b31271652a5499ac4e4fc77be1ac499e741ea537bd1e9,DQRR,V39D;D40Q;G41R;V54R,4,"[39,40,41,54]",,False,False,
random,1,2,random-s42-f01-al96-random-20260820T102642882520Z,5,sha256:440e5515ec79e79891234b018cdee23edc731d81f6fa67b5a4de0e0a11eafa42,LLKD,V39L;D40L;G41K;V54D,4,"[39,40,41,54]",,False,False,
random,1,2,random-s42-f01-al96-random-20260820T102642882520Z,6,sha256:9ba81db6232e890456d11bb854176056f39ec8b3074ec81d05b55be3b7e296b7,GPNT,V39G;D40P;G41N;V54T,4,"[39,40,41,54]",,False,True,15
random,1,2,random-s42-f01-al96-random-20260820T102642882520Z,7,sha256:256f97daa3475dd18f1884cc8665b8e7e76e04d2691c0f410bc67b15d6adcc9b,LLYS,V39L;D40L;G41Y;V54S,4,"[39,40,41,54]",,False,False,
random,1,2,random-s42-f01-al96-random-20260820T102642882520Z,8,sha256:7d05b37b022fe7c4aedd69e2cc3798ea9fe4c6956b2ffbfef9f3d77027439348,KCKM,V39K;D40C;G41K;V54M,4,"[39,40,41,54]",,False,True,10
random,1,2,random-s42-f01-al96-random-20260820T102642882520Z,9,sha256:e05f5436c1deab6088a0a1868defc8a4e939056bca29b161dc1a9be8dc4d7175,GWHQ,V39G;D40W;G41H;V54Q,4,"[39,40,41,54]",,False,False,
random,1,2,random-s42-f01-al96-random-20260820T102642882520Z,10,sha256:a0eafcee5cb35fed2d867f1334ea09cad3a64abc77cc0a281beaf3ca084db29a,FYDQ,V39F;D40Y;G41D;V54Q,4,"[39,40,41,54]",,False,True,1
random,1,2,random-s42-f01-al96-random-20260820T102642882520Z,11,sha256:2ded3841bfac3ca7b2a0396007be8047f1d91ab13482f4bb675b50460f451f28,GDKL,V39G;G41K;V54L,3,"[39,41,54]",,False,True,8
random,1,2,random-s42-f01-al96-random-20260820T102642882520Z,12,sha256:469462e4cf8c10adf5c28ee5e087e3d92029771350e46df470114d68f650abf1,QQLY,V39Q;D40Q;G41L;V54Y,4,"[39,40,41,54]",,False,False,
random,1,2,random-s42-f01-al96-random-20260820T102642882520Z,13,sha256:e5c898b1412020ab9e30708d2de8d01638ac7a48b06fce23d1f254199d028a0d,AKVQ,V39A;D40K;G41V;V54Q,4,"[39,40,41,54]",,False,True,2
random,1,2,random-s42-f01-al96-random-20260820T102642882520Z,14,sha256:f575594a54eac8907b3bb44f38a1c0470d7df5bb3ce780751cd00734b67bd0d2,RKAK,V39R;D40K;G41A;V54K,4,"[39,40,41,54]",,False,True,3
random,1,2,random-s42-f01-al96-random-20260820T102642882520Z,15,sha256:0ba756a32eb852c219abde1e346159d6782fafb764145a054b0552c7c7e514be,EWAC,V39E;D40W;G41A;V54C,4,"[39,40,41,54]",,False,False,
random,1,2,random-s42-f01-al96-random-20260820T102642882520Z,16,sha256:6fef52fa3952975c074a4ce4573ca9ab5d0d867f0b048ae02637638dff51eabb,LRGF,V39L;D40R;V54F,3,"[39,40,54]",,False,False,
random,1,2,random-s42-f01-al96-random-20260820T102642882520Z,17,sha256:ee1da8809745526c4eba209ec772ebf7ec2b29fcb4efe6b6a2cc14f724e87c4c,FTAK,V39F;D40T;G41A;V54K,4,"[39,40,41,54]",,False,True,9
random,1,2,random-s42-f01-al96-random-20260820T102642882520Z,18,sha256:1f3a905f4de905cf4fe636ad9ec3945cc9d15953118154f6817e080d5770cb1b,IETY,V39I;D40E;G41T;V54Y,4,"[39,40,41,54]",,False,False,
random,1,2,random-s42-f01-al96-random-20260820T102642882520Z,19,sha256:11221c6ee0cae6aad8624c4506b77c18356f0b54898daa8504209aed910ffe0b,INAC,V39I;D40N;G41A;V54C,4,"[39,40,41,54]",,False,False,
random,1,2,random-s42-f01-al96-random-20260820T102642882520Z,20,sha256:18437d2eaf9494f8cf78e1f079b62d4d884812eb5ed827480f04b509a372e4df,RSDY,V39R;D40S;G41D;V54Y,4,"[39,40,41,54]",,False,False,
random,1,2,random-s42-f01-al96-random-20260820T102642882520Z,21,sha256:82fbc7b85207fc12953972446e0b49f6b006b852b2a8cdddadf139a792ccfa2b,QWWV,V39Q;D40W;G41W,3,"[39,40,41]",,False,True,4
random,1,2,random-s42-f01-al96-random-20260820T102642882520Z,22,sha256:d352aa7ef5bfb842089848e5c2401506dfd6f0b1bd26d295db05ce6a3611d18f,IMNT,V39I;D40M;G41N;V54T,4,"[39,40,41,54]",,False,True,12
random,1,2,random-s42-f01-al96-random-20260820T102642882520Z,23,sha256:f67ac794bea11926aca980416167583717c46a72f11f613bc994c5bd3713dff7,YLFS,V39Y;D40L;G41F;V54S,4,"[39,40,41,54]",,False,True,7
random,1,2,random-s42-f01-al96-random-20260820T102642882520Z,24,sha256:7d750b4c35e7854a3546fa806c0d6701e333bec5741afa7f7da9bdb5e9ba7c3e,DLKF,V39D;D40L;G41K;V54F,4,"[39,40,41,54]",,False,True,5
random,1,2,random-s42-f01-al96-random-20260820T102642882520Z,25,sha256:1353ba12d74cfb5602f498ba34c33024364ae07726f44a95639642b08ac7a40e,TMER,V39T;D40M;G41E;V54R,4,"[39,40,41,54]",,False,False,
random,1,2,random-s42-f01-al96-random-20260820T102642882520Z,26,sha256:ea0081596f8d1ff49f70488f3aa01353fa5b98de47c7ff98dd5fecae321e0823,TNTQ,V39T;D40N;G41T;V54Q,4,"[39,40,41,54]",,False,True,13
random,1,2,random-s42-f01-al96-random-20260820T102642882520Z,27,sha256:2a4f4cd7b5c1f1cd3005265dc74e38bd42cddc5cbff8b13966d9e0795f5a2546,IHKI,V39I;D40H;G41K;V54I,4,"[39,40,41,54]",,False,False,
random,1,2,random-s42-f01-al96-random-20260820T102642882520Z,28,sha256:c066a7a1450595611b424f80a99f3c452df8840867031eb2adf4133b4918e410,RWGW,V39R;D40W;V54W,3,"[39,40,54]",,False,False,
random,1,2,random-s42-f01-al96-random-20260820T102642882520Z,29,sha256:7299460a5ec47e9b71d775c52e3cd8a0d3b160efd7963d34e37a1d676fcae4ef,LQWT,V39L;D40Q;G41W;V54T,4,"[39,40,41,54]",,False,True,11
random,1,2,random-s42-f01-al96-random-20260820T102642882520Z,30,sha256:301c81a606f3ab8c045f74fa6972d337076b75abc966040689c831e31268092e,QNTH,V39Q;D40N;G41T;V54H,4,"[39,40,41,54]",,False,True,16
random,1,2,random-s42-f01-al96-random-20260820T102642882520Z,31,sha256:25fe24f20b22fe93f188c95a4d30375c6a6a4fbb8154a6542990aa887426a043,QEKT,V39Q;D40E;G41K;V54T,4,"[39,40,41,54]",,False,True,14
random,1,2,random-s42-f01-al96-random-20260820T102642882520Z,32,sha256:4db58521860c964f88ea84636a537cf48afc15bf48d7ad6a4784815d3228f92c,QRYS,V39Q;D40R;G41Y;V54S,4,"[39,40,41,54]",,False,True,6
random,1,3,random-s42-f01-al96-random-20260820T102642882520Z,1,sha256:194e76581925caf5b89af93a707589332c06794a56676da49a9b35e5db7b180e,SAAS,V39S;D40A;G41A;V54S,4,"[39,40,41,54]",,False,True,8
random,1,3,random-s42-f01-al96-random-20260820T102642882520Z,2,sha256:5ef047c85a5f246bc4fe4bc5995c18a426e07e272006015ba1bbcf9cd66ca48e,GTPI,V39G;D40T;G41P;V54I,4,"[39,40,41,54]",,False,True,12
random,1,3,random-s42-f01-al96-random-20260820T102642882520Z,3,sha256:d375115bbf6c0780569ffb2b3c0b1a4a89e80eca81650f1882c5622c8eb0c893,TWGG,V39T;D40W;V54G,3,"[39,40,54]",,False,True,10
random,1,3,random-s42-f01-al96-random-20260820T102642882520Z,4,sha256:91066a6148dd1934ebadf0a9b1ff4eddb4687cc5077a555cdef484b9f992973b,QLRQ,V39Q;D40L;G41R;V54Q,4,"[39,40,41,54]",,False,False,
random,1,3,random-s42-f01-al96-random-20260820T102642882520Z,5,sha256:d342b8eef08282f220b8954c6a94b07a857043297b991e2bb2776e21befcc6a6,VGLL,D40G;G41L;V54L,3,"[40,41,54]",,False,False,
random,1,3,random-s42-f01-al96-random-20260820T102642882520Z,6,sha256:ce4fb1ee39d11ead1aca55d3b1366f0ea0351c4f1cc5cef83284c2fa9239ff31,NENH,V39N;D40E;G41N;V54H,4,"[39,40,41,54]",,False,True,16
random,1,3,random-s42-f01-al96-random-20260820T102642882520Z,7,sha256:1343e5a89016628f9d5fcd5db76f370f6911582c20bc85bc4e5a91df389218eb,YLKV,V39Y;D40L;G41K,3,"[39,40,41]",,False,False,
random,1,3,random-s42-f01-al96-random-20260820T102642882520Z,8,sha256:470a82aac44f6316e51eeb91d156e5fd3087d673c0bbeb9a497af8f8f9fbe62b,FCTL,V39F;D40C;G41T;V54L,4,"[39,40,41,54]",,False,False,
random,1,3,random-s42-f01-al96-random-20260820T102642882520Z,9,sha256:cbf16f778940e6dbc7cc943154d0c39823912a6e5c8cde9f847f37d50e600ed0,LWMR,V39L;D40W;G41M;V54R,4,"[39,40,41,54]",,False,True,1
random,1,3,random-s42-f01-al96-random-20260820T102642882520Z,10,sha256:665e8fb7413a7d75a24e2fd4a9516e8a30f960af1777f2c48e392eeef74011f0,TWYY,V39T;D40W;G41Y;V54Y,4,"[39,40,41,54]",,False,False,
random,1,3,random-s42-f01-al96-random-20260820T102642882520Z,11,sha256:2da1aba0f48276e552f24b979d9fbd67f047185a04bdef8414206d55850ec2e2,SEPY,V39S;D40E;G41P;V54Y,4,"[39,40,41,54]",,False,False,
random,1,3,random-s42-f01-al96-random-20260820T102642882520Z,12,sha256:84d65aa6d05da6a5b148c03e22465f8aed2ca4953860802253a3ee9d6933c13e,VICL,D40I;G41C;V54L,3,"[40,41,54]",,False,False,
random,1,3,random-s42-f01-al96-random-20260820T102642882520Z,13,sha256:f669ffa529e4370401300ea476b4b5e0ae26cfed3a810213d9b7ecf89274e172,QDIP,V39Q;G41I;V54P,3,"[39,41,54]",,False,False,
random,1,3,random-s42-f01-al96-random-20260820T102642882520Z,14,sha256:f5846ef0f1186f08e9e30efc25b58b070a358369f671baf9b30ab9564ea479df,WRRM,V39W;D40R;G41R;V54M,4,"[39,40,41,54]",,False,True,7
random,1,3,random-s42-f01-al96-random-20260820T102642882520Z,15,sha256:dd7c1ee4dcfbda8b7cdb9811763911a9d6472ce28c8fdc65cce7a18dc01f29d3,DRSH,V39D;D40R;G41S;V54H,4,"[39,40,41,54]",,False,True,11
random,1,3,random-s42-f01-al96-random-20260820T102642882520Z,16,sha256:bef631d7260abd0874b12f3e63e9287df63df30db5f78c423a8c298e9559921f,PCAH,V39P;D40C;G41A;V54H,4,"[39,40,41,54]",,False,True,3
random,1,3,random-s42-f01-al96-random-20260820T102642882520Z,17,sha256:b9e5657ca5a63556128fc85cac76f6535b461cc17d59f39ccef6ddad94c8ad5d,MMIM,V39M;D40M;G41I;V54M,4,"[39,40,41,54]",,False,True,6
random,1,3,random-s42-f01-al96-random-20260820T102642882520Z,18,sha256:660558e689a2b945e29d073e41cbebcb10c796f2781863069fe699e5075655e2,PVHC,V39P;D40V;G41H;V54C,4,"[39,40,41,54]",,False,False,
random,1,3,random-s42-f01-al96-random-20260820T102642882520Z,19,sha256:08928d842ff94540463a3beceeca07b11a7b8e672990f5c14e018bb9c6849823,WAEH,V39W;D40A;G41E;V54H,4,"[39,40,41,54]",,False,True,2
random,1,3,random-s42-f01-al96-random-20260820T102642882520Z,20,sha256:edfaa54ad8a555cd593e0af6ff220362e3b6dc2febd15b12ecc6ff1a0a7e1044,DNWC,V39D;D40N;G41W;V54C,4,"[39,40,41,54]",,False,False,
random,1,3,random-s42-f01-al96-random-20260820T102642882520Z,21,sha256:dde79e7cc2be36539aec146aa8c6ef8b6be5f32dc0fa61f15d9de5dc3935efa2,YEVV,V39Y;D40E;G41V,3,"[39,40,41]",,False,False,
random,1,3,random-s42-f01-al96-random-20260820T102642882520Z,22,sha256:1c1b9944d8e1a698a79cee0ba16db9a80c62183b5131bb11f87a0c62e88c2d13,KYIA,V39K;D40Y;G41I;V54A,4,"[39,40,41,54]",,False,False,
random,1,3,random-s42-f01-al96-random-20260820T102642882520Z,23,sha256:a62a1d2e3d1b5fc7d94a5d8edc24860507d6e70f4e21d9fee8037b08b7bd10a3,LDTM,V39L;G41T;V54M,3,"[39,41,54]",,False,True,4
random,1,3,random-s42-f01-al96-random-20260820T102642882520Z,24,sha256:c315593739330fd9d008cea814e10be153dd1779a2169a08f48e4852f1f88f23,ITMA,V39I;D40T;G41M;V54A,4,"[39,40,41,54]",,False,True,14
random,1,3,random-s42-f01-al96-random-20260820T102642882520Z,25,sha256:33012c6fe4a7f0f5f3a6f41b265944ddcfeac470938ed048241f55664a543906,CENY,V39C;D40E;G41N;V54Y,4,"[39,40,41,54]",,False,False,
random,1,3,random-s42-f01-al96-random-20260820T102642882520Z,26,sha256:41ff04bef74e6c32a777ad31779337313f1820cdfef24e10636bd0f49a2eb7bd,CTNN,V39C;D40T;G41N;V54N,4,"[39,40,41,54]",,False,True,13
random,1,3,random-s42-f01-al96-random-20260820T102642882520Z,27,sha256:a8c876c384c534112fef221ae55f791f70d0e3247f71ffa0aaa95fb6f621b0a4,TTHE,V39T;D40T;G41H;V54E,4,"[39,40,41,54]",,False,False,
random,1,3,random-s42-f01-al96-random-20260820T102642882520Z,28,sha256:2bc4ea938ac9450619b9d61de706810cfd412de5b506310ed297e1e69263fd22,QRKC,V39Q;D40R;G41K;V54C,4,"[39,40,41,54]",,False,True,5
random,1,3,random-s42-f01-al96-random-20260820T102642882520Z,29,sha256:6db4a144d079543571bbb2d0c6f57d60867b88c66fe1f4f8ce80090b141ab6e2,YYAI,V39Y;D40Y;G41A;V54I,4,"[39,40,41,54]",,False,True,15
random,1,3,random-s42-f01-al96-random-20260820T102642882520Z,30,sha256:bb37d2a47fce96519def198f506f112d9a78928ce7022a423604cedb9005f41c,LNHA,V39L;D40N;G41H;V54A,4,"[39,40,41,54]",,False,False,
random,1,3,random-s42-f01-al96-random-20260820T102642882520Z,31,sha256:e15c069c077bc27583981c1cab69f6d573c3d93c1cd0fe86f448175188d4be12,EQIQ,V39E;D40Q;G41I;V54Q,4,"[39,40,41,54]",,False,False,
random,1,3,random-s42-f01-al96-random-20260820T102642882520Z,32,sha256:90f63e726f1744ec10d9be2b36a4f8ce18f1bc1c639366ee046f83272bec7b0d,ANSE,V39A;D40N;G41S;V54E,4,"[39,40,41,54]",,False,True,9
random,2,1,random-s42-f02-al96-random-20260820T103525062996Z,1,sha256:088a9783c0517975a81c75911e0154bc58375ad68c080d93436934be6a27c871,MVPP,V39M;D40V;G41P;V54P,4,"[39,40,41,54]",,False,True,11
random,2,1,random-s42-f02-al96-random-20260820T103525062996Z,2,sha256:e76156105f62d11580a88ab35704ff0fe35fb3160e80b03b539792a42f1f9c89,SLYH,V39S;D40L;G41Y;V54H,4,"[39,40,41,54]",,False,False,
random,2,1,random-s42-f02-al96-random-20260820T103525062996Z,3,sha256:c7b2c5385932eb6fec2974f229ea4cb33538d6f8406eb37ef09024c0d4249a4a,VWEL,D40W;G41E;V54L,3,"[40,41,54]",,False,True,6
random,2,1,random-s42-f02-al96-random-20260820T103525062996Z,4,sha256:5f60a7c4c6a4330939fba704c9df2aba3077bc55a1d520bacb0bda35ecb2d2d9,DHLV,V39D;D40H;G41L,3,"[39,40,41]",,False,True,15
random,2,1,random-s42-f02-al96-random-20260820T103525062996Z,5,sha256:ac7b718408413d50d119cec1a02b27fdfbfdeeec5e4c31ae8c91ecd445e732e7,VDAM,G41A;V54M,2,"[41,54]",,False,False,
random,2,1,random-s42-f02-al96-random-20260820T103525062996Z,6,sha256:49c308e307a1f8fb5595fa6d1fc1fb6ca9670f86b792bcfd168fbc74be122888,TAPT,V39T;D40A;G41P;V54T,4,"[39,40,41,54]",,False,True,1
random,2,1,random-s42-f02-al96-random-20260820T103525062996Z,7,sha256:0d88d057da2d4d83855f7d088bb7bca83737034d99a03e6162c761cd6f358562,YEFW,V39Y;D40E;G41F;V54W,4,"[39,40,41,54]",,False,True,12
random,2,1,random-s42-f02-al96-random-20260820T103525062996Z,8,sha256:dc9c934c42f018330843afa6bc548cf48131153833443e5dbc32e136aa342bcc,NTRS,V39N;D40T;G41R;V54S,4,"[39,40,41,54]",,False,True,9
random,2,1,random-s42-f02-al96-random-20260820T103525062996Z,9,sha256:169d21d9253c181c1d1f069c0540df0fb0f0d05b0c89b998c2016672d6a82ab5,LGKS,V39L;D40G;G41K;V54S,4,"[39,40,41,54]",,False,False,
random,2,1,random-s42-f02-al96-random-20260820T103525062996Z,10,sha256:6d58e4c87030c110c85672bf142d6a704db836417bdcdd434f75e03f784d73d9,IMMP,V39I;D40M;G41M;V54P,4,"[39,40,41,54]",,False,False,
random,2,1,random-s42-f02-al96-random-20260820T103525062996Z,11,sha256:be0b0e620e979993e4bbea4adbc1e68f3e79d3e9d040d3c1c50efca29781ce03,KTPH,V39K;D40T;G41P;V54H,4,"[39,40,41,54]",,False,False,
random,2,1,random-s42-f02-al96-random-20260820T103525062996Z,12,sha256:6a669327c32331277320d04b3a45e066b2edf395a6f97441ee131ba99d2c679c,LTAK,V39L;D40T;G41A;V54K,4,"[39,40,41,54]",,False,True,4
random,2,1,random-s42-f02-al96-random-20260820T103525062996Z,13,sha256:c02c563e5f58e0724044b9855ac7172071ecb7423f3a615392b7c7edd8399e99,WLKG,V39W;D40L;G41K;V54G,4,"[39,40,41,54]",,False,False,
random,2,1,random-s42-f02-al96-random-20260820T103525062996Z,14,sha256:6ef020fa5b3eb4270a4744d10a11899ef5bdb99a6e4f1ac5923794a09c1d5189,VMYM,D40M;G41Y;V54M,3,"[40,41,54]",,False,True,8
random,2,1,random-s42-f02-al96-random-20260820T103525062996Z,15,sha256:3a7dfa55f3d8264b5d3da22199df7de83c53b10e288a6a99225237f8466f3c84,MSFS,V39M;D40S;G41F;V54S,4,"[39,40,41,54]",,False,False,
random,2,1,random-s42-f02-al96-random-20260820T103525062996Z,16,sha256:7d38f6e7f9fe0e36b5958f483dea7d45a250fe48742b64b2debb4bc40dea6fd8,EIDH,V39E;D40I;G41D;V54H,4,"[39,40,41,54]",,False,False,
random,2,1,random-s42-f02-al96-random-20260820T103525062996Z,17,sha256:33eb973245367311a0d5ffa3c4cc6b6825efc15200a9fa05ad5935d810a89d6f,IGTI,V39I;D40G;G41T;V54I,4,"[39,40,41,54]",,False,False,
random,2,1,random-s42-f02-al96-random-20260820T103525062996Z,18,sha256:3c5a4eee18569d896e8647d0bd4517e4224242c7328b6b4147deed207eed08d9,DSAT,V39D;D40S;G41A;V54T,4,"[39,40,41,54]",,False,False,
random,2,1,random-s42-f02-al96-random-20260820T103525062996Z,19,sha256:a3c3085c32a581dd53f813940322a12cf4030a2225ee7a66c8744e7690efa72b,KDTE,V39K;G41T;V54E,3,"[39,41,54]",,False,True,7
random,2,1,random-s42-f02-al96-random-20260820T103525062996Z,20,sha256:e9403e4fc4370fd639612d3fbab9343601105f61c0d46c3cc6f88a8a9e34b991,TGGK,V39T;D40G;V54K,3,"[39,40,54]",,False,False,
random,2,1,random-s42-f02-al96-random-20260820T103525062996Z,21,sha256:97cd4b0d6a787599b6ebe18923c54c2003bf1143308e9e866ac767920802a91f,IAMK,V39I;D40A;G41M;V54K,4,"[39,40,41,54]",,False,True,13
random,2,1,random-s42-f02-al96-random-20260820T103525062996Z,22,sha256:a75cb5696c2f7350812f463e5a65f55924189deb804911458430bbbc2f206413,MQAA,V39M;D40Q;G41A;V54A,4,"[39,40,41,54]",,False,False,
random,2,1,random-s42-f02-al96-random-20260820T103525062996Z,23,sha256:e6fd26ae541f95fe525394bda005210b6742c5af75fceb375e88e474094b30fb,VKDF,D40K;G41D;V54F,3,"[40,41,54]",,False,True,2
random,2,1,random-s42-f02-al96-random-20260820T103525062996Z,24,sha256:a250256fafbd56253ac166cba482a901cdfc3b640f2f4ba94872f27fae092490,EMPE,V39E;D40M;G41P;V54E,4,"[39,40,41,54]",,False,True,5
random,2,1,random-s42-f02-al96-random-20260820T103525062996Z,25,sha256:859639bab6b263c086c715a8796b114ed3a456f2f50ee21885074fb9cb1163ca,RYGP,V39R;D40Y;V54P,3,"[39,40,54]",,False,True,10
random,2,1,random-s42-f02-al96-random-20260820T103525062996Z,26,sha256:be0be9d55c6044d3cb9cc4353f43dbeefe1499ef0a2172c6055f2e85107e678b,EAPN,V39E;D40A;G41P;V54N,4,"[39,40,41,54]",,False,False,
random,2,1,random-s42-f02-al96-random-20260820T103525062996Z,27,sha256:15a8af75df4082010a8ac128326834c9618aa776efd16766bf11637c934671a3,MHCS,V39M;D40H;G41C;V54S,4,"[39,40,41,54]",,False,False,
random,2,1,random-s42-f02-al96-random-20260820T103525062996Z,28,sha256:fdd4c9a1a0039fec000bf2a6be08a9acb1bdf899324693319132451e85dbe40d,MMAF,V39M;D40M;G41A;V54F,4,"[39,40,41,54]",,False,False,
random,2,1,random-s42-f02-al96-random-20260820T103525062996Z,29,sha256:c32cc53dbd110c71cc09534602eaf75cf708f34330aef62e43cff7273a57ddc9,VFLT,D40F;G41L;V54T,3,"[40,41,54]",,False,False,
random,2,1,random-s42-f02-al96-random-20260820T103525062996Z,30,sha256:aa50472aa25c063a6acdf14e2d7df872f710158dc4b30d811c4360cd101d2b94,VKCQ,D40K;G41C;V54Q,3,"[40,41,54]",,False,True,16
random,2,1,random-s42-f02-al96-random-20260820T103525062996Z,31,sha256:01a1a42038d39adeeafc8828b602ecd224bc115378a569df8b0a09f8acc80ec5,PRGR,V39P;D40R;V54R,3,"[39,40,54]",,False,True,14
random,2,1,random-s42-f02-al96-random-20260820T103525062996Z,32,sha256:f589c27f6189bab4558efeaf0335015228bd7ee65104d7e466540632202aaee5,QNKE,V39Q;D40N;G41K;V54E,4,"[39,40,41,54]",,False,True,3
random,2,2,random-s42-f02-al96-random-20260820T103525062996Z,1,sha256:9009a594fa3cf2667da232a96701b5bd0588f4d74f68119aa12f28a18c66b545,PLHR,V39P;D40L;G41H;V54R,4,"[39,40,41,54]",,False,False,
random,2,2,random-s42-f02-al96-random-20260820T103525062996Z,2,sha256:cedf3d45e50cbcac5aa46a2222d9e90297086016f1832bfa5cf8b3866a013bb3,RTMR,V39R;D40T;G41M;V54R,4,"[39,40,41,54]",,False,False,
random,2,2,random-s42-f02-al96-random-20260820T103525062996Z,3,sha256:739d3ad7af27b57d40fa178d43e6bf881ddefdb86548382c23c4876a533e94bc,LSYY,V39L;D40S;G41Y;V54Y,4,"[39,40,41,54]",,False,False,
random,2,2,random-s42-f02-al96-random-20260820T103525062996Z,4,sha256:74f03179be7cc0ca3c62d5c29825aab3de13b19a9ac7321e568a2a097794c13a,NDEM,V39N;G41E;V54M,3,"[39,41,54]",,False,False,
random,2,2,random-s42-f02-al96-random-20260820T103525062996Z,5,sha256:a2bba898893e3866d7e4ce42ed39847ffcc64ce73f64cf042e6cf562daa90447,EELG,V39E;D40E;G41L;V54G,4,"[39,40,41,54]",,False,False,
random,2,2,random-s42-f02-al96-random-20260820T103525062996Z,6,sha256:2da2feae13da93dd916c119be25b8b5572f67e6328052332a7da2780701c4937,YRVG,V39Y;D40R;G41V;V54G,4,"[39,40,41,54]",,False,True,15
random,2,2,random-s42-f02-al96-random-20260820T103525062996Z,7,sha256:98ad145fcb86d113dbb537a864feb3f36e1b49ffae5749363a4c3a8de934de25,SRYL,V39S;D40R;G41Y;V54L,4,"[39,40,41,54]",,False,False,
random,2,2,random-s42-f02-al96-random-20260820T103525062996Z,8,sha256:63b0db755901a5e2c44cb2694d37512c1eca81641b399c19a376d92d81ff6c93,KGQM,V39K;D40G;G41Q;V54M,4,"[39,40,41,54]",,False,True,10
random,2,2,random-s42-f02-al96-random-20260820T103525062996Z,9,sha256:b820868ff09c2036651f973c2b5917ff97c91f9ba608aaf22e2b756693310b42,KNGT,V39K;D40N;V54T,3,"[39,40,54]",,False,False,
random,2,2,random-s42-f02-al96-random-20260820T103525062996Z,10,sha256:18273477cb2e1fcb14ffe00299e30ec4fed1e9c309873fbaf6f99283d773bbe5,TIQG,V39T;D40I;G41Q;V54G,4,"[39,40,41,54]",,False,True,1
random,2,2,random-s42-f02-al96-random-20260820T103525062996Z,11,sha256:6dff09854603dc9a23b2d54b5aa97d688139e67e9fd54bae2a704ebd6a79b4c5,CYKE,V39C;D40Y;G41K;V54E,4,"[39,40,41,54]",,False,True,8
random,2,2,random-s42-f02-al96-random-20260820T103525062996Z,12,sha256:e8548f9b83e374c1b55c8e2b91bf36f60e6d107749a40ea8d5dd8197a858d66b,TGLE,V39T;D40G;G41L;V54E,4,"[39,40,41,54]",,False,False,
random,2,2,random-s42-f02-al96-random-20260820T103525062996Z,13,sha256:a76c3cb7b0715e3c83c77cf54c2ea5565635b1f4fa9e579a5c0bf04d55bdf4ea,WTCP,V39W;D40T;G41C;V54P,4,"[39,40,41,54]",,False,True,2
random,2,2,random-s42-f02-al96-random-20260820T103525062996Z,14,sha256:0c87d00a851d49f716e519d1a994c9783c3be19e2f6d2922a2997f718526e9c4,ANAL,V39A;D40N;G41A;V54L,4,"[39,40,41,54]",,False,True,3
random,2,2,random-s42-f02-al96-random-20260820T103525062996Z,15,sha256:6becf1bda9ff4c1cb3430e2923f6e90c37cec3de11c0c4f26b2b5f523018bc79,DAIV,V39D;D40A;G41I,3,"[39,40,41]",,False,False,
random,2,2,random-s42-f02-al96-random-20260820T103525062996Z,16,sha256:3c79577d010038226f2669bb516689f57ac3e6e0724a4d426f63fd95b470c974,DRRC,V39D;D40R;G41R;V54C,4,"[39,40,41,54]",,False,False,
random,2,2,random-s42-f02-al96-random-20260820T103525062996Z,17,sha256:4567c6cf39a1ba3621715c5012673755075de83bef20caecd9eb3282a8edf77a,KTDF,V39K;D40T;G41D;V54F,4,"[39,40,41,54]",,False,True,9
random,2,2,random-s42-f02-al96-random-20260820T103525062996Z,18,sha256:a1d43fca639ad9c3f628ef3e5c2468750bfdca94c41989719e4a82095d527627,NYEN,V39N;D40Y;G41E;V54N,4,"[39,40,41,54]",,False,False,
random,2,2,random-s42-f02-al96-random-20260820T103525062996Z,19,sha256:1c89ffa4749014e1cf3cafd9d850fdc672fd3e0421bed0d0e130298cbb93fa59,EDRE,V39E;G41R;V54E,3,"[39,41,54]",,False,False,
random,2,2,random-s42-f02-al96-random-20260820T103525062996Z,20,sha256:6252207acd9ec28c5d260467ad8a6f70bb275ee776636b910a859d46ddbc4595,FFMT,V39F;D40F;G41M;V54T,4,"[39,40,41,54]",,False,False,
random,2,2,random-s42-f02-al96-random-20260820T103525062996Z,21,sha256:20d65b6ec735ada645c849757894066039f41a978790625c12302833c7d731fb,HMFR,V39H;D40M;G41F;V54R,4,"[39,40,41,54]",,False,True,4
random,2,2,random-s42-f02-al96-random-20260820T103525062996Z,22,sha256:95bd1da421a398340fc3605cb13977ad0b4db12de623fae741e6eef6d61c43bb,GQNS,V39G;D40Q;G41N;V54S,4,"[39,40,41,54]",,False,True,12
random,2,2,random-s42-f02-al96-random-20260820T103525062996Z,23,sha256:a141e28dc5778526ee7882927c1a1cc4065c230eba9dbf569d00e330e2665c99,QCYW,V39Q;D40C;G41Y;V54W,4,"[39,40,41,54]",,False,True,7
random,2,2,random-s42-f02-al96-random-20260820T103525062996Z,24,sha256:e78610e38dff9aaf829228c7121773421b19dd53173c7564837200d530c21723,RQWS,V39R;D40Q;G41W;V54S,4,"[39,40,41,54]",,False,True,5
random,2,2,random-s42-f02-al96-random-20260820T103525062996Z,25,sha256:3221e55de0121c02a48f3bdcbbf40a29c69f697a8354b1d2cd93a5b4298900d1,PANN,V39P;D40A;G41N;V54N,4,"[39,40,41,54]",,False,False,
random,2,2,random-s42-f02-al96-random-20260820T103525062996Z,26,sha256:103a67f0306ac1d4b3003918bf7a1328bb51e6882cc25d5e3076902cbd8fef33,LYFM,V39L;D40Y;G41F;V54M,4,"[39,40,41,54]",,False,True,13
random,2,2,random-s42-f02-al96-random-20260820T103525062996Z,27,sha256:3ef026377206bc39800680eb9175fc407e58be12f4f361f5c53af9b2abfbcf02,IAQI,V39I;D40A;G41Q;V54I,4,"[39,40,41,54]",,False,False,
random,2,2,random-s42-f02-al96-random-20260820T103525062996Z,28,sha256:83be1328765e831e6625c30370a61089657f420349024505ef557931fa743864,WSSG,V39W;D40S;G41S;V54G,4,"[39,40,41,54]",,False,False,
random,2,2,random-s42-f02-al96-random-20260820T103525062996Z,29,sha256:75c8a0b7a1d3509a9afcf8f7b378c5e64c3f829da43a0fb5355629d8cdb6744e,DWKT,V39D;D40W;G41K;V54T,4,"[39,40,41,54]",,False,True,11
random,2,2,random-s42-f02-al96-random-20260820T103525062996Z,30,sha256:ab5ca580922568edbb9feb76cfdc6c2450e74948074ccbb59d1044ee2e97b3a6,CNTG,V39C;D40N;G41T;V54G,4,"[39,40,41,54]",,False,True,16
random,2,2,random-s42-f02-al96-random-20260820T103525062996Z,31,sha256:a5965dbb8819b8d751ba4fdea04e28c9190dc199f8ab2197c8b7537b9cc6221e,YKAP,V39Y;D40K;G41A;V54P,4,"[39,40,41,54]",,False,True,14
random,2,2,random-s42-f02-al96-random-20260820T103525062996Z,32,sha256:9be02a22df67763c261380f4752b6533ad7d5b0e720f86ac54bf02c3259928d7,ETYW,V39E;D40T;G41Y;V54W,4,"[39,40,41,54]",,False,True,6
random,2,3,random-s42-f02-al96-random-20260820T103525062996Z,1,sha256:afa200c6de81ec17ec4f87ae60a1e4cac699f2fef20b0da6c301ff048e4a0bf9,YECI,V39Y;D40E;G41C;V54I,4,"[39,40,41,54]",,False,True,8
random,2,3,random-s42-f02-al96-random-20260820T103525062996Z,2,sha256:6dac7f1d660d524a16ce4dd031eb096c2f95808df65cf45af678e5f487b65417,EIEH,V39E;D40I;G41E;V54H,4,"[39,40,41,54]",,False,True,12
random,2,3,random-s42-f02-al96-random-20260820T103525062996Z,3,sha256:aef8979c38137b7d6e039f901f60b87a218b69c461ce7f77567751c97b4e2568,ICMA,V39I;D40C;G41M;V54A,4,"[39,40,41,54]",,False,True,10
random,2,3,random-s42-f02-al96-random-20260820T103525062996Z,4,sha256:c2815591d4845a50cf5f5a89e9d3a85dad5b80aa1c2496f12807846b63cdfa8e,HQNG,V39H;D40Q;G41N;V54G,4,"[39,40,41,54]",,False,False,
random,2,3,random-s42-f02-al96-random-20260820T103525062996Z,5,sha256:79196911bc2bac8633b51149087b2a7979489dad8ff54267eefb66c266e8564b,CDPT,V39C;G41P;V54T,3,"[39,41,54]",,False,False,
random,2,3,random-s42-f02-al96-random-20260820T103525062996Z,6,sha256:2077b30cb1810c20503b1ae40cc5ef711cdeb1fd1fa10c8fd02c3626a7e08694,LKIE,V39L;D40K;G41I;V54E,4,"[39,40,41,54]",,False,True,16
random,2,3,random-s42-f02-al96-random-20260820T103525062996Z,7,sha256:98d17e50c5ee91b364e2d2290531d5807aa2e9fecc1c01accc0cad15d8b82948,FRVE,V39F;D40R;G41V;V54E,4,"[39,40,41,54]",,False,False,
random,2,3,random-s42-f02-al96-random-20260820T103525062996Z,8,sha256:7a782c811e6c5d66451c885b1b09ed3fd80c9aabea6e1131bedfd868278744c5,IHLL,V39I;D40H;G41L;V54L,4,"[39,40,41,54]",,False,False,
random,2,3,random-s42-f02-al96-random-20260820T103525062996Z,9,sha256:44130cba7028e771801590e6b8a6f1fd98dae8714bd6062f8da6fcb76b4e1b7a,ANDN,V39A;D40N;G41D;V54N,4,"[39,40,41,54]",,False,True,1
random,2,3,random-s42-f02-al96-random-20260820T103525062996Z,10,sha256:8d3e744b363d08f2a4034079e5c12acda10f383f76e35be59c992e38b8e89d7b,VFNF,D40F;G41N;V54F,3,"[40,41,54]",,False,False,
random,2,3,random-s42-f02-al96-random-20260820T103525062996Z,11,sha256:f8bf3c89c77cf6b95e9bdf9adb25a027aee59392edb100efb0b6c189894804ac,LWYK,V39L;D40W;G41Y;V54K,4,"[39,40,41,54]",,False,False,
random,2,3,random-s42-f02-al96-random-20260820T103525062996Z,12,sha256:4f143547e49662aaf580e49494e2213be0fe3e52ede31f47da8f313ef5dd570e,WWRW,V39W;D40W;G41R;V54W,4,"[39,40,41,54]",,False,False,
random,2,3,random-s42-f02-al96-random-20260820T103525062996Z,13,sha256:df25605f4ed9530ebf0c86485902ec10f42692a7601367c4c61ade707012c0b1,GDEV,V39G;G41E,2,"[39,41]",,False,False,
random,2,3,random-s42-f02-al96-random-20260820T103525062996Z,14,sha256:d6065c63f32718b3cff0e27976c4b4d2c895af767ac220e4b836f439fc4077c9,INTT,V39I;D40N;G41T;V54T,4,"[39,40,41,54]",,False,True,7
random,2,3,random-s42-f02-al96-random-20260820T103525062996Z,15,sha256:256f97daa3475dd18f1884cc8665b8e7e76e04d2691c0f410bc67b15d6adcc9b,LLYS,V39L;D40L;G41Y;V54S,4,"[39,40,41,54]",,False,True,11
random,2,3,random-s42-f02-al96-random-20260820T103525062996Z,16,sha256:e7b4154a9d9bdd237aebf79ea2bb5daa790055d8fb2d2f3c7f37cb94db1bb84a,QHTF,V39Q;D40H;G41T;V54F,4,"[39,40,41,54]",,False,True,3
random,2,3,random-s42-f02-al96-random-20260820T103525062996Z,17,sha256:f0632dab633d595de1f91dc662c635bd65c27755c8d8c6842e5bf8b7862ade80,METL,V39M;D40E;G41T;V54L,4,"[39,40,41,54]",,False,True,6
random,2,3,random-s42-f02-al96-random-20260820T103525062996Z,18,sha256:5c80b99494fda55736fb668552fcadcb1a19c583d462fb363c5ae521d4eadd6b,RLPW,V39R;D40L;G41P;V54W,4,"[39,40,41,54]",,False,False,
random,2,3,random-s42-f02-al96-random-20260820T103525062996Z,19,sha256:60e8d45cd6df86a8629e89e392ca887813570307579328de22c83d6ccea8f7f9,YMPT,V39Y;D40M;G41P;V54T,4,"[39,40,41,54]",,False,True,2
random,2,3,random-s42-f02-al96-random-20260820T103525062996Z,20,sha256:ef48dfaddba776091b6b88fe47a15f5ba52547ae736000b98bf4f62b9de8e161,RHHH,V39R;D40H;G41H;V54H,4,"[39,40,41,54]",,False,False,
random,2,3,random-s42-f02-al96-random-20260820T103525062996Z,21,sha256:232449a633d33283fa0004161cdea506d026a78ead10e1ad2479c6deeed9f1da,CQLI,V39C;D40Q;G41L;V54I,4,"[39,40,41,54]",,False,False,
random,2,3,random-s42-f02-al96-random-20260820T103525062996Z,22,sha256:131aa50701017c9f032b803806f4c1d5d5ae1bc64fd46a0d2458af89ab0ec00d,MSTT,V39M;D40S;G41T;V54T,4,"[39,40,41,54]",,False,False,
random,2,3,random-s42-f02-al96-random-20260820T103525062996Z,23,sha256:23ccb75ad9825b6b00a6e3f30f76227d69afcb4319ea36e1cb1161925f80994c,WIGA,V39W;D40I;V54A,3,"[39,40,54]",,False,True,4
random,2,3,random-s42-f02-al96-random-20260820T103525062996Z,24,sha256:92554f6929e6db3c96f496c5220349f58cb251bf664f7f8d722f496f4cadd1f7,TTNV,V39T;D40T;G41N,3,"[39,40,41]",,False,True,14
random,2,3,random-s42-f02-al96-random-20260820T103525062996Z,25,sha256:2d4ae435612f728ae6cfa919c3b7fd7e6ac250d71944118a9ee9d97d796fa52c,IIMF,V39I;D40I;G41M;V54F,4,"[39,40,41,54]",,False,False,
random,2,3,random-s42-f02-al96-random-20260820T103525062996Z,26,sha256:234a637a6dcf778ab33f4a14f933f88fcd422ea8b0598f02c089148e2a1463c7,TEVP,V39T;D40E;G41V;V54P,4,"[39,40,41,54]",,False,True,13
random,2,3,random-s42-f02-al96-random-20260820T103525062996Z,27,sha256:f42b5e11eae4787fccd4ab67f1d0c04c8120a0a5ca602f6ff1840a0131d9a46d,SWHY,V39S;D40W;G41H;V54Y,4,"[39,40,41,54]",,False,False,
random,2,3,random-s42-f02-al96-random-20260820T103525062996Z,28,sha256:5722268f7932dac4782a6baa8028248b438fbb010e3dfebf92b2aeac1c134382,EYCP,V39E;D40Y;G41C;V54P,4,"[39,40,41,54]",,False,True,5
random,2,3,random-s42-f02-al96-random-20260820T103525062996Z,29,sha256:89ce0a79930f4279fc421240ef7dd771569df740f0bc95a2b427d5527bf4300f,AVSR,V39A;D40V;G41S;V54R,4,"[39,40,41,54]",,False,True,15
random,2,3,random-s42-f02-al96-random-20260820T103525062996Z,30,sha256:c1ec7018222409886c5f1fb70da46ef17ce731b55446301066ec6ab08f7ede5b,LSPP,V39L;D40S;G41P;V54P,4,"[39,40,41,54]",,False,False,
random,2,3,random-s42-f02-al96-random-20260820T103525062996Z,31,sha256:981d3b139fb81903c299710130d020458c83f7f34b6a10505e31eea6f83d04f8,SKQN,V39S;D40K;G41Q;V54N,4,"[39,40,41,54]",,False,False,
random,2,3,random-s42-f02-al96-random-20260820T103525062996Z,32,sha256:0935ed592bbcb46cf806b4a93e9f8e294562dc738a9079f4a87f1502c26ec444,QEFA,V39Q;D40E;G41F;V54A,4,"[39,40,41,54]",,False,True,9
